date,product_id,product_name,category,region,units_sold,unit_price,market_trend_index,is_holiday,flu_alert_level,economic_index
2023-01-01,DRUG001,Atorvastatin 20mg,Pharmaceuticals,North America,1149,1.25,1.12,0,Low,96.56
2023-01-01,DRUG001,Atorvastatin 20mg,Pharmaceuticals,Europe,958,1.25,0.92,0,Medium,102.08
2023-01-01,DRUG002,Amoxicillin 500mg,Pharmaceuticals,North America,859,0.85,0.95,0,Low,100.25
2023-01-01,DRUG002,Amoxicillin 500mg,Pharmaceuticals,Europe,1162,0.85,1.03,0,Medium,96.39
2023-01-01,DRUG003,Insulin Glargine 10ml,Pharmaceuticals,North America,727,25.0,1.04,0,Low,100.14
2023-01-01,DRUG003,Insulin Glargine 10ml,Pharmaceuticals,Europe,576,25.0,1.08,0,Medium,96.71
2023-01-01,SUPP001,Surgical Masks Box,Medical Supplies,North America,819,10.0,1.11,0,Low,99.95
2023-01-01,SUPP001,Surgical Masks Box,Medical Supplies,Europe,912,10.0,0.91,1,Low,101.63
2023-01-01,SUPP002,Surgical Gloves Box,Medical Supplies,North America,1062,12.5,1.06,0,High,102.75
2023-01-01,SUPP002,Surgical Gloves Box,Medical Supplies,Europe,412,12.5,1.18,0,Medium,104.22
2023-01-02,DRUG001,Atorvastatin 20mg,Pharmaceuticals,North America,965,1.25,1.02,0,High,98.57
2023-01-02,DRUG001,Atorvastatin 20mg,Pharmaceuticals,Europe,909,1.25,0.98,0,Low,103.02
2023-01-02,DRUG002,Amoxicillin 500mg,Pharmaceuticals,North America,796,0.85,0.9,0,Medium,102.29
2023-01-02,DRUG002,Amoxicillin 500mg,Pharmaceuticals,Europe,1183,0.85,1.13,0,Low,96.16
2023-01-02,DRUG003,Insulin Glargine 10ml,Pharmaceuticals,North America,1099,25.0,1.0,0,Low,98.25
2023-01-02,DRUG003,Insulin Glargine 10ml,Pharmaceuticals,Europe,1292,25.0,1.12,0,High,99.72
2023-01-02,SUPP001,Surgical Masks Box,Medical Supplies,North America,1108,10.0,1.13,0,Medium,99.94
2023-01-02,SUPP001,Surgical Masks Box,Medical Supplies,Europe,806,10.0,1.06,0,Low,96.08
2023-01-02,SUPP002,Surgical Gloves Box,Medical Supplies,North America,1026,12.5,0.99,0,High,97.49
2023-01-02,SUPP002,Surgical Gloves Box,Medical Supplies,Europe,910,12.5,1.02,0,Low,95.77
2023-01-03,DRUG001,Atorvastatin 20mg,Pharmaceuticals,North America,757,1.25,1.18,0,Medium,103.71
2023-01-03,DRUG001,Atorvastatin 20mg,Pharmaceuticals,Europe,849,1.25,1.14,0,High,100.39
2023-01-03,DRUG002,Amoxicillin 500mg,Pharmaceuticals,North America,789,0.85,0.97,0,High,103.61
2023-01-03,DRUG002,Amoxicillin 500mg,Pharmaceuticals,Europe,901,0.85,0.9,0,Medium,97.22
2023-01-03,DRUG003,Insulin Glargine 10ml,Pharmaceuticals,North America,897,25.0,1.18,0,Medium,102.03
2023-01-03,DRUG003,Insulin Glargine 10ml,Pharmaceuticals,Europe,759,25.0,1.01,1,High,97.52
2023-01-03,SUPP001,Surgical Masks Box,Medical Supplies,North America,424,10.0,0.99,0,Medium,100.03
2023-01-03,SUPP001,Surgical Masks Box,Medical Supplies,Europe,992,10.0,0.92,0,High,97.4
2023-01-03,SUPP002,Surgical Gloves Box,Medical Supplies,North America,989,12.5,1.2,0,Medium,102.62
2023-01-03,SUPP002,Surgical Gloves Box,Medical Supplies,Europe,649,12.5,0.97,0,Low,101.32
2023-01-04,DRUG001,Atorvastatin 20mg,Pharmaceuticals,North America,1176,1.25,0.93,0,Low,96.87
2023-01-04,DRUG001,Atorvastatin 20mg,Pharmaceuticals,Europe,1657,1.25,0.91,0,Medium,95.17
2023-01-04,DRUG002,Amoxicillin 500mg,Pharmaceuticals,North America,534,0.85,1.09,0,Medium,98.87
2023-01-04,DRUG002,Amoxicillin 500mg,Pharmaceuticals,Europe,1020,0.85,1.18,0,Low,96.13
2023-01-04,DRUG003,Insulin Glargine 10ml,Pharmaceuticals,North America,1244,25.0,1.15,0,Medium,97.42
2023-01-04,DRUG003,Insulin Glargine 10ml,Pharmaceuticals,Europe,630,25.0,0.93,0,High,101.33
2023-01-04,SUPP001,Surgical Masks Box,Medical Supplies,North America,628,10.0,1.12,0,High,102.8
2023-01-04,SUPP001,Surgical Masks Box,Medical Supplies,Europe,603,10.0,1.09,0,Low,103.99
2023-01-04,SUPP002,Surgical Gloves Box,Medical Supplies,North America,1087,12.5,0.9,0,Medium,101.92
2023-01-04,SUPP002,Surgical Gloves Box,Medical Supplies,Europe,785,12.5,1.1,0,Medium,97.37
2023-01-05,DRUG001,Atorvastatin 20mg,Pharmaceuticals,North America,1347,1.25,1.09,0,Medium,100.68
2023-01-05,DRUG001,Atorvastatin 20mg,Pharmaceuticals,Europe,753,1.25,0.93,0,Low,97.44
2023-01-05,DRUG002,Amoxicillin 500mg,Pharmaceuticals,North America,976,0.85,1.17,0,Medium,100.03
2023-01-05,DRUG002,Amoxicillin 500mg,Pharmaceuticals,Europe,1102,0.85,1.07,0,Low,102.22
2023-01-05,DRUG003,Insulin Glargine 10ml,Pharmaceuticals,North America,678,25.0,1.18,1,High,98.7
2023-01-05,DRUG003,Insulin Glargine 10ml,Pharmaceuticals,Europe,1144,25.0,0.9,1,Medium,104.67
2023-01-05,SUPP001,Surgical Masks Box,Medical Supplies,North America,745,10.0,1.16,0,Low,100.57
2023-01-05,SUPP001,Surgical Masks Box,Medical Supplies,Europe,545,10.0,1.18,0,Medium,95.97
2023-01-05,SUPP002,Surgical Gloves Box,Medical Supplies,North America,1017,12.5,1.16,0,Medium,102.02
2023-01-05,SUPP002,Surgical Gloves Box,Medical Supplies,Europe,657,12.5,1.01,0,High,103.1
2023-01-06,DRUG001,Atorvastatin 20mg,Pharmaceuticals,North America,1154,1.25,1.14,0,Medium,102.96
2023-01-06,DRUG001,Atorvastatin 20mg,Pharmaceuticals,Europe,2155,1.25,1.17,0,Low,95.94
2023-01-06,DRUG002,Amoxicillin 500mg,Pharmaceuticals,North America,854,0.85,1.04,0,Low,100.91
2023-01-06,DRUG002,Amoxicillin 500mg,Pharmaceuticals,Europe,1024,0.85,0.91,0,High,98.6
2023-01-06,DRUG003,Insulin Glargine 10ml,Pharmaceuticals,North America,1019,25.0,1.13,0,Medium,95.85
2023-01-06,DRUG003,Insulin Glargine 10ml,Pharmaceuticals,Europe,676,25.0,0.92,0,Medium,101.37
2023-01-06,SUPP001,Surgical Masks Box,Medical Supplies,North America,392,10.0,1.14,0,Medium,95.78
2023-01-06,SUPP001,Surgical Masks Box,Medical Supplies,Europe,1055,10.0,0.91,1,High,101.96
2023-01-06,SUPP002,Surgical Gloves Box,Medical Supplies,North America,639,12.5,0.95,0,Medium,102.15
2023-01-06,SUPP002,Surgical Gloves Box,Medical Supplies,Europe,899,12.5,1.1,0,High,102.38
2023-01-07,DRUG001,Atorvastatin 20mg,Pharmaceuticals,North America,1636,1.25,1.03,0,Low,102.58
2023-01-07,DRUG001,Atorvastatin 20mg,Pharmaceuticals,Europe,1309,1.25,0.9,0,Low,95.41
2023-01-07,DRUG002,Amoxicillin 500mg,Pharmaceuticals,North America,1133,0.85,1.04,0,Medium,99.73
2023-01-07,DRUG002,Amoxicillin 500mg,Pharmaceuticals,Europe,1232,0.85,0.95,0,Low,101.16
2023-01-07,DRUG003,Insulin Glargine 10ml,Pharmaceuticals,North America,867,25.0,1.01,0,Medium,103.56
2023-01-07,DRUG003,Insulin Glargine 10ml,Pharmaceuticals,Europe,1039,25.0,1.1,0,Low,101.42
2023-01-07,SUPP001,Surgical Masks Box,Medical Supplies,North America,1020,10.0,1.18,0,Low,101.43
2023-01-07,SUPP001,Surgical Masks Box,Medical Supplies,Europe,884,10.0,1.04,0,High,98.86
2023-01-07,SUPP002,Surgical Gloves Box,Medical Supplies,North America,1084,12.5,0.92,0,High,95.23
2023-01-07,SUPP002,Surgical Gloves Box,Medical Supplies,Europe,813,12.5,1.14,0,Low,101.97
2023-01-08,DRUG001,Atorvastatin 20mg,Pharmaceuticals,North America,1269,1.25,1.12,0,Low,96.77
2023-01-08,DRUG001,Atorvastatin 20mg,Pharmaceuticals,Europe,1092,1.25,1.13,0,High,99.13
2023-01-08,DRUG002,Amoxicillin 500mg,Pharmaceuticals,North America,1383,0.85,1.0,1,High,99.29
2023-01-08,DRUG002,Amoxicillin 500mg,Pharmaceuticals,Europe,822,0.85,1.13,0,Low,104.03
2023-01-08,DRUG003,Insulin Glargine 10ml,Pharmaceuticals,North America,1391,25.0,1.0,0,Low,95.11
2023-01-08,DRUG003,Insulin Glargine 10ml,Pharmaceuticals,Europe,1006,25.0,1.17,0,Low,104.5
2023-01-08,SUPP001,Surgical Masks Box,Medical Supplies,North America,1029,10.0,1.09,0,Low,98.29
2023-01-08,SUPP001,Surgical Masks Box,Medical Supplies,Europe,1178,10.0,1.1,0,Medium,102.9
2023-01-08,SUPP002,Surgical Gloves Box,Medical Supplies,North America,996,12.5,0.92,0,Medium,103.88
2023-01-08,SUPP002,Surgical Gloves Box,Medical Supplies,Europe,730,12.5,1.01,0,Low,102.62
2023-01-09,DRUG001,Atorvastatin 20mg,Pharmaceuticals,North America,753,1.25,0.93,0,Low,103.22
2023-01-09,DRUG001,Atorvastatin 20mg,Pharmaceuticals,Europe,1073,1.25,1.11,0,Low,104.87
2023-01-09,DRUG002,Amoxicillin 500mg,Pharmaceuticals,North America,565,0.85,1.14,1,High,102.53
2023-01-09,DRUG002,Amoxicillin 500mg,Pharmaceuticals,Europe,577,0.85,1.01,0,Medium,100.58
2023-01-09,DRUG003,Insulin Glargine 10ml,Pharmaceuticals,North America,1257,25.0,0.93,0,Low,99.69
2023-01-09,DRUG003,Insulin Glargine 10ml,Pharmaceuticals,Europe,952,25.0,0.92,0,Low,101.49
2023-01-09,SUPP001,Surgical Masks Box,Medical Supplies,North America,1155,10.0,1.19,0,Low,103.69
2023-01-09,SUPP001,Surgical Masks Box,Medical Supplies,Europe,1459,10.0,0.97,1,Low,104.7
2023-01-09,SUPP002,Surgical Gloves Box,Medical Supplies,North America,1067,12.5,0.92,0,High,100.23
2023-01-09,SUPP002,Surgical Gloves Box,Medical Supplies,Europe,1003,12.5,1.09,0,Medium,101.28
2023-01-10,DRUG001,Atorvastatin 20mg,Pharmaceuticals,North America,1261,1.25,0.91,0,High,103.9
2023-01-10,DRUG001,Atorvastatin 20mg,Pharmaceuticals,Europe,1055,1.25,1.04,0,Low,96.88
2023-01-10,DRUG002,Amoxicillin 500mg,Pharmaceuticals,North America,362,0.85,1.08,0,High,104.86
2023-01-10,DRUG002,Amoxicillin 500mg,Pharmaceuticals,Europe,842,0.85,1.11,0,Low,103.14
2023-01-10,DRUG003,Insulin Glargine 10ml,Pharmaceuticals,North America,730,25.0,1.17,0,High,102.26
2023-01-10,DRUG003,Insulin Glargine 10ml,Pharmaceuticals,Europe,1147,25.0,1.08,0,High,103.66
2023-01-10,SUPP001,Surgical Masks Box,Medical Supplies,North America,1353,10.0,1.2,0,Medium,98.81
2023-01-10,SUPP001,Surgical Masks Box,Medical Supplies,Europe,859,10.0,1.19,0,High,99.69
2023-01-10,SUPP002,Surgical Gloves Box,Medical Supplies,North America,521,12.5,0.92,0,High,105.0
2023-01-10,SUPP002,Surgical Gloves Box,Medical Supplies,Europe,820,12.5,1.2,0,Medium,104.45
2023-01-11,DRUG001,Atorvastatin 20mg,Pharmaceuticals,North America,864,1.25,1.04,0,High,101.06
2023-01-11,DRUG001,Atorvastatin 20mg,Pharmaceuticals,Europe,1186,1.25,0.97,0,Medium,98.58
2023-01-11,DRUG002,Amoxicillin 500mg,Pharmaceuticals,North America,1099,0.85,1.06,0,Medium,103.52
2023-01-11,DRUG002,Amoxicillin 500mg,Pharmaceuticals,Europe,775,0.85,1.07,0,High,99.03
2023-01-11,DRUG003,Insulin Glargine 10ml,Pharmaceuticals,North America,1193,25.0,1.11,0,Low,95.15
2023-01-11,DRUG003,Insulin Glargine 10ml,Pharmaceuticals,Europe,1410,25.0,1.01,0,Low,99.37
2023-01-11,SUPP001,Surgical Masks Box,Medical Supplies,North America,919,10.0,1.05,0,Low,101.22
2023-01-11,SUPP001,Surgical Masks Box,Medical Supplies,Europe,1215,10.0,1.16,1,Low,104.27
2023-01-11,SUPP002,Surgical Gloves Box,Medical Supplies,North America,488,12.5,1.04,1,Medium,98.29
2023-01-11,SUPP002,Surgical Gloves Box,Medical Supplies,Europe,983,12.5,1.09,0,Low,96.29
2023-01-12,DRUG001,Atorvastatin 20mg,Pharmaceuticals,North America,1109,1.25,0.95,0,High,99.74
2023-01-12,DRUG001,Atorvastatin 20mg,Pharmaceuticals,Europe,718,1.25,1.1,0,Low,95.41
2023-01-12,DRUG002,Amoxicillin 500mg,Pharmaceuticals,North America,840,0.85,0.95,0,Low,99.61
2023-01-12,DRUG002,Amoxicillin 500mg,Pharmaceuticals,Europe,762,0.85,0.96,0,Medium,101.9
2023-01-12,DRUG003,Insulin Glargine 10ml,Pharmaceuticals,North America,790,25.0,1.16,1,Low,97.77
2023-01-12,DRUG003,Insulin Glargine 10ml,Pharmaceuticals,Europe,1064,25.0,1.14,0,Low,97.09
2023-01-12,SUPP001,Surgical Masks Box,Medical Supplies,North America,917,10.0,1.09,0,Medium,102.47
2023-01-12,SUPP001,Surgical Masks Box,Medical Supplies,Europe,309,10.0,0.91,0,Medium,103.95
2023-01-12,SUPP002,Surgical Gloves Box,Medical Supplies,North America,1923,12.5,0.93,0,Medium,97.42
2023-01-12,SUPP002,Surgical Gloves Box,Medical Supplies,Europe,1335,12.5,0.98,0,Low,98.22
2023-01-13,DRUG001,Atorvastatin 20mg,Pharmaceuticals,North America,806,1.25,0.94,0,Medium,101.79
2023-01-13,DRUG001,Atorvastatin 20mg,Pharmaceuticals,Europe,675,1.25,1.14,0,Low,100.37
2023-01-13,DRUG002,Amoxicillin 500mg,Pharmaceuticals,North America,1456,0.85,1.03,0,Low,98.63
2023-01-13,DRUG002,Amoxicillin 500mg,Pharmaceuticals,Europe,1161,0.85,1.09,0,Low,104.87
2023-01-13,DRUG003,Insulin Glargine 10ml,Pharmaceuticals,North America,580,25.0,0.93,0,Low,96.61
2023-01-13,DRUG003,Insulin Glargine 10ml,Pharmaceuticals,Europe,1168,25.0,0.96,0,Low,103.97
2023-01-13,SUPP001,Surgical Masks Box,Medical Supplies,North America,1014,10.0,1.02,1,Low,98.98
2023-01-13,SUPP001,Surgical Masks Box,Medical Supplies,Europe,750,10.0,1.19,0,High,97.58
2023-01-13,SUPP002,Surgical Gloves Box,Medical Supplies,North America,1150,12.5,1.18,0,Medium,97.8
2023-01-13,SUPP002,Surgical Gloves Box,Medical Supplies,Europe,706,12.5,1.13,0,Low,99.25
2023-01-14,DRUG001,Atorvastatin 20mg,Pharmaceuticals,North America,511,1.25,0.93,0,Low,100.81
2023-01-14,DRUG001,Atorvastatin 20mg,Pharmaceuticals,Europe,1014,1.25,0.95,0,Medium,95.52
2023-01-14,DRUG002,Amoxicillin 500mg,Pharmaceuticals,North America,741,0.85,0.92,1,Low,103.1
2023-01-14,DRUG002,Amoxicillin 500mg,Pharmaceuticals,Europe,884,0.85,0.98,0,Medium,100.96
2023-01-14,DRUG003,Insulin Glargine 10ml,Pharmaceuticals,North America,258,25.0,1.0,1,High,104.65
2023-01-14,DRUG003,Insulin Glargine 10ml,Pharmaceuticals,Europe,760,25.0,0.94,0,High,96.81
2023-01-14,SUPP001,Surgical Masks Box,Medical Supplies,North America,1025,10.0,1.07,0,Low,102.95
2023-01-14,SUPP001,Surgical Masks Box,Medical Supplies,Europe,953,10.0,0.96,0,Low,103.15
2023-01-14,SUPP002,Surgical Gloves Box,Medical Supplies,North America,1086,12.5,1.01,0,Low,103.17
2023-01-14,SUPP002,Surgical Gloves Box,Medical Supplies,Europe,1622,12.5,1.03,0,Medium,98.01
2023-01-15,DRUG001,Atorvastatin 20mg,Pharmaceuticals,North America,1005,1.25,0.97,0,Low,100.44
2023-01-15,DRUG001,Atorvastatin 20mg,Pharmaceuticals,Europe,1502,1.25,1.17,0,Low,104.4
2023-01-15,DRUG002,Amoxicillin 500mg,Pharmaceuticals,North America,556,0.85,0.94,0,Medium,100.33
2023-01-15,DRUG002,Amoxicillin 500mg,Pharmaceuticals,Europe,1343,0.85,1.17,0,Low,98.12
2023-01-15,DRUG003,Insulin Glargine 10ml,Pharmaceuticals,North America,1249,25.0,0.91,0,Medium,103.77
2023-01-15,DRUG003,Insulin Glargine 10ml,Pharmaceuticals,Europe,743,25.0,1.0,0,Low,103.46
2023-01-15,SUPP001,Surgical Masks Box,Medical Supplies,North America,919,10.0,1.14,0,Low,102.22
2023-01-15,SUPP001,Surgical Masks Box,Medical Supplies,Europe,706,10.0,1.12,0,Medium,100.43
2023-01-15,SUPP002,Surgical Gloves Box,Medical Supplies,North America,767,12.5,0.95,1,Medium,99.01
2023-01-15,SUPP002,Surgical Gloves Box,Medical Supplies,Europe,626,12.5,1.04,1,Low,100.86
2023-01-16,DRUG001,Atorvastatin 20mg,Pharmaceuticals,North America,1733,1.25,0.91,0,High,100.65
2023-01-16,DRUG001,Atorvastatin 20mg,Pharmaceuticals,Europe,1038,1.25,1.11,1,Medium,96.53
2023-01-16,DRUG002,Amoxicillin 500mg,Pharmaceuticals,North America,1564,0.85,1.03,0,High,104.26
2023-01-16,DRUG002,Amoxicillin 500mg,Pharmaceuticals,Europe,1403,0.85,1.04,0,High,103.39
2023-01-16,DRUG003,Insulin Glargine 10ml,Pharmaceuticals,North America,1016,25.0,1.08,0,Low,98.35
2023-01-16,DRUG003,Insulin Glargine 10ml,Pharmaceuticals,Europe,1328,25.0,1.14,0,Low,98.98
2023-01-16,SUPP001,Surgical Masks Box,Medical Supplies,North America,1246,10.0,1.0,0,Medium,99.52
2023-01-16,SUPP001,Surgical Masks Box,Medical Supplies,Europe,1021,10.0,0.97,0,Low,96.76
2023-01-16,SUPP002,Surgical Gloves Box,Medical Supplies,North America,190,12.5,1.17,0,Medium,101.32
2023-01-16,SUPP002,Surgical Gloves Box,Medical Supplies,Europe,983,12.5,0.9,0,Low,104.61
2023-01-17,DRUG001,Atorvastatin 20mg,Pharmaceuticals,North America,919,1.25,0.93,1,Medium,100.95
2023-01-17,DRUG001,Atorvastatin 20mg,Pharmaceuticals,Europe,668,1.25,0.92,0,Low,103.98
2023-01-17,DRUG002,Amoxicillin 500mg,Pharmaceuticals,North America,827,0.85,0.91,0,Medium,95.66
2023-01-17,DRUG002,Amoxicillin 500mg,Pharmaceuticals,Europe,835,0.85,1.13,0,Medium,99.41
2023-01-17,DRUG003,Insulin Glargine 10ml,Pharmaceuticals,North America,1373,25.0,0.95,0,High,104.46
2023-01-17,DRUG003,Insulin Glargine 10ml,Pharmaceuticals,Europe,377,25.0,1.01,0,Medium,99.09
2023-01-17,SUPP001,Surgical Masks Box,Medical Supplies,North America,1280,10.0,0.91,0,Low,101.72
2023-01-17,SUPP001,Surgical Masks Box,Medical Supplies,Europe,1381,10.0,0.91,0,Medium,96.79
2023-01-17,SUPP002,Surgical Gloves Box,Medical Supplies,North America,633,12.5,0.93,0,Medium,103.56
2023-01-17,SUPP002,Surgical Gloves Box,Medical Supplies,Europe,1213,12.5,1.15,0,Medium,97.05
2023-01-18,DRUG001,Atorvastatin 20mg,Pharmaceuticals,North America,1177,1.25,0.9,0,Low,95.27
2023-01-18,DRUG001,Atorvastatin 20mg,Pharmaceuticals,Europe,907,1.25,0.95,0,Medium,103.93
2023-01-18,DRUG002,Amoxicillin 500mg,Pharmaceuticals,North America,843,0.85,0.98,0,Medium,97.68
2023-01-18,DRUG002,Amoxicillin 500mg,Pharmaceuticals,Europe,1314,0.85,1.09,0,Medium,99.36
2023-01-18,DRUG003,Insulin Glargine 10ml,Pharmaceuticals,North America,1063,25.0,1.13,0,High,99.87
2023-01-18,DRUG003,Insulin Glargine 10ml,Pharmaceuticals,Europe,970,25.0,1.17,0,Medium,95.22
2023-01-18,SUPP001,Surgical Masks Box,Medical Supplies,North America,1092,10.0,1.09,0,Low,103.35
2023-01-18,SUPP001,Surgical Masks Box,Medical Supplies,Europe,486,10.0,1.2,0,Low,97.72
2023-01-18,SUPP002,Surgical Gloves Box,Medical Supplies,North America,1058,12.5,0.98,0,Medium,103.3
2023-01-18,SUPP002,Surgical Gloves Box,Medical Supplies,Europe,706,12.5,0.96,0,Low,104.0
2023-01-19,DRUG001,Atorvastatin 20mg,Pharmaceuticals,North America,1076,1.25,1.08,0,Low,104.14
2023-01-19,DRUG001,Atorvastatin 20mg,Pharmaceuticals,Europe,1294,1.25,1.03,0,Medium,95.47
2023-01-19,DRUG002,Amoxicillin 500mg,Pharmaceuticals,North America,1155,0.85,0.92,0,Low,98.89
2023-01-19,DRUG002,Amoxicillin 500mg,Pharmaceuticals,Europe,782,0.85,0.99,0,Medium,97.97
2023-01-19,DRUG003,Insulin Glargine 10ml,Pharmaceuticals,North America,715,25.0,1.1,1,Medium,97.15
2023-01-19,DRUG003,Insulin Glargine 10ml,Pharmaceuticals,Europe,1789,25.0,0.91,0,Medium,95.51
2023-01-19,SUPP001,Surgical Masks Box,Medical Supplies,North America,1768,10.0,1.0,0,Low,95.75
2023-01-19,SUPP001,Surgical Masks Box,Medical Supplies,Europe,971,10.0,1.12,0,Medium,99.35
2023-01-19,SUPP002,Surgical Gloves Box,Medical Supplies,North America,1212,12.5,1.14,0,Low,100.9
2023-01-19,SUPP002,Surgical Gloves Box,Medical Supplies,Europe,831,12.5,1.01,0,High,96.37
2023-01-20,DRUG001,Atorvastatin 20mg,Pharmaceuticals,North America,977,1.25,0.96,0,High,102.32
2023-01-20,DRUG001,Atorvastatin 20mg,Pharmaceuticals,Europe,1186,1.25,1.14,0,Medium,103.49
2023-01-20,DRUG002,Amoxicillin 500mg,Pharmaceuticals,North America,978,0.85,0.97,1,High,95.39
2023-01-20,DRUG002,Amoxicillin 500mg,Pharmaceuticals,Europe,501,0.85,1.11,1,Low,100.68
2023-01-20,DRUG003,Insulin Glargine 10ml,Pharmaceuticals,North America,675,25.0,1.18,1,High,99.74
2023-01-20,DRUG003,Insulin Glargine 10ml,Pharmaceuticals,Europe,1315,25.0,1.16,0,Low,103.29
2023-01-20,SUPP001,Surgical Masks Box,Medical Supplies,North America,1028,10.0,0.97,0,Low,101.96
2023-01-20,SUPP001,Surgical Masks Box,Medical Supplies,Europe,861,10.0,1.0,0,Low,98.15
2023-01-20,SUPP002,Surgical Gloves Box,Medical Supplies,North America,1434,12.5,1.0,0,High,101.16
2023-01-20,SUPP002,Surgical Gloves Box,Medical Supplies,Europe,1058,12.5,0.97,0,High,95.21
2023-01-21,DRUG001,Atorvastatin 20mg,Pharmaceuticals,North America,1024,1.25,1.18,0,High,98.51
2023-01-21,DRUG001,Atorvastatin 20mg,Pharmaceuticals,Europe,1319,1.25,1.13,0,Medium,101.28
2023-01-21,DRUG002,Amoxicillin 500mg,Pharmaceuticals,North America,866,0.85,1.03,0,Low,96.1
2023-01-21,DRUG002,Amoxicillin 500mg,Pharmaceuticals,Europe,1436,0.85,1.01,0,Low,97.34
2023-01-21,DRUG003,Insulin Glargine 10ml,Pharmaceuticals,North America,989,25.0,1.02,0,Low,104.5
2023-01-21,DRUG003,Insulin Glargine 10ml,Pharmaceuticals,Europe,1070,25.0,1.14,0,Medium,103.79
2023-01-21,SUPP001,Surgical Masks Box,Medical Supplies,North America,985,10.0,1.08,0,High,97.32
2023-01-21,SUPP001,Surgical Masks Box,Medical Supplies,Europe,1202,10.0,1.18,0,Medium,100.13
2023-01-21,SUPP002,Surgical Gloves Box,Medical Supplies,North America,808,12.5,0.97,0,Medium,98.5
2023-01-21,SUPP002,Surgical Gloves Box,Medical Supplies,Europe,840,12.5,0.92,1,High,104.28
2023-01-22,DRUG001,Atorvastatin 20mg,Pharmaceuticals,North America,1426,1.25,1.11,0,High,97.24
2023-01-22,DRUG001,Atorvastatin 20mg,Pharmaceuticals,Europe,828,1.25,0.97,0,Medium,100.8
2023-01-22,DRUG002,Amoxicillin 500mg,Pharmaceuticals,North America,816,0.85,1.17,1,High,103.1
2023-01-22,DRUG002,Amoxicillin 500mg,Pharmaceuticals,Europe,883,0.85,1.1,0,Low,99.08
2023-01-22,DRUG003,Insulin Glargine 10ml,Pharmaceuticals,North America,586,25.0,1.12,0,Low,97.2
2023-01-22,DRUG003,Insulin Glargine 10ml,Pharmaceuticals,Europe,780,25.0,1.1,0,High,99.95
2023-01-22,SUPP001,Surgical Masks Box,Medical Supplies,North America,1758,10.0,1.15,0,Medium,100.66
2023-01-22,SUPP001,Surgical Masks Box,Medical Supplies,Europe,840,10.0,0.98,0,Medium,101.58
2023-01-22,SUPP002,Surgical Gloves Box,Medical Supplies,North America,1246,12.5,1.11,0,Medium,102.53
2023-01-22,SUPP002,Surgical Gloves Box,Medical Supplies,Europe,1152,12.5,0.95,0,High,95.29
2023-01-23,DRUG001,Atorvastatin 20mg,Pharmaceuticals,North America,949,1.25,1.0,0,Low,103.18
2023-01-23,DRUG001,Atorvastatin 20mg,Pharmaceuticals,Europe,1044,1.25,1.15,0,Low,97.87
2023-01-23,DRUG002,Amoxicillin 500mg,Pharmaceuticals,North America,1057,0.85,1.09,0,Medium,100.4
2023-01-23,DRUG002,Amoxicillin 500mg,Pharmaceuticals,Europe,1013,0.85,1.13,0,Medium,100.41
2023-01-23,DRUG003,Insulin Glargine 10ml,Pharmaceuticals,North America,971,25.0,1.09,1,Low,104.37
2023-01-23,DRUG003,Insulin Glargine 10ml,Pharmaceuticals,Europe,1083,25.0,1.11,0,Low,102.08
2023-01-23,SUPP001,Surgical Masks Box,Medical Supplies,North America,1039,10.0,1.0,0,Low,103.72
2023-01-23,SUPP001,Surgical Masks Box,Medical Supplies,Europe,789,10.0,1.19,1,Medium,96.3
2023-01-23,SUPP002,Surgical Gloves Box,Medical Supplies,North America,1469,12.5,1.1,0,Low,104.97
2023-01-23,SUPP002,Surgical Gloves Box,Medical Supplies,Europe,980,12.5,1.03,0,Low,102.95
2023-01-24,DRUG001,Atorvastatin 20mg,Pharmaceuticals,North America,693,1.25,0.92,0,Medium,97.73
2023-01-24,DRUG001,Atorvastatin 20mg,Pharmaceuticals,Europe,1212,1.25,1.19,0,Medium,104.44
2023-01-24,DRUG002,Amoxicillin 500mg,Pharmaceuticals,North America,1553,0.85,1.02,0,High,99.09
2023-01-24,DRUG002,Amoxicillin 500mg,Pharmaceuticals,Europe,678,0.85,1.17,0,Low,95.31
2023-01-24,DRUG003,Insulin Glargine 10ml,Pharmaceuticals,North America,624,25.0,1.16,0,High,96.86
2023-01-24,DRUG003,Insulin Glargine 10ml,Pharmaceuticals,Europe,1433,25.0,1.16,0,Medium,103.45
2023-01-24,SUPP001,Surgical Masks Box,Medical Supplies,North America,1192,10.0,0.94,0,High,101.17
2023-01-24,SUPP001,Surgical Masks Box,Medical Supplies,Europe,1398,10.0,1.14,0,Low,96.25
2023-01-24,SUPP002,Surgical Gloves Box,Medical Supplies,North America,797,12.5,0.96,0,Low,100.82
2023-01-24,SUPP002,Surgical Gloves Box,Medical Supplies,Europe,1540,12.5,0.98,0,Low,99.55
2023-01-25,DRUG001,Atorvastatin 20mg,Pharmaceuticals,North America,864,1.25,1.08,0,Medium,103.6
2023-01-25,DRUG001,Atorvastatin 20mg,Pharmaceuticals,Europe,272,1.25,1.13,0,Medium,96.05
2023-01-25,DRUG002,Amoxicillin 500mg,Pharmaceuticals,North America,998,0.85,1.09,0,Medium,95.1
2023-01-25,DRUG002,Amoxicillin 500mg,Pharmaceuticals,Europe,652,0.85,1.0,0,Low,98.51
2023-01-25,DRUG003,Insulin Glargine 10ml,Pharmaceuticals,North America,699,25.0,1.07,0,High,97.0
2023-01-25,DRUG003,Insulin Glargine 10ml,Pharmaceuticals,Europe,915,25.0,0.95,0,Medium,102.06
2023-01-25,SUPP001,Surgical Masks Box,Medical Supplies,North America,1017,10.0,1.11,0,Medium,103.02
2023-01-25,SUPP001,Surgical Masks Box,Medical Supplies,Europe,805,10.0,1.0,0,Low,103.95
2023-01-25,SUPP002,Surgical Gloves Box,Medical Supplies,North America,1395,12.5,1.04,0,Medium,102.32
2023-01-25,SUPP002,Surgical Gloves Box,Medical Supplies,Europe,1059,12.5,0.92,0,Low,96.6
2023-01-26,DRUG001,Atorvastatin 20mg,Pharmaceuticals,North America,903,1.25,1.19,0,Low,102.9
2023-01-26,DRUG001,Atorvastatin 20mg,Pharmaceuticals,Europe,1127,1.25,1.1,0,Medium,102.19
2023-01-26,DRUG002,Amoxicillin 500mg,Pharmaceuticals,North America,1011,0.85,0.96,0,Low,95.31
2023-01-26,DRUG002,Amoxicillin 500mg,Pharmaceuticals,Europe,1036,0.85,0.98,0,High,102.27
2023-01-26,DRUG003,Insulin Glargine 10ml,Pharmaceuticals,North America,855,25.0,1.0,0,High,95.4
2023-01-26,DRUG003,Insulin Glargine 10ml,Pharmaceuticals,Europe,1472,25.0,1.16,0,Medium,102.25
2023-01-26,SUPP001,Surgical Masks Box,Medical Supplies,North America,1323,10.0,1.17,0,Low,100.92
2023-01-26,SUPP001,Surgical Masks Box,Medical Supplies,Europe,988,10.0,1.17,0,Medium,101.32
2023-01-26,SUPP002,Surgical Gloves Box,Medical Supplies,North America,812,12.5,1.11,1,Low,97.38
2023-01-26,SUPP002,Surgical Gloves Box,Medical Supplies,Europe,1118,12.5,1.19,0,High,99.92
2023-01-27,DRUG001,Atorvastatin 20mg,Pharmaceuticals,North America,1163,1.25,1.03,0,Low,100.93
2023-01-27,DRUG001,Atorvastatin 20mg,Pharmaceuticals,Europe,888,1.25,0.95,0,High,97.58
2023-01-27,DRUG002,Amoxicillin 500mg,Pharmaceuticals,North America,611,0.85,1.13,0,High,99.54
2023-01-27,DRUG002,Amoxicillin 500mg,Pharmaceuticals,Europe,1348,0.85,0.97,0,Low,100.2
2023-01-27,DRUG003,Insulin Glargine 10ml,Pharmaceuticals,North America,1298,25.0,1.03,0,Medium,102.07
2023-01-27,DRUG003,Insulin Glargine 10ml,Pharmaceuticals,Europe,851,25.0,0.95,0,Low,102.36
2023-01-27,SUPP001,Surgical Masks Box,Medical Supplies,North America,903,10.0,1.15,0,Medium,103.68
2023-01-27,SUPP001,Surgical Masks Box,Medical Supplies,Europe,1623,10.0,0.96,0,Low,95.57
2023-01-27,SUPP002,Surgical Gloves Box,Medical Supplies,North America,1218,12.5,0.91,0,Medium,104.34
2023-01-27,SUPP002,Surgical Gloves Box,Medical Supplies,Europe,1015,12.5,0.99,0,Low,96.48
2023-01-28,DRUG001,Atorvastatin 20mg,Pharmaceuticals,North America,1274,1.25,1.04,0,Medium,101.67
2023-01-28,DRUG001,Atorvastatin 20mg,Pharmaceuticals,Europe,1103,1.25,0.94,0,Low,102.05
2023-01-28,DRUG002,Amoxicillin 500mg,Pharmaceuticals,North America,1183,0.85,1.19,0,Medium,99.44
2023-01-28,DRUG002,Amoxicillin 500mg,Pharmaceuticals,Europe,683,0.85,1.16,0,Medium,103.38
2023-01-28,DRUG003,Insulin Glargine 10ml,Pharmaceuticals,North America,1045,25.0,1.05,0,High,100.71
2023-01-28,DRUG003,Insulin Glargine 10ml,Pharmaceuticals,Europe,1109,25.0,0.91,1,Medium,101.77
2023-01-28,SUPP001,Surgical Masks Box,Medical Supplies,North America,1191,10.0,1.02,0,Low,101.58
2023-01-28,SUPP001,Surgical Masks Box,Medical Supplies,Europe,657,10.0,1.2,0,High,99.07
2023-01-28,SUPP002,Surgical Gloves Box,Medical Supplies,North America,1096,12.5,1.07,0,High,99.04
2023-01-28,SUPP002,Surgical Gloves Box,Medical Supplies,Europe,1126,12.5,1.0,0,High,102.62
2023-01-29,DRUG001,Atorvastatin 20mg,Pharmaceuticals,North America,910,1.25,1.15,0,Medium,95.06
2023-01-29,DRUG001,Atorvastatin 20mg,Pharmaceuticals,Europe,1412,1.25,1.0,0,Low,101.95
2023-01-29,DRUG002,Amoxicillin 500mg,Pharmaceuticals,North America,702,0.85,0.97,0,Low,95.73
2023-01-29,DRUG002,Amoxicillin 500mg,Pharmaceuticals,Europe,353,0.85,1.08,0,Medium,99.63
2023-01-29,DRUG003,Insulin Glargine 10ml,Pharmaceuticals,North America,1294,25.0,1.06,0,Low,98.41
2023-01-29,DRUG003,Insulin Glargine 10ml,Pharmaceuticals,Europe,902,25.0,1.01,0,Medium,100.34
2023-01-29,SUPP001,Surgical Masks Box,Medical Supplies,North America,1415,10.0,1.14,0,High,95.18
2023-01-29,SUPP001,Surgical Masks Box,Medical Supplies,Europe,1169,10.0,0.96,0,Medium,103.98
2023-01-29,SUPP002,Surgical Gloves Box,Medical Supplies,North America,1031,12.5,0.92,1,Low,96.01
2023-01-29,SUPP002,Surgical Gloves Box,Medical Supplies,Europe,981,12.5,1.05,0,Low,98.07
2023-01-30,DRUG001,Atorvastatin 20mg,Pharmaceuticals,North America,1053,1.25,0.99,0,Medium,97.73
2023-01-30,DRUG001,Atorvastatin 20mg,Pharmaceuticals,Europe,1417,1.25,1.02,0,Low,101.81
2023-01-30,DRUG002,Amoxicillin 500mg,Pharmaceuticals,North America,1031,0.85,1.11,0,Medium,97.57
2023-01-30,DRUG002,Amoxicillin 500mg,Pharmaceuticals,Europe,599,0.85,1.19,0,High,100.5
2023-01-30,DRUG003,Insulin Glargine 10ml,Pharmaceuticals,North America,1037,25.0,1.19,0,High,103.84
2023-01-30,DRUG003,Insulin Glargine 10ml,Pharmaceuticals,Europe,871,25.0,0.97,0,Medium,99.11
2023-01-30,SUPP001,Surgical Masks Box,Medical Supplies,North America,626,10.0,1.13,0,High,99.24
2023-01-30,SUPP001,Surgical Masks Box,Medical Supplies,Europe,792,10.0,1.1,0,Medium,99.52
2023-01-30,SUPP002,Surgical Gloves Box,Medical Supplies,North America,643,12.5,1.12,0,Low,95.96
2023-01-30,SUPP002,Surgical Gloves Box,Medical Supplies,Europe,1092,12.5,0.91,0,Medium,100.47
2023-01-31,DRUG001,Atorvastatin 20mg,Pharmaceuticals,North America,832,1.25,1.08,0,High,96.36
2023-01-31,DRUG001,Atorvastatin 20mg,Pharmaceuticals,Europe,589,1.25,1.11,0,Medium,102.18
2023-01-31,DRUG002,Amoxicillin 500mg,Pharmaceuticals,North America,1170,0.85,0.98,0,Low,103.94
2023-01-31,DRUG002,Amoxicillin 500mg,Pharmaceuticals,Europe,1488,0.85,0.96,0,Low,98.55
2023-01-31,DRUG003,Insulin Glargine 10ml,Pharmaceuticals,North America,1010,25.0,0.92,0,Low,100.4
2023-01-31,DRUG003,Insulin Glargine 10ml,Pharmaceuticals,Europe,769,25.0,1.16,0,Medium,98.24
2023-01-31,SUPP001,Surgical Masks Box,Medical Supplies,North America,1368,10.0,1.2,0,Medium,102.31
2023-01-31,SUPP001,Surgical Masks Box,Medical Supplies,Europe,637,10.0,1.04,0,Medium,104.58
2023-01-31,SUPP002,Surgical Gloves Box,Medical Supplies,North America,1161,12.5,0.96,0,Low,99.5
2023-01-31,SUPP002,Surgical Gloves Box,Medical Supplies,Europe,723,12.5,1.13,0,Medium,102.95
2023-02-01,DRUG001,Atorvastatin 20mg,Pharmaceuticals,North America,672,1.25,1.2,1,Medium,103.42
2023-02-01,DRUG001,Atorvastatin 20mg,Pharmaceuticals,Europe,905,1.25,1.06,0,Low,102.55
2023-02-01,DRUG002,Amoxicillin 500mg,Pharmaceuticals,North America,1040,0.85,1.13,0,Low,98.03
2023-02-01,DRUG002,Amoxicillin 500mg,Pharmaceuticals,Europe,954,0.85,0.98,0,Low,104.37
2023-02-01,DRUG003,Insulin Glargine 10ml,Pharmaceuticals,North America,449,25.0,1.02,0,Medium,100.16
2023-02-01,DRUG003,Insulin Glargine 10ml,Pharmaceuticals,Europe,1152,25.0,1.18,0,High,103.51
2023-02-01,SUPP001,Surgical Masks Box,Medical Supplies,North America,1024,10.0,1.01,0,High,103.06
2023-02-01,SUPP001,Surgical Masks Box,Medical Supplies,Europe,970,10.0,1.14,0,Low,99.03
2023-02-01,SUPP002,Surgical Gloves Box,Medical Supplies,North America,1160,12.5,1.0,1,Medium,103.22
2023-02-01,SUPP002,Surgical Gloves Box,Medical Supplies,Europe,730,12.5,0.94,0,High,99.87
2023-02-02,DRUG001,Atorvastatin 20mg,Pharmaceuticals,North America,1417,1.25,0.95,0,Low,96.46
2023-02-02,DRUG001,Atorvastatin 20mg,Pharmaceuticals,Europe,1167,1.25,1.01,0,Low,96.35
2023-02-02,DRUG002,Amoxicillin 500mg,Pharmaceuticals,North America,1016,0.85,1.19,0,Low,100.06
2023-02-02,DRUG002,Amoxicillin 500mg,Pharmaceuticals,Europe,1158,0.85,1.03,0,Medium,97.16
2023-02-02,DRUG003,Insulin Glargine 10ml,Pharmaceuticals,North America,1459,25.0,0.95,0,Medium,99.6
2023-02-02,DRUG003,Insulin Glargine 10ml,Pharmaceuticals,Europe,1365,25.0,0.92,1,Low,101.95
2023-02-02,SUPP001,Surgical Masks Box,Medical Supplies,North America,815,10.0,1.11,0,Medium,104.97
2023-02-02,SUPP001,Surgical Masks Box,Medical Supplies,Europe,909,10.0,1.14,0,Low,101.24
2023-02-02,SUPP002,Surgical Gloves Box,Medical Supplies,North America,233,12.5,0.94,0,Medium,96.95
2023-02-02,SUPP002,Surgical Gloves Box,Medical Supplies,Europe,1280,12.5,1.01,0,High,102.34
2023-02-03,DRUG001,Atorvastatin 20mg,Pharmaceuticals,North America,827,1.25,0.91,0,Medium,96.37
2023-02-03,DRUG001,Atorvastatin 20mg,Pharmaceuticals,Europe,222,1.25,1.06,0,Low,97.41
2023-02-03,DRUG002,Amoxicillin 500mg,Pharmaceuticals,North America,995,0.85,0.93,0,Medium,103.44
2023-02-03,DRUG002,Amoxicillin 500mg,Pharmaceuticals,Europe,1173,0.85,0.93,0,Low,98.25
2023-02-03,DRUG003,Insulin Glargine 10ml,Pharmaceuticals,North America,948,25.0,1.01,0,Medium,102.85
2023-02-03,DRUG003,Insulin Glargine 10ml,Pharmaceuticals,Europe,1513,25.0,1.17,1,Medium,98.15
2023-02-03,SUPP001,Surgical Masks Box,Medical Supplies,North America,818,10.0,0.98,0,Low,104.02
2023-02-03,SUPP001,Surgical Masks Box,Medical Supplies,Europe,1547,10.0,1.04,0,Medium,103.95
2023-02-03,SUPP002,Surgical Gloves Box,Medical Supplies,North America,1390,12.5,0.92,0,Low,102.37
2023-02-03,SUPP002,Surgical Gloves Box,Medical Supplies,Europe,1468,12.5,1.05,0,Low,95.85
2023-02-04,DRUG001,Atorvastatin 20mg,Pharmaceuticals,North America,890,1.25,0.92,0,High,102.38
2023-02-04,DRUG001,Atorvastatin 20mg,Pharmaceuticals,Europe,1055,1.25,1.01,0,Low,102.75
2023-02-04,DRUG002,Amoxicillin 500mg,Pharmaceuticals,North America,685,0.85,0.95,0,Medium,102.64
2023-02-04,DRUG002,Amoxicillin 500mg,Pharmaceuticals,Europe,1160,0.85,0.98,0,Low,104.68
2023-02-04,DRUG003,Insulin Glargine 10ml,Pharmaceuticals,North America,1298,25.0,1.09,0,Low,96.21
2023-02-04,DRUG003,Insulin Glargine 10ml,Pharmaceuticals,Europe,772,25.0,1.08,0,Medium,100.3
2023-02-04,SUPP001,Surgical Masks Box,Medical Supplies,North America,806,10.0,1.19,0,Medium,102.48
2023-02-04,SUPP001,Surgical Masks Box,Medical Supplies,Europe,1278,10.0,1.14,0,Low,98.38
2023-02-04,SUPP002,Surgical Gloves Box,Medical Supplies,North America,686,12.5,1.03,0,High,97.41
2023-02-04,SUPP002,Surgical Gloves Box,Medical Supplies,Europe,410,12.5,0.94,0,High,101.46
2023-02-05,DRUG001,Atorvastatin 20mg,Pharmaceuticals,North America,1258,1.25,1.16,0,High,97.52
2023-02-05,DRUG001,Atorvastatin 20mg,Pharmaceuticals,Europe,825,1.25,1.13,0,High,102.28
2023-02-05,DRUG002,Amoxicillin 500mg,Pharmaceuticals,North America,1198,0.85,0.95,0,High,104.37
2023-02-05,DRUG002,Amoxicillin 500mg,Pharmaceuticals,Europe,1352,0.85,0.91,0,Low,102.26
2023-02-05,DRUG003,Insulin Glargine 10ml,Pharmaceuticals,North America,841,25.0,1.05,0,Medium,100.42
2023-02-05,DRUG003,Insulin Glargine 10ml,Pharmaceuticals,Europe,1175,25.0,1.08,0,Low,100.65
2023-02-05,SUPP001,Surgical Masks Box,Medical Supplies,North America,1226,10.0,1.09,0,Low,99.62
2023-02-05,SUPP001,Surgical Masks Box,Medical Supplies,Europe,1114,10.0,0.9,0,Medium,104.92
2023-02-05,SUPP002,Surgical Gloves Box,Medical Supplies,North America,937,12.5,1.14,0,Medium,102.33
2023-02-05,SUPP002,Surgical Gloves Box,Medical Supplies,Europe,744,12.5,1.08,0,Low,102.84
2023-02-06,DRUG001,Atorvastatin 20mg,Pharmaceuticals,North America,959,1.25,1.13,0,Medium,97.02
2023-02-06,DRUG001,Atorvastatin 20mg,Pharmaceuticals,Europe,1004,1.25,1.19,0,Low,96.49
2023-02-06,DRUG002,Amoxicillin 500mg,Pharmaceuticals,North America,1216,0.85,1.2,0,Medium,102.22
2023-02-06,DRUG002,Amoxicillin 500mg,Pharmaceuticals,Europe,888,0.85,1.17,0,Low,99.13
2023-02-06,DRUG003,Insulin Glargine 10ml,Pharmaceuticals,North America,542,25.0,1.14,0,Medium,99.81
2023-02-06,DRUG003,Insulin Glargine 10ml,Pharmaceuticals,Europe,1378,25.0,1.09,0,Medium,100.61
2023-02-06,SUPP001,Surgical Masks Box,Medical Supplies,North America,1618,10.0,1.1,0,Low,103.25
2023-02-06,SUPP001,Surgical Masks Box,Medical Supplies,Europe,1362,10.0,1.05,0,Low,98.34
2023-02-06,SUPP002,Surgical Gloves Box,Medical Supplies,North America,1208,12.5,1.14,0,Medium,96.47
2023-02-06,SUPP002,Surgical Gloves Box,Medical Supplies,Europe,1286,12.5,1.0,0,Low,97.21
2023-02-07,DRUG001,Atorvastatin 20mg,Pharmaceuticals,North America,1454,1.25,1.2,1,Medium,99.21
2023-02-07,DRUG001,Atorvastatin 20mg,Pharmaceuticals,Europe,1189,1.25,1.09,0,Low,99.1
2023-02-07,DRUG002,Amoxicillin 500mg,Pharmaceuticals,North America,888,0.85,1.07,0,Low,98.62
2023-02-07,DRUG002,Amoxicillin 500mg,Pharmaceuticals,Europe,1326,0.85,1.0,0,Low,103.32
2023-02-07,DRUG003,Insulin Glargine 10ml,Pharmaceuticals,North America,1042,25.0,0.99,1,Low,99.3
2023-02-07,DRUG003,Insulin Glargine 10ml,Pharmaceuticals,Europe,469,25.0,1.16,0,Low,103.03
2023-02-07,SUPP001,Surgical Masks Box,Medical Supplies,North America,649,10.0,0.94,0,Medium,99.96
2023-02-07,SUPP001,Surgical Masks Box,Medical Supplies,Europe,138,10.0,1.03,0,Medium,96.59
2023-02-07,SUPP002,Surgical Gloves Box,Medical Supplies,North America,700,12.5,1.13,0,High,95.69
2023-02-07,SUPP002,Surgical Gloves Box,Medical Supplies,Europe,1090,12.5,0.92,0,Low,97.47
2023-02-08,DRUG001,Atorvastatin 20mg,Pharmaceuticals,North America,932,1.25,0.98,0,Medium,102.77
2023-02-08,DRUG001,Atorvastatin 20mg,Pharmaceuticals,Europe,1110,1.25,0.92,0,Low,95.63
2023-02-08,DRUG002,Amoxicillin 500mg,Pharmaceuticals,North America,272,0.85,1.0,0,Low,101.64
2023-02-08,DRUG002,Amoxicillin 500mg,Pharmaceuticals,Europe,1265,0.85,1.19,0,High,95.52
2023-02-08,DRUG003,Insulin Glargine 10ml,Pharmaceuticals,North America,531,25.0,1.12,1,Low,101.54
2023-02-08,DRUG003,Insulin Glargine 10ml,Pharmaceuticals,Europe,841,25.0,0.96,0,Medium,104.72
2023-02-08,SUPP001,Surgical Masks Box,Medical Supplies,North America,515,10.0,0.93,0,Low,97.51
2023-02-08,SUPP001,Surgical Masks Box,Medical Supplies,Europe,1349,10.0,1.16,0,Medium,96.15
2023-02-08,SUPP002,Surgical Gloves Box,Medical Supplies,North America,1128,12.5,0.92,0,Medium,95.82
2023-02-08,SUPP002,Surgical Gloves Box,Medical Supplies,Europe,1207,12.5,1.04,0,Low,104.46
2023-02-09,DRUG001,Atorvastatin 20mg,Pharmaceuticals,North America,1130,1.25,1.04,0,Medium,100.45
2023-02-09,DRUG001,Atorvastatin 20mg,Pharmaceuticals,Europe,1271,1.25,0.92,0,High,99.59
2023-02-09,DRUG002,Amoxicillin 500mg,Pharmaceuticals,North America,806,0.85,0.95,0,Medium,100.19
2023-02-09,DRUG002,Amoxicillin 500mg,Pharmaceuticals,Europe,760,0.85,0.96,0,High,103.71
2023-02-09,DRUG003,Insulin Glargine 10ml,Pharmaceuticals,North America,912,25.0,1.2,0,Low,95.65
2023-02-09,DRUG003,Insulin Glargine 10ml,Pharmaceuticals,Europe,531,25.0,1.04,1,Medium,99.98
2023-02-09,SUPP001,Surgical Masks Box,Medical Supplies,North America,1089,10.0,1.15,0,Medium,104.64
2023-02-09,SUPP001,Surgical Masks Box,Medical Supplies,Europe,774,10.0,0.96,0,Low,102.93
2023-02-09,SUPP002,Surgical Gloves Box,Medical Supplies,North America,1561,12.5,1.14,0,High,100.33
2023-02-09,SUPP002,Surgical Gloves Box,Medical Supplies,Europe,1324,12.5,0.95,0,Medium,98.17
2023-02-10,DRUG001,Atorvastatin 20mg,Pharmaceuticals,North America,899,1.25,0.96,0,Medium,96.52
2023-02-10,DRUG001,Atorvastatin 20mg,Pharmaceuticals,Europe,878,1.25,1.03,0,Low,103.82
2023-02-10,DRUG002,Amoxicillin 500mg,Pharmaceuticals,North America,1007,0.85,1.19,0,High,101.68
2023-02-10,DRUG002,Amoxicillin 500mg,Pharmaceuticals,Europe,1423,0.85,1.09,0,High,99.27
2023-02-10,DRUG003,Insulin Glargine 10ml,Pharmaceuticals,North America,1356,25.0,1.12,0,Low,102.31
2023-02-10,DRUG003,Insulin Glargine 10ml,Pharmaceuticals,Europe,1776,25.0,0.96,0,High,100.41
2023-02-10,SUPP001,Surgical Masks Box,Medical Supplies,North America,698,10.0,1.04,0,Medium,98.58
2023-02-10,SUPP001,Surgical Masks Box,Medical Supplies,Europe,1341,10.0,1.05,0,Low,96.74
2023-02-10,SUPP002,Surgical Gloves Box,Medical Supplies,North America,1252,12.5,0.93,0,Low,98.48
2023-02-10,SUPP002,Surgical Gloves Box,Medical Supplies,Europe,1164,12.5,1.04,0,Medium,101.21
2023-02-11,DRUG001,Atorvastatin 20mg,Pharmaceuticals,North America,1299,1.25,1.04,1,Medium,96.26
2023-02-11,DRUG001,Atorvastatin 20mg,Pharmaceuticals,Europe,870,1.25,1.1,0,Medium,95.7
2023-02-11,DRUG002,Amoxicillin 500mg,Pharmaceuticals,North America,1084,0.85,0.97,0,Low,101.43
2023-02-11,DRUG002,Amoxicillin 500mg,Pharmaceuticals,Europe,922,0.85,1.11,0,Low,97.13
2023-02-11,DRUG003,Insulin Glargine 10ml,Pharmaceuticals,North America,1154,25.0,1.16,0,Medium,101.65
2023-02-11,DRUG003,Insulin Glargine 10ml,Pharmaceuticals,Europe,1053,25.0,0.98,1,Medium,100.6
2023-02-11,SUPP001,Surgical Masks Box,Medical Supplies,North America,960,10.0,1.04,0,Medium,98.8
2023-02-11,SUPP001,Surgical Masks Box,Medical Supplies,Europe,707,10.0,1.19,0,Medium,95.42
2023-02-11,SUPP002,Surgical Gloves Box,Medical Supplies,North America,1099,12.5,0.98,0,Low,104.11
2023-02-11,SUPP002,Surgical Gloves Box,Medical Supplies,Europe,1057,12.5,1.13,0,Low,104.63
2023-02-12,DRUG001,Atorvastatin 20mg,Pharmaceuticals,North America,719,1.25,1.15,0,High,96.13
2023-02-12,DRUG001,Atorvastatin 20mg,Pharmaceuticals,Europe,1325,1.25,1.11,0,Low,97.42
2023-02-12,DRUG002,Amoxicillin 500mg,Pharmaceuticals,North America,994,0.85,0.99,0,Low,98.0
2023-02-12,DRUG002,Amoxicillin 500mg,Pharmaceuticals,Europe,909,0.85,1.12,0,High,103.52
2023-02-12,DRUG003,Insulin Glargine 10ml,Pharmaceuticals,North America,1285,25.0,1.17,0,Low,97.4
2023-02-12,DRUG003,Insulin Glargine 10ml,Pharmaceuticals,Europe,1513,25.0,1.14,0,Medium,104.95
2023-02-12,SUPP001,Surgical Masks Box,Medical Supplies,North America,1021,10.0,0.92,0,Medium,96.15
2023-02-12,SUPP001,Surgical Masks Box,Medical Supplies,Europe,1348,10.0,0.93,1,Medium,103.29
2023-02-12,SUPP002,Surgical Gloves Box,Medical Supplies,North America,1056,12.5,1.06,0,Low,99.35
2023-02-12,SUPP002,Surgical Gloves Box,Medical Supplies,Europe,1300,12.5,1.13,0,High,99.43
2023-02-13,DRUG001,Atorvastatin 20mg,Pharmaceuticals,North America,1483,1.25,1.08,0,Low,100.12
2023-02-13,DRUG001,Atorvastatin 20mg,Pharmaceuticals,Europe,1394,1.25,0.93,0,Medium,101.52
2023-02-13,DRUG002,Amoxicillin 500mg,Pharmaceuticals,North America,1036,0.85,1.12,0,Medium,95.71
2023-02-13,DRUG002,Amoxicillin 500mg,Pharmaceuticals,Europe,1165,0.85,0.98,0,Medium,95.46
2023-02-13,DRUG003,Insulin Glargine 10ml,Pharmaceuticals,North America,871,25.0,1.19,0,Medium,96.96
2023-02-13,DRUG003,Insulin Glargine 10ml,Pharmaceuticals,Europe,792,25.0,1.08,0,Low,100.17
2023-02-13,SUPP001,Surgical Masks Box,Medical Supplies,North America,907,10.0,1.14,0,Medium,97.93
2023-02-13,SUPP001,Surgical Masks Box,Medical Supplies,Europe,774,10.0,1.18,0,Low,101.17
2023-02-13,SUPP002,Surgical Gloves Box,Medical Supplies,North America,904,12.5,1.05,0,Medium,102.02
2023-02-13,SUPP002,Surgical Gloves Box,Medical Supplies,Europe,761,12.5,1.2,0,Low,98.95
2023-02-14,DRUG001,Atorvastatin 20mg,Pharmaceuticals,North America,459,1.25,1.17,0,Medium,98.09
2023-02-14,DRUG001,Atorvastatin 20mg,Pharmaceuticals,Europe,524,1.25,1.15,1,High,95.02
2023-02-14,DRUG002,Amoxicillin 500mg,Pharmaceuticals,North America,855,0.85,0.98,0,Medium,101.87
2023-02-14,DRUG002,Amoxicillin 500mg,Pharmaceuticals,Europe,1044,0.85,0.93,0,Medium,98.69
2023-02-14,DRUG003,Insulin Glargine 10ml,Pharmaceuticals,North America,936,25.0,1.13,0,Low,98.55
2023-02-14,DRUG003,Insulin Glargine 10ml,Pharmaceuticals,Europe,703,25.0,1.18,0,Medium,98.62
2023-02-14,SUPP001,Surgical Masks Box,Medical Supplies,North America,970,10.0,1.09,1,Medium,103.74
2023-02-14,SUPP001,Surgical Masks Box,Medical Supplies,Europe,1005,10.0,1.12,0,High,95.66
2023-02-14,SUPP002,Surgical Gloves Box,Medical Supplies,North America,656,12.5,0.9,0,Low,99.86
2023-02-14,SUPP002,Surgical Gloves Box,Medical Supplies,Europe,1032,12.5,1.07,0,Low,100.59
2023-02-15,DRUG001,Atorvastatin 20mg,Pharmaceuticals,North America,1379,1.25,1.1,0,Medium,99.3
2023-02-15,DRUG001,Atorvastatin 20mg,Pharmaceuticals,Europe,740,1.25,1.1,0,Low,102.89
2023-02-15,DRUG002,Amoxicillin 500mg,Pharmaceuticals,North America,1417,0.85,1.15,0,High,99.31
2023-02-15,DRUG002,Amoxicillin 500mg,Pharmaceuticals,Europe,924,0.85,1.0,0,Low,101.01
2023-02-15,DRUG003,Insulin Glargine 10ml,Pharmaceuticals,North America,1309,25.0,1.01,0,Medium,96.43
2023-02-15,DRUG003,Insulin Glargine 10ml,Pharmaceuticals,Europe,1338,25.0,1.17,0,Low,95.25
2023-02-15,SUPP001,Surgical Masks Box,Medical Supplies,North America,1393,10.0,1.0,0,Medium,98.11
2023-02-15,SUPP001,Surgical Masks Box,Medical Supplies,Europe,1418,10.0,1.1,0,Low,97.18
2023-02-15,SUPP002,Surgical Gloves Box,Medical Supplies,North America,992,12.5,1.11,0,Medium,95.28
2023-02-15,SUPP002,Surgical Gloves Box,Medical Supplies,Europe,1084,12.5,1.05,1,Low,95.39
2023-02-16,DRUG001,Atorvastatin 20mg,Pharmaceuticals,North America,973,1.25,0.95,0,Medium,99.59
2023-02-16,DRUG001,Atorvastatin 20mg,Pharmaceuticals,Europe,888,1.25,0.99,1,Low,104.56
2023-02-16,DRUG002,Amoxicillin 500mg,Pharmaceuticals,North America,1209,0.85,1.08,0,High,97.88
2023-02-16,DRUG002,Amoxicillin 500mg,Pharmaceuticals,Europe,899,0.85,1.19,0,Low,98.4
2023-02-16,DRUG003,Insulin Glargine 10ml,Pharmaceuticals,North America,641,25.0,1.07,0,Medium,103.34
2023-02-16,DRUG003,Insulin Glargine 10ml,Pharmaceuticals,Europe,1042,25.0,1.03,0,Low,96.95
2023-02-16,SUPP001,Surgical Masks Box,Medical Supplies,North America,949,10.0,0.98,1,Medium,98.47
2023-02-16,SUPP001,Surgical Masks Box,Medical Supplies,Europe,858,10.0,1.07,0,Medium,101.26
2023-02-16,SUPP002,Surgical Gloves Box,Medical Supplies,North America,240,12.5,1.2,0,Medium,100.69
2023-02-16,SUPP002,Surgical Gloves Box,Medical Supplies,Europe,914,12.5,1.09,0,Low,95.39
2023-02-17,DRUG001,Atorvastatin 20mg,Pharmaceuticals,North America,1793,1.25,0.97,1,High,102.22
2023-02-17,DRUG001,Atorvastatin 20mg,Pharmaceuticals,Europe,549,1.25,1.06,0,Low,102.91
2023-02-17,DRUG002,Amoxicillin 500mg,Pharmaceuticals,North America,1080,0.85,0.98,0,High,96.49
2023-02-17,DRUG002,Amoxicillin 500mg,Pharmaceuticals,Europe,897,0.85,1.04,1,Medium,103.64
2023-02-17,DRUG003,Insulin Glargine 10ml,Pharmaceuticals,North America,468,25.0,0.99,0,Medium,98.87
2023-02-17,DRUG003,Insulin Glargine 10ml,Pharmaceuticals,Europe,1378,25.0,1.05,0,Medium,103.66
2023-02-17,SUPP001,Surgical Masks Box,Medical Supplies,North America,983,10.0,1.15,0,Medium,104.56
2023-02-17,SUPP001,Surgical Masks Box,Medical Supplies,Europe,1085,10.0,0.96,0,High,99.39
2023-02-17,SUPP002,Surgical Gloves Box,Medical Supplies,North America,1178,12.5,1.09,1,Low,99.77
2023-02-17,SUPP002,Surgical Gloves Box,Medical Supplies,Europe,117,12.5,1.11,0,Medium,96.34
2023-02-18,DRUG001,Atorvastatin 20mg,Pharmaceuticals,North America,708,1.25,1.14,0,Low,104.57
2023-02-18,DRUG001,Atorvastatin 20mg,Pharmaceuticals,Europe,586,1.25,0.9,1,Medium,103.28
2023-02-18,DRUG002,Amoxicillin 500mg,Pharmaceuticals,North America,1217,0.85,1.12,0,Medium,102.69
2023-02-18,DRUG002,Amoxicillin 500mg,Pharmaceuticals,Europe,1154,0.85,1.1,0,High,101.14
2023-02-18,DRUG003,Insulin Glargine 10ml,Pharmaceuticals,North America,992,25.0,0.92,0,Medium,95.66
2023-02-18,DRUG003,Insulin Glargine 10ml,Pharmaceuticals,Europe,735,25.0,1.0,0,High,104.48
2023-02-18,SUPP001,Surgical Masks Box,Medical Supplies,North America,431,10.0,0.92,0,Medium,102.07
2023-02-18,SUPP001,Surgical Masks Box,Medical Supplies,Europe,1063,10.0,0.92,0,Medium,97.95
2023-02-18,SUPP002,Surgical Gloves Box,Medical Supplies,North America,769,12.5,1.14,1,Medium,104.06
2023-02-18,SUPP002,Surgical Gloves Box,Medical Supplies,Europe,718,12.5,1.0,0,Low,101.4
2023-02-19,DRUG001,Atorvastatin 20mg,Pharmaceuticals,North America,1017,1.25,1.01,0,Low,103.89
2023-02-19,DRUG001,Atorvastatin 20mg,Pharmaceuticals,Europe,1083,1.25,1.05,0,Medium,101.25
2023-02-19,DRUG002,Amoxicillin 500mg,Pharmaceuticals,North America,1062,0.85,0.97,0,High,103.04
2023-02-19,DRUG002,Amoxicillin 500mg,Pharmaceuticals,Europe,852,0.85,1.07,0,Low,102.75
2023-02-19,DRUG003,Insulin Glargine 10ml,Pharmaceuticals,North America,992,25.0,0.99,0,Medium,95.54
2023-02-19,DRUG003,Insulin Glargine 10ml,Pharmaceuticals,Europe,469,25.0,1.12,0,Low,100.11
2023-02-19,SUPP001,Surgical Masks Box,Medical Supplies,North America,901,10.0,1.15,0,Low,102.41
2023-02-19,SUPP001,Surgical Masks Box,Medical Supplies,Europe,1046,10.0,0.99,0,Low,97.7
2023-02-19,SUPP002,Surgical Gloves Box,Medical Supplies,North America,857,12.5,1.14,0,Medium,104.1
2023-02-19,SUPP002,Surgical Gloves Box,Medical Supplies,Europe,1262,12.5,1.01,1,Low,101.87
2023-02-20,DRUG001,Atorvastatin 20mg,Pharmaceuticals,North America,268,1.25,1.09,0,Low,96.67
2023-02-20,DRUG001,Atorvastatin 20mg,Pharmaceuticals,Europe,959,1.25,1.11,0,High,102.61
2023-02-20,DRUG002,Amoxicillin 500mg,Pharmaceuticals,North America,1026,0.85,0.99,0,Medium,101.44
2023-02-20,DRUG002,Amoxicillin 500mg,Pharmaceuticals,Europe,1059,0.85,0.91,0,High,100.0
2023-02-20,DRUG003,Insulin Glargine 10ml,Pharmaceuticals,North America,566,25.0,0.96,0,Low,95.52
2023-02-20,DRUG003,Insulin Glargine 10ml,Pharmaceuticals,Europe,311,25.0,1.13,0,High,103.5
2023-02-20,SUPP001,Surgical Masks Box,Medical Supplies,North America,1186,10.0,1.04,0,Low,101.78
2023-02-20,SUPP001,Surgical Masks Box,Medical Supplies,Europe,658,10.0,1.08,0,Low,101.52
2023-02-20,SUPP002,Surgical Gloves Box,Medical Supplies,North America,739,12.5,1.09,0,Medium,96.99
2023-02-20,SUPP002,Surgical Gloves Box,Medical Supplies,Europe,1337,12.5,1.17,0,Low,95.58
2023-02-21,DRUG001,Atorvastatin 20mg,Pharmaceuticals,North America,1012,1.25,0.98,0,Low,98.79
2023-02-21,DRUG001,Atorvastatin 20mg,Pharmaceuticals,Europe,699,1.25,1.0,0,Low,99.14
2023-02-21,DRUG002,Amoxicillin 500mg,Pharmaceuticals,North America,231,0.85,1.06,0,Low,99.64
2023-02-21,DRUG002,Amoxicillin 500mg,Pharmaceuticals,Europe,942,0.85,1.19,0,Medium,98.12
2023-02-21,DRUG003,Insulin Glargine 10ml,Pharmaceuticals,North America,1214,25.0,1.06,1,Low,95.17
2023-02-21,DRUG003,Insulin Glargine 10ml,Pharmaceuticals,Europe,1215,25.0,1.13,0,Low,97.66
2023-02-21,SUPP001,Surgical Masks Box,Medical Supplies,North America,1030,10.0,1.0,0,Low,98.0
2023-02-21,SUPP001,Surgical Masks Box,Medical Supplies,Europe,1464,10.0,1.09,1,High,95.24
2023-02-21,SUPP002,Surgical Gloves Box,Medical Supplies,North America,1052,12.5,1.13,0,Low,98.03
2023-02-21,SUPP002,Surgical Gloves Box,Medical Supplies,Europe,1073,12.5,0.92,0,Low,99.84
2023-02-22,DRUG001,Atorvastatin 20mg,Pharmaceuticals,North America,947,1.25,0.92,1,High,102.85
2023-02-22,DRUG001,Atorvastatin 20mg,Pharmaceuticals,Europe,1498,1.25,1.2,0,High,95.76
2023-02-22,DRUG002,Amoxicillin 500mg,Pharmaceuticals,North America,621,0.85,0.96,0,Medium,102.81
2023-02-22,DRUG002,Amoxicillin 500mg,Pharmaceuticals,Europe,815,0.85,1.07,0,High,101.36
2023-02-22,DRUG003,Insulin Glargine 10ml,Pharmaceuticals,North America,1474,25.0,0.98,0,High,97.91
2023-02-22,DRUG003,Insulin Glargine 10ml,Pharmaceuticals,Europe,695,25.0,1.04,0,Medium,95.62
2023-02-22,SUPP001,Surgical Masks Box,Medical Supplies,North America,749,10.0,0.94,1,Medium,97.42
2023-02-22,SUPP001,Surgical Masks Box,Medical Supplies,Europe,1626,10.0,1.05,0,Low,97.75
2023-02-22,SUPP002,Surgical Gloves Box,Medical Supplies,North America,945,12.5,1.06,0,Low,96.66
2023-02-22,SUPP002,Surgical Gloves Box,Medical Supplies,Europe,1411,12.5,1.03,0,Low,103.44
2023-02-23,DRUG001,Atorvastatin 20mg,Pharmaceuticals,North America,871,1.25,1.19,0,High,104.95
2023-02-23,DRUG001,Atorvastatin 20mg,Pharmaceuticals,Europe,1176,1.25,1.11,1,Medium,97.6
2023-02-23,DRUG002,Amoxicillin 500mg,Pharmaceuticals,North America,1607,0.85,0.92,0,High,96.9
2023-02-23,DRUG002,Amoxicillin 500mg,Pharmaceuticals,Europe,591,0.85,1.14,1,High,104.6
2023-02-23,DRUG003,Insulin Glargine 10ml,Pharmaceuticals,North America,1127,25.0,1.13,0,Medium,102.18
2023-02-23,DRUG003,Insulin Glargine 10ml,Pharmaceuticals,Europe,1005,25.0,0.97,0,Medium,96.63
2023-02-23,SUPP001,Surgical Masks Box,Medical Supplies,North America,1445,10.0,1.05,0,Low,98.57
2023-02-23,SUPP001,Surgical Masks Box,Medical Supplies,Europe,1106,10.0,1.18,0,Medium,97.22
2023-02-23,SUPP002,Surgical Gloves Box,Medical Supplies,North America,1264,12.5,1.12,0,Medium,95.29
2023-02-23,SUPP002,Surgical Gloves Box,Medical Supplies,Europe,864,12.5,1.04,0,Low,97.89
2023-02-24,DRUG001,Atorvastatin 20mg,Pharmaceuticals,North America,1223,1.25,1.2,0,Medium,98.72
2023-02-24,DRUG001,Atorvastatin 20mg,Pharmaceuticals,Europe,945,1.25,1.02,0,High,104.51
2023-02-24,DRUG002,Amoxicillin 500mg,Pharmaceuticals,North America,440,0.85,1.14,0,Medium,98.59
2023-02-24,DRUG002,Amoxicillin 500mg,Pharmaceuticals,Europe,1302,0.85,1.1,0,Low,104.18
2023-02-24,DRUG003,Insulin Glargine 10ml,Pharmaceuticals,North America,1004,25.0,0.97,0,Low,96.75
2023-02-24,DRUG003,Insulin Glargine 10ml,Pharmaceuticals,Europe,713,25.0,1.16,0,High,100.82
2023-02-24,SUPP001,Surgical Masks Box,Medical Supplies,North America,1592,10.0,1.06,0,Low,98.53
2023-02-24,SUPP001,Surgical Masks Box,Medical Supplies,Europe,530,10.0,1.17,1,High,99.19
2023-02-24,SUPP002,Surgical Gloves Box,Medical Supplies,North America,961,12.5,1.05,0,Medium,96.86
2023-02-24,SUPP002,Surgical Gloves Box,Medical Supplies,Europe,1453,12.5,1.0,0,Low,95.71
2023-02-25,DRUG001,Atorvastatin 20mg,Pharmaceuticals,North America,218,1.25,1.14,0,Low,101.94
2023-02-25,DRUG001,Atorvastatin 20mg,Pharmaceuticals,Europe,1059,1.25,1.13,0,Low,103.76
2023-02-25,DRUG002,Amoxicillin 500mg,Pharmaceuticals,North America,466,0.85,1.03,0,Low,102.66
2023-02-25,DRUG002,Amoxicillin 500mg,Pharmaceuticals,Europe,1095,0.85,0.9,0,Medium,95.55
2023-02-25,DRUG003,Insulin Glargine 10ml,Pharmaceuticals,North America,673,25.0,0.97,0,Medium,104.67
2023-02-25,DRUG003,Insulin Glargine 10ml,Pharmaceuticals,Europe,674,25.0,0.97,0,Medium,103.48
2023-02-25,SUPP001,Surgical Masks Box,Medical Supplies,North America,482,10.0,1.0,0,High,96.82
2023-02-25,SUPP001,Surgical Masks Box,Medical Supplies,Europe,796,10.0,1.01,1,High,104.85
2023-02-25,SUPP002,Surgical Gloves Box,Medical Supplies,North America,820,12.5,1.08,0,Low,100.44
2023-02-25,SUPP002,Surgical Gloves Box,Medical Supplies,Europe,1426,12.5,1.11,0,Medium,100.84
2023-02-26,DRUG001,Atorvastatin 20mg,Pharmaceuticals,North America,1195,1.25,0.99,0,Medium,96.03
2023-02-26,DRUG001,Atorvastatin 20mg,Pharmaceuticals,Europe,549,1.25,1.05,0,Low,104.33
2023-02-26,DRUG002,Amoxicillin 500mg,Pharmaceuticals,North America,1160,0.85,1.11,0,High,101.95
2023-02-26,DRUG002,Amoxicillin 500mg,Pharmaceuticals,Europe,1266,0.85,1.12,0,Low,103.07
2023-02-26,DRUG003,Insulin Glargine 10ml,Pharmaceuticals,North America,832,25.0,1.0,1,High,102.01
2023-02-26,DRUG003,Insulin Glargine 10ml,Pharmaceuticals,Europe,669,25.0,1.12,0,High,99.96
2023-02-26,SUPP001,Surgical Masks Box,Medical Supplies,North America,672,10.0,1.14,0,Low,95.25
2023-02-26,SUPP001,Surgical Masks Box,Medical Supplies,Europe,883,10.0,1.15,0,Medium,104.7
2023-02-26,SUPP002,Surgical Gloves Box,Medical Supplies,North America,544,12.5,1.11,0,Medium,104.67
2023-02-26,SUPP002,Surgical Gloves Box,Medical Supplies,Europe,892,12.5,0.92,0,Medium,103.63
2023-02-27,DRUG001,Atorvastatin 20mg,Pharmaceuticals,North America,1147,1.25,1.07,0,Low,103.65
2023-02-27,DRUG001,Atorvastatin 20mg,Pharmaceuticals,Europe,842,1.25,0.95,0,Low,103.71
2023-02-27,DRUG002,Amoxicillin 500mg,Pharmaceuticals,North America,1317,0.85,0.98,0,Medium,103.33
2023-02-27,DRUG002,Amoxicillin 500mg,Pharmaceuticals,Europe,1185,0.85,1.17,0,Medium,95.52
2023-02-27,DRUG003,Insulin Glargine 10ml,Pharmaceuticals,North America,467,25.0,0.99,0,Medium,98.34
2023-02-27,DRUG003,Insulin Glargine 10ml,Pharmaceuticals,Europe,1122,25.0,1.12,0,Low,102.84
2023-02-27,SUPP001,Surgical Masks Box,Medical Supplies,North America,839,10.0,1.11,0,Low,98.74
2023-02-27,SUPP001,Surgical Masks Box,Medical Supplies,Europe,487,10.0,1.18,0,Medium,101.32
2023-02-27,SUPP002,Surgical Gloves Box,Medical Supplies,North America,892,12.5,1.13,0,Low,97.76
2023-02-27,SUPP002,Surgical Gloves Box,Medical Supplies,Europe,602,12.5,1.03,1,Low,100.19
2023-02-28,DRUG001,Atorvastatin 20mg,Pharmaceuticals,North America,930,1.25,1.12,0,Medium,98.47
2023-02-28,DRUG001,Atorvastatin 20mg,Pharmaceuticals,Europe,722,1.25,1.02,0,Low,99.83
2023-02-28,DRUG002,Amoxicillin 500mg,Pharmaceuticals,North America,723,0.85,1.1,1,Medium,95.77
2023-02-28,DRUG002,Amoxicillin 500mg,Pharmaceuticals,Europe,698,0.85,0.92,1,Low,95.92
2023-02-28,DRUG003,Insulin Glargine 10ml,Pharmaceuticals,North America,1502,25.0,1.09,0,Low,104.65
2023-02-28,DRUG003,Insulin Glargine 10ml,Pharmaceuticals,Europe,1402,25.0,0.98,0,Medium,101.1
2023-02-28,SUPP001,Surgical Masks Box,Medical Supplies,North America,663,10.0,1.08,0,High,96.06
2023-02-28,SUPP001,Surgical Masks Box,Medical Supplies,Europe,724,10.0,0.95,1,Medium,103.83
2023-02-28,SUPP002,Surgical Gloves Box,Medical Supplies,North America,1117,12.5,1.11,0,Medium,95.15
2023-02-28,SUPP002,Surgical Gloves Box,Medical Supplies,Europe,602,12.5,1.07,0,Medium,104.58
2023-03-01,DRUG001,Atorvastatin 20mg,Pharmaceuticals,North America,1337,1.25,0.96,0,High,96.02
2023-03-01,DRUG001,Atorvastatin 20mg,Pharmaceuticals,Europe,899,1.25,0.9,0,Low,102.48
2023-03-01,DRUG002,Amoxicillin 500mg,Pharmaceuticals,North America,960,0.85,0.98,0,Medium,95.09
2023-03-01,DRUG002,Amoxicillin 500mg,Pharmaceuticals,Europe,1247,0.85,1.08,0,Medium,97.42
2023-03-01,DRUG003,Insulin Glargine 10ml,Pharmaceuticals,North America,849,25.0,0.96,0,Medium,95.14
2023-03-01,DRUG003,Insulin Glargine 10ml,Pharmaceuticals,Europe,1079,25.0,0.97,0,Low,97.48
2023-03-01,SUPP001,Surgical Masks Box,Medical Supplies,North America,979,10.0,1.12,0,Medium,95.81
2023-03-01,SUPP001,Surgical Masks Box,Medical Supplies,Europe,785,10.0,1.19,0,High,103.23
2023-03-01,SUPP002,Surgical Gloves Box,Medical Supplies,North America,1022,12.5,0.96,0,Medium,102.38
2023-03-01,SUPP002,Surgical Gloves Box,Medical Supplies,Europe,1222,12.5,1.06,0,Low,104.21
2023-03-02,DRUG001,Atorvastatin 20mg,Pharmaceuticals,North America,1321,1.25,0.98,0,High,101.66
2023-03-02,DRUG001,Atorvastatin 20mg,Pharmaceuticals,Europe,1709,1.25,1.14,0,Medium,97.48
2023-03-02,DRUG002,Amoxicillin 500mg,Pharmaceuticals,North America,818,0.85,1.03,0,High,95.64
2023-03-02,DRUG002,Amoxicillin 500mg,Pharmaceuticals,Europe,1515,0.85,1.15,0,Medium,95.22
2023-03-02,DRUG003,Insulin Glargine 10ml,Pharmaceuticals,North America,1007,25.0,0.92,0,High,96.05
2023-03-02,DRUG003,Insulin Glargine 10ml,Pharmaceuticals,Europe,424,25.0,1.13,0,Medium,97.6
2023-03-02,SUPP001,Surgical Masks Box,Medical Supplies,North America,916,10.0,0.92,0,Medium,103.82
2023-03-02,SUPP001,Surgical Masks Box,Medical Supplies,Europe,916,10.0,1.14,0,Low,97.89
2023-03-02,SUPP002,Surgical Gloves Box,Medical Supplies,North America,674,12.5,1.05,0,Low,98.54
2023-03-02,SUPP002,Surgical Gloves Box,Medical Supplies,Europe,752,12.5,1.15,0,Low,104.14
2023-03-03,DRUG001,Atorvastatin 20mg,Pharmaceuticals,North America,962,1.25,1.01,0,High,103.76
2023-03-03,DRUG001,Atorvastatin 20mg,Pharmaceuticals,Europe,1098,1.25,0.93,0,Medium,100.03
2023-03-03,DRUG002,Amoxicillin 500mg,Pharmaceuticals,North America,1110,0.85,1.1,0,High,102.48
2023-03-03,DRUG002,Amoxicillin 500mg,Pharmaceuticals,Europe,905,0.85,1.03,0,Low,101.74
2023-03-03,DRUG003,Insulin Glargine 10ml,Pharmaceuticals,North America,1166,25.0,0.97,0,Low,95.02
2023-03-03,DRUG003,Insulin Glargine 10ml,Pharmaceuticals,Europe,724,25.0,1.12,0,Medium,96.61
2023-03-03,SUPP001,Surgical Masks Box,Medical Supplies,North America,787,10.0,0.93,0,Medium,101.08
2023-03-03,SUPP001,Surgical Masks Box,Medical Supplies,Europe,622,10.0,0.97,0,Low,97.34
2023-03-03,SUPP002,Surgical Gloves Box,Medical Supplies,North America,1306,12.5,1.02,0,Medium,101.96
2023-03-03,SUPP002,Surgical Gloves Box,Medical Supplies,Europe,1626,12.5,1.11,0,Medium,99.12
2023-03-04,DRUG001,Atorvastatin 20mg,Pharmaceuticals,North America,1098,1.25,1.06,0,Medium,96.17
2023-03-04,DRUG001,Atorvastatin 20mg,Pharmaceuticals,Europe,1277,1.25,1.0,0,Medium,97.06
2023-03-04,DRUG002,Amoxicillin 500mg,Pharmaceuticals,North America,1257,0.85,0.96,0,Medium,95.18
2023-03-04,DRUG002,Amoxicillin 500mg,Pharmaceuticals,Europe,929,0.85,1.14,0,Medium,100.61
2023-03-04,DRUG003,Insulin Glargine 10ml,Pharmaceuticals,North America,1439,25.0,0.98,0,Medium,100.36
2023-03-04,DRUG003,Insulin Glargine 10ml,Pharmaceuticals,Europe,1299,25.0,1.15,0,High,99.85
2023-03-04,SUPP001,Surgical Masks Box,Medical Supplies,North America,1328,10.0,1.04,0,High,103.83
2023-03-04,SUPP001,Surgical Masks Box,Medical Supplies,Europe,812,10.0,1.04,0,Low,103.04
2023-03-04,SUPP002,Surgical Gloves Box,Medical Supplies,North America,987,12.5,0.92,0,Low,100.42
2023-03-04,SUPP002,Surgical Gloves Box,Medical Supplies,Europe,1017,12.5,1.19,0,Medium,95.74
2023-03-05,DRUG001,Atorvastatin 20mg,Pharmaceuticals,North America,1360,1.25,1.03,1,Medium,98.21
2023-03-05,DRUG001,Atorvastatin 20mg,Pharmaceuticals,Europe,852,1.25,0.97,0,Low,95.69
2023-03-05,DRUG002,Amoxicillin 500mg,Pharmaceuticals,North America,818,0.85,1.12,0,Medium,95.08
2023-03-05,DRUG002,Amoxicillin 500mg,Pharmaceuticals,Europe,338,0.85,0.97,0,Medium,95.05
2023-03-05,DRUG003,Insulin Glargine 10ml,Pharmaceuticals,North America,1179,25.0,1.06,0,Medium,100.84
2023-03-05,DRUG003,Insulin Glargine 10ml,Pharmaceuticals,Europe,1200,25.0,1.13,0,High,100.18
2023-03-05,SUPP001,Surgical Masks Box,Medical Supplies,North America,1122,10.0,1.09,0,Low,96.95
2023-03-05,SUPP001,Surgical Masks Box,Medical Supplies,Europe,741,10.0,1.17,0,High,102.59
2023-03-05,SUPP002,Surgical Gloves Box,Medical Supplies,North America,1509,12.5,1.17,0,Medium,96.56
2023-03-05,SUPP002,Surgical Gloves Box,Medical Supplies,Europe,1321,12.5,1.04,0,Low,97.02
2023-03-06,DRUG001,Atorvastatin 20mg,Pharmaceuticals,North America,673,1.25,0.96,0,High,100.07
2023-03-06,DRUG001,Atorvastatin 20mg,Pharmaceuticals,Europe,764,1.25,0.96,0,Medium,98.83
2023-03-06,DRUG002,Amoxicillin 500mg,Pharmaceuticals,North America,1153,0.85,1.14,0,Medium,97.64
2023-03-06,DRUG002,Amoxicillin 500mg,Pharmaceuticals,Europe,1309,0.85,1.18,0,Low,97.7
2023-03-06,DRUG003,Insulin Glargine 10ml,Pharmaceuticals,North America,1179,25.0,0.97,0,Low,101.62
2023-03-06,DRUG003,Insulin Glargine 10ml,Pharmaceuticals,Europe,715,25.0,1.14,0,Medium,96.88
2023-03-06,SUPP001,Surgical Masks Box,Medical Supplies,North America,1078,10.0,1.01,0,Low,97.6
2023-03-06,SUPP001,Surgical Masks Box,Medical Supplies,Europe,838,10.0,0.91,0,Low,100.57
2023-03-06,SUPP002,Surgical Gloves Box,Medical Supplies,North America,1028,12.5,1.0,0,High,98.25
2023-03-06,SUPP002,Surgical Gloves Box,Medical Supplies,Europe,920,12.5,1.17,1,High,103.45
2023-03-07,DRUG001,Atorvastatin 20mg,Pharmaceuticals,North America,1140,1.25,0.92,0,High,98.27
2023-03-07,DRUG001,Atorvastatin 20mg,Pharmaceuticals,Europe,539,1.25,1.12,0,High,104.98
2023-03-07,DRUG002,Amoxicillin 500mg,Pharmaceuticals,North America,694,0.85,0.91,0,Medium,100.66
2023-03-07,DRUG002,Amoxicillin 500mg,Pharmaceuticals,Europe,926,0.85,0.99,0,Low,95.14
2023-03-07,DRUG003,Insulin Glargine 10ml,Pharmaceuticals,North America,1186,25.0,1.13,0,High,101.2
2023-03-07,DRUG003,Insulin Glargine 10ml,Pharmaceuticals,Europe,1398,25.0,1.07,0,High,100.87
2023-03-07,SUPP001,Surgical Masks Box,Medical Supplies,North America,1043,10.0,1.13,0,Medium,98.89
2023-03-07,SUPP001,Surgical Masks Box,Medical Supplies,Europe,1007,10.0,0.97,0,High,104.29
2023-03-07,SUPP002,Surgical Gloves Box,Medical Supplies,North America,1110,12.5,0.96,1,High,101.5
2023-03-07,SUPP002,Surgical Gloves Box,Medical Supplies,Europe,369,12.5,1.14,0,Medium,95.53
2023-03-08,DRUG001,Atorvastatin 20mg,Pharmaceuticals,North America,1586,1.25,1.1,0,High,96.67
2023-03-08,DRUG001,Atorvastatin 20mg,Pharmaceuticals,Europe,848,1.25,1.05,0,Medium,101.49
2023-03-08,DRUG002,Amoxicillin 500mg,Pharmaceuticals,North America,777,0.85,1.09,0,Low,102.05
2023-03-08,DRUG002,Amoxicillin 500mg,Pharmaceuticals,Europe,854,0.85,1.04,0,High,96.7
2023-03-08,DRUG003,Insulin Glargine 10ml,Pharmaceuticals,North America,1466,25.0,1.15,0,High,100.36
2023-03-08,DRUG003,Insulin Glargine 10ml,Pharmaceuticals,Europe,1256,25.0,1.05,0,Low,100.73
2023-03-08,SUPP001,Surgical Masks Box,Medical Supplies,North America,1115,10.0,1.07,0,Low,95.52
2023-03-08,SUPP001,Surgical Masks Box,Medical Supplies,Europe,938,10.0,0.91,0,Low,101.07
2023-03-08,SUPP002,Surgical Gloves Box,Medical Supplies,North America,660,12.5,1.16,0,Low,102.37
2023-03-08,SUPP002,Surgical Gloves Box,Medical Supplies,Europe,1186,12.5,0.99,0,High,95.3
2023-03-09,DRUG001,Atorvastatin 20mg,Pharmaceuticals,North America,1075,1.25,1.19,0,High,95.62
2023-03-09,DRUG001,Atorvastatin 20mg,Pharmaceuticals,Europe,1246,1.25,1.0,0,High,103.17
2023-03-09,DRUG002,Amoxicillin 500mg,Pharmaceuticals,North America,938,0.85,0.92,0,Low,99.69
2023-03-09,DRUG002,Amoxicillin 500mg,Pharmaceuticals,Europe,776,0.85,0.98,0,Low,96.47
2023-03-09,DRUG003,Insulin Glargine 10ml,Pharmaceuticals,North America,981,25.0,0.98,0,Low,97.99
2023-03-09,DRUG003,Insulin Glargine 10ml,Pharmaceuticals,Europe,1143,25.0,0.97,0,Low,98.55
2023-03-09,SUPP001,Surgical Masks Box,Medical Supplies,North America,863,10.0,0.96,0,Low,98.43
2023-03-09,SUPP001,Surgical Masks Box,Medical Supplies,Europe,1054,10.0,1.16,0,Low,99.85
2023-03-09,SUPP002,Surgical Gloves Box,Medical Supplies,North America,1171,12.5,1.14,0,Medium,100.06
2023-03-09,SUPP002,Surgical Gloves Box,Medical Supplies,Europe,464,12.5,0.94,0,Low,99.88
2023-03-10,DRUG001,Atorvastatin 20mg,Pharmaceuticals,North America,975,1.25,0.99,0,Low,99.19
2023-03-10,DRUG001,Atorvastatin 20mg,Pharmaceuticals,Europe,750,1.25,1.04,0,Medium,101.67
2023-03-10,DRUG002,Amoxicillin 500mg,Pharmaceuticals,North America,1144,0.85,0.99,0,High,104.89
2023-03-10,DRUG002,Amoxicillin 500mg,Pharmaceuticals,Europe,1110,0.85,1.17,0,Low,99.89
2023-03-10,DRUG003,Insulin Glargine 10ml,Pharmaceuticals,North America,984,25.0,1.04,0,Low,103.6
2023-03-10,DRUG003,Insulin Glargine 10ml,Pharmaceuticals,Europe,1511,25.0,1.02,0,Medium,102.62
2023-03-10,SUPP001,Surgical Masks Box,Medical Supplies,North America,926,10.0,1.19,0,Medium,100.79
2023-03-10,SUPP001,Surgical Masks Box,Medical Supplies,Europe,910,10.0,1.05,0,Low,100.53
2023-03-10,SUPP002,Surgical Gloves Box,Medical Supplies,North America,1443,12.5,0.94,0,Low,97.79
2023-03-10,SUPP002,Surgical Gloves Box,Medical Supplies,Europe,649,12.5,0.97,0,High,97.86
2023-03-11,DRUG001,Atorvastatin 20mg,Pharmaceuticals,North America,668,1.25,1.01,0,Low,95.87
2023-03-11,DRUG001,Atorvastatin 20mg,Pharmaceuticals,Europe,1066,1.25,1.07,0,Medium,96.75
2023-03-11,DRUG002,Amoxicillin 500mg,Pharmaceuticals,North America,669,0.85,0.97,0,Low,97.63
2023-03-11,DRUG002,Amoxicillin 500mg,Pharmaceuticals,Europe,1204,0.85,0.9,0,Medium,101.27
2023-03-11,DRUG003,Insulin Glargine 10ml,Pharmaceuticals,North America,808,25.0,1.04,0,Low,99.86
2023-03-11,DRUG003,Insulin Glargine 10ml,Pharmaceuticals,Europe,1137,25.0,1.18,0,Low,97.08
2023-03-11,SUPP001,Surgical Masks Box,Medical Supplies,North America,1087,10.0,1.04,0,Medium,96.54
2023-03-11,SUPP001,Surgical Masks Box,Medical Supplies,Europe,943,10.0,1.05,0,Medium,105.0
2023-03-11,SUPP002,Surgical Gloves Box,Medical Supplies,North America,842,12.5,1.15,0,Low,97.04
2023-03-11,SUPP002,Surgical Gloves Box,Medical Supplies,Europe,1416,12.5,1.0,0,Medium,104.11
2023-03-12,DRUG001,Atorvastatin 20mg,Pharmaceuticals,North America,1152,1.25,0.92,0,Medium,99.38
2023-03-12,DRUG001,Atorvastatin 20mg,Pharmaceuticals,Europe,2177,1.25,1.15,0,Low,99.49
2023-03-12,DRUG002,Amoxicillin 500mg,Pharmaceuticals,North America,829,0.85,1.08,0,Low,98.8
2023-03-12,DRUG002,Amoxicillin 500mg,Pharmaceuticals,Europe,1098,0.85,1.14,0,Medium,96.25
2023-03-12,DRUG003,Insulin Glargine 10ml,Pharmaceuticals,North America,780,25.0,1.1,0,High,98.87
2023-03-12,DRUG003,Insulin Glargine 10ml,Pharmaceuticals,Europe,1227,25.0,0.92,0,High,100.25
2023-03-12,SUPP001,Surgical Masks Box,Medical Supplies,North America,784,10.0,1.0,0,High,101.68
2023-03-12,SUPP001,Surgical Masks Box,Medical Supplies,Europe,1223,10.0,1.18,0,Medium,101.78
2023-03-12,SUPP002,Surgical Gloves Box,Medical Supplies,North America,1260,12.5,1.18,0,Medium,97.77
2023-03-12,SUPP002,Surgical Gloves Box,Medical Supplies,Europe,863,12.5,0.98,1,Low,102.16
2023-03-13,DRUG001,Atorvastatin 20mg,Pharmaceuticals,North America,1262,1.25,1.2,0,Low,95.79
2023-03-13,DRUG001,Atorvastatin 20mg,Pharmaceuticals,Europe,1441,1.25,1.03,0,Low,103.35
2023-03-13,DRUG002,Amoxicillin 500mg,Pharmaceuticals,North America,1192,0.85,0.92,0,Low,100.95
2023-03-13,DRUG002,Amoxicillin 500mg,Pharmaceuticals,Europe,942,0.85,0.95,1,Medium,100.02
2023-03-13,DRUG003,Insulin Glargine 10ml,Pharmaceuticals,North America,943,25.0,1.1,0,Medium,100.78
2023-03-13,DRUG003,Insulin Glargine 10ml,Pharmaceuticals,Europe,510,25.0,1.17,0,Medium,95.56
2023-03-13,SUPP001,Surgical Masks Box,Medical Supplies,North America,715,10.0,1.02,0,High,104.09
2023-03-13,SUPP001,Surgical Masks Box,Medical Supplies,Europe,1524,10.0,0.99,0,Low,96.91
2023-03-13,SUPP002,Surgical Gloves Box,Medical Supplies,North America,841,12.5,1.03,0,Low,102.35
2023-03-13,SUPP002,Surgical Gloves Box,Medical Supplies,Europe,683,12.5,1.06,0,Medium,98.0
2023-03-14,DRUG001,Atorvastatin 20mg,Pharmaceuticals,North America,589,1.25,0.95,0,Medium,104.02
2023-03-14,DRUG001,Atorvastatin 20mg,Pharmaceuticals,Europe,1596,1.25,1.0,0,Medium,104.32
2023-03-14,DRUG002,Amoxicillin 500mg,Pharmaceuticals,North America,1079,0.85,1.1,0,Low,98.27
2023-03-14,DRUG002,Amoxicillin 500mg,Pharmaceuticals,Europe,1381,0.85,0.9,0,High,96.04
2023-03-14,DRUG003,Insulin Glargine 10ml,Pharmaceuticals,North America,660,25.0,0.94,1,Low,95.67
2023-03-14,DRUG003,Insulin Glargine 10ml,Pharmaceuticals,Europe,1723,25.0,1.08,0,Low,101.59
2023-03-14,SUPP001,Surgical Masks Box,Medical Supplies,North America,714,10.0,0.95,0,Low,104.38
2023-03-14,SUPP001,Surgical Masks Box,Medical Supplies,Europe,1023,10.0,1.15,1,Low,104.7
2023-03-14,SUPP002,Surgical Gloves Box,Medical Supplies,North America,427,12.5,0.92,0,Medium,99.58
2023-03-14,SUPP002,Surgical Gloves Box,Medical Supplies,Europe,741,12.5,0.97,0,Low,100.78
2023-03-15,DRUG001,Atorvastatin 20mg,Pharmaceuticals,North America,1324,1.25,1.15,0,Low,98.63
2023-03-15,DRUG001,Atorvastatin 20mg,Pharmaceuticals,Europe,858,1.25,1.14,0,Low,95.85
2023-03-15,DRUG002,Amoxicillin 500mg,Pharmaceuticals,North America,544,0.85,1.15,0,Low,103.08
2023-03-15,DRUG002,Amoxicillin 500mg,Pharmaceuticals,Europe,150,0.85,1.15,0,Medium,98.03
2023-03-15,DRUG003,Insulin Glargine 10ml,Pharmaceuticals,North America,1057,25.0,1.06,0,Medium,99.08
2023-03-15,DRUG003,Insulin Glargine 10ml,Pharmaceuticals,Europe,1134,25.0,0.95,0,High,100.62
2023-03-15,SUPP001,Surgical Masks Box,Medical Supplies,North America,897,10.0,1.03,0,Medium,104.38
2023-03-15,SUPP001,Surgical Masks Box,Medical Supplies,Europe,1051,10.0,1.1,0,Low,100.51
2023-03-15,SUPP002,Surgical Gloves Box,Medical Supplies,North America,1347,12.5,1.14,0,Low,97.55
2023-03-15,SUPP002,Surgical Gloves Box,Medical Supplies,Europe,899,12.5,0.93,0,Medium,101.76
2023-03-16,DRUG001,Atorvastatin 20mg,Pharmaceuticals,North America,833,1.25,1.02,0,Low,103.27
2023-03-16,DRUG001,Atorvastatin 20mg,Pharmaceuticals,Europe,1061,1.25,0.91,0,Low,103.79
2023-03-16,DRUG002,Amoxicillin 500mg,Pharmaceuticals,North America,545,0.85,1.05,0,High,97.2
2023-03-16,DRUG002,Amoxicillin 500mg,Pharmaceuticals,Europe,1096,0.85,1.17,1,High,101.35
2023-03-16,DRUG003,Insulin Glargine 10ml,Pharmaceuticals,North America,619,25.0,1.13,0,Medium,99.28
2023-03-16,DRUG003,Insulin Glargine 10ml,Pharmaceuticals,Europe,1510,25.0,1.12,0,Low,103.33
2023-03-16,SUPP001,Surgical Masks Box,Medical Supplies,North America,1360,10.0,1.03,0,High,97.51
2023-03-16,SUPP001,Surgical Masks Box,Medical Supplies,Europe,1042,10.0,1.15,0,Medium,98.08
2023-03-16,SUPP002,Surgical Gloves Box,Medical Supplies,North America,454,12.5,0.91,0,Low,104.78
2023-03-16,SUPP002,Surgical Gloves Box,Medical Supplies,Europe,1227,12.5,1.19,0,Medium,98.46
2023-03-17,DRUG001,Atorvastatin 20mg,Pharmaceuticals,North America,1312,1.25,1.18,0,Medium,97.66
2023-03-17,DRUG001,Atorvastatin 20mg,Pharmaceuticals,Europe,1175,1.25,1.2,0,Medium,101.6
2023-03-17,DRUG002,Amoxicillin 500mg,Pharmaceuticals,North America,781,0.85,1.18,0,Medium,97.23
2023-03-17,DRUG002,Amoxicillin 500mg,Pharmaceuticals,Europe,1108,0.85,0.99,0,Medium,96.6
2023-03-17,DRUG003,Insulin Glargine 10ml,Pharmaceuticals,North America,909,25.0,1.13,0,Low,98.93
2023-03-17,DRUG003,Insulin Glargine 10ml,Pharmaceuticals,Europe,637,25.0,0.93,0,Medium,101.02
2023-03-17,SUPP001,Surgical Masks Box,Medical Supplies,North America,854,10.0,0.91,0,High,96.35
2023-03-17,SUPP001,Surgical Masks Box,Medical Supplies,Europe,816,10.0,0.97,0,High,99.2
2023-03-17,SUPP002,Surgical Gloves Box,Medical Supplies,North America,427,12.5,0.91,0,Low,102.87
2023-03-17,SUPP002,Surgical Gloves Box,Medical Supplies,Europe,1395,12.5,0.99,0,Medium,98.98
2023-03-18,DRUG001,Atorvastatin 20mg,Pharmaceuticals,North America,1012,1.25,0.98,0,Low,104.04
2023-03-18,DRUG001,Atorvastatin 20mg,Pharmaceuticals,Europe,1132,1.25,1.01,0,Low,99.26
2023-03-18,DRUG002,Amoxicillin 500mg,Pharmaceuticals,North America,1129,0.85,0.97,0,High,104.3
2023-03-18,DRUG002,Amoxicillin 500mg,Pharmaceuticals,Europe,1141,0.85,0.93,0,Low,103.71
2023-03-18,DRUG003,Insulin Glargine 10ml,Pharmaceuticals,North America,127,25.0,1.0,0,Medium,96.61
2023-03-18,DRUG003,Insulin Glargine 10ml,Pharmaceuticals,Europe,887,25.0,1.07,0,Medium,96.54
2023-03-18,SUPP001,Surgical Masks Box,Medical Supplies,North America,862,10.0,1.01,0,Medium,95.57
2023-03-18,SUPP001,Surgical Masks Box,Medical Supplies,Europe,791,10.0,0.91,0,Medium,96.93
2023-03-18,SUPP002,Surgical Gloves Box,Medical Supplies,North America,604,12.5,1.17,0,Low,97.3
2023-03-18,SUPP002,Surgical Gloves Box,Medical Supplies,Europe,1232,12.5,1.02,0,Medium,103.26
2023-03-19,DRUG001,Atorvastatin 20mg,Pharmaceuticals,North America,1293,1.25,1.02,0,Medium,98.6
2023-03-19,DRUG001,Atorvastatin 20mg,Pharmaceuticals,Europe,1156,1.25,1.1,0,Low,104.93
2023-03-19,DRUG002,Amoxicillin 500mg,Pharmaceuticals,North America,1267,0.85,1.16,0,Medium,101.19
2023-03-19,DRUG002,Amoxicillin 500mg,Pharmaceuticals,Europe,1548,0.85,1.02,0,Low,100.64
2023-03-19,DRUG003,Insulin Glargine 10ml,Pharmaceuticals,North America,888,25.0,1.18,0,High,100.56
2023-03-19,DRUG003,Insulin Glargine 10ml,Pharmaceuticals,Europe,1131,25.0,1.13,0,High,95.4
2023-03-19,SUPP001,Surgical Masks Box,Medical Supplies,North America,714,10.0,1.13,0,High,96.03
2023-03-19,SUPP001,Surgical Masks Box,Medical Supplies,Europe,796,10.0,0.94,1,Medium,103.47
2023-03-19,SUPP002,Surgical Gloves Box,Medical Supplies,North America,1355,12.5,1.08,0,Medium,100.75
2023-03-19,SUPP002,Surgical Gloves Box,Medical Supplies,Europe,646,12.5,1.03,0,Medium,97.26
2023-03-20,DRUG001,Atorvastatin 20mg,Pharmaceuticals,North America,684,1.25,1.09,0,Low,95.6
2023-03-20,DRUG001,Atorvastatin 20mg,Pharmaceuticals,Europe,1227,1.25,0.94,0,High,95.45
2023-03-20,DRUG002,Amoxicillin 500mg,Pharmaceuticals,North America,745,0.85,1.04,1,Low,99.65
2023-03-20,DRUG002,Amoxicillin 500mg,Pharmaceuticals,Europe,1374,0.85,0.9,0,Low,95.28
2023-03-20,DRUG003,Insulin Glargine 10ml,Pharmaceuticals,North America,678,25.0,1.06,0,Low,101.64
2023-03-20,DRUG003,Insulin Glargine 10ml,Pharmaceuticals,Europe,1573,25.0,1.19,0,High,100.77
2023-03-20,SUPP001,Surgical Masks Box,Medical Supplies,North America,1003,10.0,0.92,0,Medium,98.41
2023-03-20,SUPP001,Surgical Masks Box,Medical Supplies,Europe,1860,10.0,1.18,0,Low,102.15
2023-03-20,SUPP002,Surgical Gloves Box,Medical Supplies,North America,1068,12.5,1.11,1,Medium,101.76
2023-03-20,SUPP002,Surgical Gloves Box,Medical Supplies,Europe,442,12.5,1.1,1,Low,95.01
2023-03-21,DRUG001,Atorvastatin 20mg,Pharmaceuticals,North America,735,1.25,1.1,0,Medium,95.16
2023-03-21,DRUG001,Atorvastatin 20mg,Pharmaceuticals,Europe,786,1.25,1.12,0,Medium,100.57
2023-03-21,DRUG002,Amoxicillin 500mg,Pharmaceuticals,North America,736,0.85,0.93,0,High,101.5
2023-03-21,DRUG002,Amoxicillin 500mg,Pharmaceuticals,Europe,886,0.85,0.93,0,Medium,102.8
2023-03-21,DRUG003,Insulin Glargine 10ml,Pharmaceuticals,North America,725,25.0,0.98,0,Medium,103.51
2023-03-21,DRUG003,Insulin Glargine 10ml,Pharmaceuticals,Europe,1406,25.0,1.19,0,Medium,95.85
2023-03-21,SUPP001,Surgical Masks Box,Medical Supplies,North America,354,10.0,1.08,0,Low,95.95
2023-03-21,SUPP001,Surgical Masks Box,Medical Supplies,Europe,1262,10.0,0.99,0,Low,104.87
2023-03-21,SUPP002,Surgical Gloves Box,Medical Supplies,North America,1425,12.5,1.16,1,Medium,103.12
2023-03-21,SUPP002,Surgical Gloves Box,Medical Supplies,Europe,253,12.5,1.0,0,Medium,101.73
2023-03-22,DRUG001,Atorvastatin 20mg,Pharmaceuticals,North America,653,1.25,0.94,0,Low,100.78
2023-03-22,DRUG001,Atorvastatin 20mg,Pharmaceuticals,Europe,1341,1.25,1.11,0,Medium,103.73
2023-03-22,DRUG002,Amoxicillin 500mg,Pharmaceuticals,North America,1528,0.85,1.09,0,Low,97.85
2023-03-22,DRUG002,Amoxicillin 500mg,Pharmaceuticals,Europe,999,0.85,1.03,0,High,96.96
2023-03-22,DRUG003,Insulin Glargine 10ml,Pharmaceuticals,North America,983,25.0,1.08,0,Low,95.57
2023-03-22,DRUG003,Insulin Glargine 10ml,Pharmaceuticals,Europe,705,25.0,0.93,0,Medium,97.34
2023-03-22,SUPP001,Surgical Masks Box,Medical Supplies,North America,1331,10.0,0.91,0,Medium,97.52
2023-03-22,SUPP001,Surgical Masks Box,Medical Supplies,Europe,1142,10.0,0.99,0,High,103.1
2023-03-22,SUPP002,Surgical Gloves Box,Medical Supplies,North America,1476,12.5,1.01,0,Medium,96.9
2023-03-22,SUPP002,Surgical Gloves Box,Medical Supplies,Europe,1172,12.5,1.11,0,Low,104.11
2023-03-23,DRUG001,Atorvastatin 20mg,Pharmaceuticals,North America,692,1.25,1.1,0,Medium,99.54
2023-03-23,DRUG001,Atorvastatin 20mg,Pharmaceuticals,Europe,1369,1.25,1.02,1,Low,96.2
2023-03-23,DRUG002,Amoxicillin 500mg,Pharmaceuticals,North America,1128,0.85,1.01,0,Low,100.06
2023-03-23,DRUG002,Amoxicillin 500mg,Pharmaceuticals,Europe,1023,0.85,0.95,0,High,99.52
2023-03-23,DRUG003,Insulin Glargine 10ml,Pharmaceuticals,North America,654,25.0,0.93,0,Medium,98.87
2023-03-23,DRUG003,Insulin Glargine 10ml,Pharmaceuticals,Europe,493,25.0,1.1,0,Medium,95.61
2023-03-23,SUPP001,Surgical Masks Box,Medical Supplies,North America,1120,10.0,0.95,0,Medium,100.82
2023-03-23,SUPP001,Surgical Masks Box,Medical Supplies,Europe,1039,10.0,1.02,0,Low,98.92
2023-03-23,SUPP002,Surgical Gloves Box,Medical Supplies,North America,1151,12.5,0.96,0,Medium,100.95
2023-03-23,SUPP002,Surgical Gloves Box,Medical Supplies,Europe,781,12.5,1.16,0,Low,103.03
2023-03-24,DRUG001,Atorvastatin 20mg,Pharmaceuticals,North America,755,1.25,1.07,1,Low,97.96
2023-03-24,DRUG001,Atorvastatin 20mg,Pharmaceuticals,Europe,1023,1.25,0.94,0,Medium,100.96
2023-03-24,DRUG002,Amoxicillin 500mg,Pharmaceuticals,North America,1151,0.85,1.15,0,Medium,101.3
2023-03-24,DRUG002,Amoxicillin 500mg,Pharmaceuticals,Europe,1446,0.85,1.15,0,Low,104.41
2023-03-24,DRUG003,Insulin Glargine 10ml,Pharmaceuticals,North America,1130,25.0,1.07,1,Medium,99.81
2023-03-24,DRUG003,Insulin Glargine 10ml,Pharmaceuticals,Europe,240,25.0,1.14,1,Low,104.83
2023-03-24,SUPP001,Surgical Masks Box,Medical Supplies,North America,797,10.0,1.03,0,Low,95.55
2023-03-24,SUPP001,Surgical Masks Box,Medical Supplies,Europe,879,10.0,1.08,1,Low,97.16
2023-03-24,SUPP002,Surgical Gloves Box,Medical Supplies,North America,817,12.5,1.15,0,Medium,98.53
2023-03-24,SUPP002,Surgical Gloves Box,Medical Supplies,Europe,976,12.5,1.14,0,High,101.31
2023-03-25,DRUG001,Atorvastatin 20mg,Pharmaceuticals,North America,1139,1.25,1.02,1,Medium,101.05
2023-03-25,DRUG001,Atorvastatin 20mg,Pharmaceuticals,Europe,1403,1.25,0.97,0,Medium,96.85
2023-03-25,DRUG002,Amoxicillin 500mg,Pharmaceuticals,North America,1043,0.85,1.13,0,Low,101.67
2023-03-25,DRUG002,Amoxicillin 500mg,Pharmaceuticals,Europe,815,0.85,0.92,0,Low,96.84
2023-03-25,DRUG003,Insulin Glargine 10ml,Pharmaceuticals,North America,856,25.0,0.92,0,Medium,99.83
2023-03-25,DRUG003,Insulin Glargine 10ml,Pharmaceuticals,Europe,623,25.0,1.01,0,Low,100.06
2023-03-25,SUPP001,Surgical Masks Box,Medical Supplies,North America,1508,10.0,1.16,0,High,95.49
2023-03-25,SUPP001,Surgical Masks Box,Medical Supplies,Europe,1569,10.0,0.93,0,Low,100.41
2023-03-25,SUPP002,Surgical Gloves Box,Medical Supplies,North America,876,12.5,1.18,0,Low,95.77
2023-03-25,SUPP002,Surgical Gloves Box,Medical Supplies,Europe,1039,12.5,0.95,0,Low,100.19
2023-03-26,DRUG001,Atorvastatin 20mg,Pharmaceuticals,North America,784,1.25,1.2,0,High,96.43
2023-03-26,DRUG001,Atorvastatin 20mg,Pharmaceuticals,Europe,614,1.25,1.01,0,Low,95.04
2023-03-26,DRUG002,Amoxicillin 500mg,Pharmaceuticals,North America,1346,0.85,1.02,0,Medium,95.24
2023-03-26,DRUG002,Amoxicillin 500mg,Pharmaceuticals,Europe,1415,0.85,1.0,0,Low,104.57
2023-03-26,DRUG003,Insulin Glargine 10ml,Pharmaceuticals,North America,1459,25.0,0.99,0,Low,95.97
2023-03-26,DRUG003,Insulin Glargine 10ml,Pharmaceuticals,Europe,1199,25.0,0.95,0,Medium,100.47
2023-03-26,SUPP001,Surgical Masks Box,Medical Supplies,North America,1244,10.0,0.92,0,Low,102.82
2023-03-26,SUPP001,Surgical Masks Box,Medical Supplies,Europe,985,10.0,1.2,0,High,103.31
2023-03-26,SUPP002,Surgical Gloves Box,Medical Supplies,North America,849,12.5,1.02,1,Low,102.99
2023-03-26,SUPP002,Surgical Gloves Box,Medical Supplies,Europe,588,12.5,1.0,0,Medium,100.78
2023-03-27,DRUG001,Atorvastatin 20mg,Pharmaceuticals,North America,1130,1.25,1.16,0,Medium,96.4
2023-03-27,DRUG001,Atorvastatin 20mg,Pharmaceuticals,Europe,1142,1.25,1.02,0,Medium,100.2
2023-03-27,DRUG002,Amoxicillin 500mg,Pharmaceuticals,North America,710,0.85,0.94,0,High,103.8
2023-03-27,DRUG002,Amoxicillin 500mg,Pharmaceuticals,Europe,1488,0.85,1.17,1,Low,98.55
2023-03-27,DRUG003,Insulin Glargine 10ml,Pharmaceuticals,North America,940,25.0,1.03,0,Medium,100.76
2023-03-27,DRUG003,Insulin Glargine 10ml,Pharmaceuticals,Europe,1620,25.0,0.95,0,Medium,100.7
2023-03-27,SUPP001,Surgical Masks Box,Medical Supplies,North America,1203,10.0,0.91,0,Medium,100.64
2023-03-27,SUPP001,Surgical Masks Box,Medical Supplies,Europe,756,10.0,0.98,0,Medium,102.96
2023-03-27,SUPP002,Surgical Gloves Box,Medical Supplies,North America,1206,12.5,1.05,0,Low,99.19
2023-03-27,SUPP002,Surgical Gloves Box,Medical Supplies,Europe,1439,12.5,1.08,0,Low,95.06
2023-03-28,DRUG001,Atorvastatin 20mg,Pharmaceuticals,North America,447,1.25,1.12,0,Medium,104.41
2023-03-28,DRUG001,Atorvastatin 20mg,Pharmaceuticals,Europe,990,1.25,0.95,0,Low,101.26
2023-03-28,DRUG002,Amoxicillin 500mg,Pharmaceuticals,North America,343,0.85,1.06,0,Low,95.23
2023-03-28,DRUG002,Amoxicillin 500mg,Pharmaceuticals,Europe,1358,0.85,1.16,0,High,100.97
2023-03-28,DRUG003,Insulin Glargine 10ml,Pharmaceuticals,North America,910,25.0,1.12,1,Medium,96.81
2023-03-28,DRUG003,Insulin Glargine 10ml,Pharmaceuticals,Europe,1393,25.0,0.98,0,Low,98.06
2023-03-28,SUPP001,Surgical Masks Box,Medical Supplies,North America,1637,10.0,1.03,0,Low,95.88
2023-03-28,SUPP001,Surgical Masks Box,Medical Supplies,Europe,1399,10.0,0.95,0,Low,97.83
2023-03-28,SUPP002,Surgical Gloves Box,Medical Supplies,North America,1371,12.5,0.9,0,Medium,102.99
2023-03-28,SUPP002,Surgical Gloves Box,Medical Supplies,Europe,881,12.5,1.18,0,Low,103.86
2023-03-29,DRUG001,Atorvastatin 20mg,Pharmaceuticals,North America,1691,1.25,1.1,0,High,104.97
2023-03-29,DRUG001,Atorvastatin 20mg,Pharmaceuticals,Europe,556,1.25,1.12,0,High,95.49
2023-03-29,DRUG002,Amoxicillin 500mg,Pharmaceuticals,North America,1100,0.85,0.98,0,Low,103.59
2023-03-29,DRUG002,Amoxicillin 500mg,Pharmaceuticals,Europe,931,0.85,1.05,0,Low,102.58
2023-03-29,DRUG003,Insulin Glargine 10ml,Pharmaceuticals,North America,766,25.0,1.02,0,High,101.46
2023-03-29,DRUG003,Insulin Glargine 10ml,Pharmaceuticals,Europe,1324,25.0,1.18,0,Medium,102.66
2023-03-29,SUPP001,Surgical Masks Box,Medical Supplies,North America,704,10.0,1.1,0,Medium,97.07
2023-03-29,SUPP001,Surgical Masks Box,Medical Supplies,Europe,914,10.0,1.05,0,Medium,101.45
2023-03-29,SUPP002,Surgical Gloves Box,Medical Supplies,North America,749,12.5,1.02,0,Low,102.83
2023-03-29,SUPP002,Surgical Gloves Box,Medical Supplies,Europe,1229,12.5,1.17,0,Medium,103.97
2023-03-30,DRUG001,Atorvastatin 20mg,Pharmaceuticals,North America,898,1.25,1.19,0,Low,95.62
2023-03-30,DRUG001,Atorvastatin 20mg,Pharmaceuticals,Europe,1111,1.25,1.05,0,Low,98.17
2023-03-30,DRUG002,Amoxicillin 500mg,Pharmaceuticals,North America,1077,0.85,0.99,0,High,102.65
2023-03-30,DRUG002,Amoxicillin 500mg,Pharmaceuticals,Europe,1063,0.85,0.94,0,High,101.83
2023-03-30,DRUG003,Insulin Glargine 10ml,Pharmaceuticals,North America,1002,25.0,1.09,0,Low,98.12
2023-03-30,DRUG003,Insulin Glargine 10ml,Pharmaceuticals,Europe,374,25.0,1.14,0,Low,104.52
2023-03-30,SUPP001,Surgical Masks Box,Medical Supplies,North America,1357,10.0,1.13,0,High,98.13
2023-03-30,SUPP001,Surgical Masks Box,Medical Supplies,Europe,622,10.0,1.16,0,Medium,102.42
2023-03-30,SUPP002,Surgical Gloves Box,Medical Supplies,North America,657,12.5,1.16,0,Low,102.17
2023-03-30,SUPP002,Surgical Gloves Box,Medical Supplies,Europe,1246,12.5,1.04,0,Low,96.68
2023-03-31,DRUG001,Atorvastatin 20mg,Pharmaceuticals,North America,1053,1.25,0.96,0,Medium,101.04
2023-03-31,DRUG001,Atorvastatin 20mg,Pharmaceuticals,Europe,1368,1.25,1.04,0,High,102.09
2023-03-31,DRUG002,Amoxicillin 500mg,Pharmaceuticals,North America,1365,0.85,1.01,0,Medium,96.13
2023-03-31,DRUG002,Amoxicillin 500mg,Pharmaceuticals,Europe,1317,0.85,1.02,0,Low,104.61
2023-03-31,DRUG003,Insulin Glargine 10ml,Pharmaceuticals,North America,1319,25.0,0.98,0,High,97.98
2023-03-31,DRUG003,Insulin Glargine 10ml,Pharmaceuticals,Europe,1435,25.0,1.13,0,Low,95.11
2023-03-31,SUPP001,Surgical Masks Box,Medical Supplies,North America,1127,10.0,1.01,0,Low,100.21
2023-03-31,SUPP001,Surgical Masks Box,Medical Supplies,Europe,1011,10.0,1.03,0,Medium,100.08
2023-03-31,SUPP002,Surgical Gloves Box,Medical Supplies,North America,945,12.5,1.1,0,Medium,99.22
2023-03-31,SUPP002,Surgical Gloves Box,Medical Supplies,Europe,968,12.5,1.14,0,High,101.49
2023-04-01,DRUG001,Atorvastatin 20mg,Pharmaceuticals,North America,640,1.25,0.98,0,Medium,98.21
2023-04-01,DRUG001,Atorvastatin 20mg,Pharmaceuticals,Europe,305,1.25,1.08,1,Medium,104.21
2023-04-01,DRUG002,Amoxicillin 500mg,Pharmaceuticals,North America,862,0.85,0.96,0,Low,95.0
2023-04-01,DRUG002,Amoxicillin 500mg,Pharmaceuticals,Europe,952,0.85,1.17,0,Medium,96.68
2023-04-01,DRUG003,Insulin Glargine 10ml,Pharmaceuticals,North America,1096,25.0,1.03,0,Medium,98.49
2023-04-01,DRUG003,Insulin Glargine 10ml,Pharmaceuticals,Europe,1050,25.0,1.01,0,Medium,96.11
2023-04-01,SUPP001,Surgical Masks Box,Medical Supplies,North America,1375,10.0,1.0,0,Medium,100.09
2023-04-01,SUPP001,Surgical Masks Box,Medical Supplies,Europe,865,10.0,1.16,0,Low,102.78
2023-04-01,SUPP002,Surgical Gloves Box,Medical Supplies,North America,1083,12.5,1.04,1,Medium,97.49
2023-04-01,SUPP002,Surgical Gloves Box,Medical Supplies,Europe,993,12.5,1.06,1,High,95.97
2023-04-02,DRUG001,Atorvastatin 20mg,Pharmaceuticals,North America,707,1.25,0.9,0,Low,103.19
2023-04-02,DRUG001,Atorvastatin 20mg,Pharmaceuticals,Europe,1391,1.25,1.0,0,Low,98.08
2023-04-02,DRUG002,Amoxicillin 500mg,Pharmaceuticals,North America,765,0.85,0.92,0,Medium,97.91
2023-04-02,DRUG002,Amoxicillin 500mg,Pharmaceuticals,Europe,772,0.85,1.03,0,High,104.05
2023-04-02,DRUG003,Insulin Glargine 10ml,Pharmaceuticals,North America,377,25.0,0.93,1,Low,97.98
2023-04-02,DRUG003,Insulin Glargine 10ml,Pharmaceuticals,Europe,974,25.0,0.99,0,Low,102.83
2023-04-02,SUPP001,Surgical Masks Box,Medical Supplies,North America,1094,10.0,0.94,0,High,96.9
2023-04-02,SUPP001,Surgical Masks Box,Medical Supplies,Europe,734,10.0,1.15,0,Low,104.55
2023-04-02,SUPP002,Surgical Gloves Box,Medical Supplies,North America,1175,12.5,0.95,0,Low,100.12
2023-04-02,SUPP002,Surgical Gloves Box,Medical Supplies,Europe,876,12.5,1.13,1,High,103.2
2023-04-03,DRUG001,Atorvastatin 20mg,Pharmaceuticals,North America,950,1.25,0.99,0,Low,98.93
2023-04-03,DRUG001,Atorvastatin 20mg,Pharmaceuticals,Europe,1063,1.25,1.06,0,Medium,96.68
2023-04-03,DRUG002,Amoxicillin 500mg,Pharmaceuticals,North America,1010,0.85,1.14,0,Medium,96.56
2023-04-03,DRUG002,Amoxicillin 500mg,Pharmaceuticals,Europe,409,0.85,1.06,0,Low,99.14
2023-04-03,DRUG003,Insulin Glargine 10ml,Pharmaceuticals,North America,885,25.0,0.95,0,High,96.41
2023-04-03,DRUG003,Insulin Glargine 10ml,Pharmaceuticals,Europe,962,25.0,1.13,0,High,98.82
2023-04-03,SUPP001,Surgical Masks Box,Medical Supplies,North America,798,10.0,1.09,0,Low,104.38
2023-04-03,SUPP001,Surgical Masks Box,Medical Supplies,Europe,1351,10.0,1.18,0,Medium,103.08
2023-04-03,SUPP002,Surgical Gloves Box,Medical Supplies,North America,939,12.5,0.99,0,Low,96.49
2023-04-03,SUPP002,Surgical Gloves Box,Medical Supplies,Europe,841,12.5,1.08,0,Low,96.32
2023-04-04,DRUG001,Atorvastatin 20mg,Pharmaceuticals,North America,815,1.25,0.99,0,Medium,101.96
2023-04-04,DRUG001,Atorvastatin 20mg,Pharmaceuticals,Europe,787,1.25,1.01,0,Low,99.69
2023-04-04,DRUG002,Amoxicillin 500mg,Pharmaceuticals,North America,842,0.85,0.93,0,Low,101.84
2023-04-04,DRUG002,Amoxicillin 500mg,Pharmaceuticals,Europe,1148,0.85,0.91,0,Low,95.56
2023-04-04,DRUG003,Insulin Glargine 10ml,Pharmaceuticals,North America,581,25.0,1.02,0,Low,97.98
2023-04-04,DRUG003,Insulin Glargine 10ml,Pharmaceuticals,Europe,1177,25.0,0.93,1,Low,99.84
2023-04-04,SUPP001,Surgical Masks Box,Medical Supplies,North America,888,10.0,1.18,0,High,97.06
2023-04-04,SUPP001,Surgical Masks Box,Medical Supplies,Europe,781,10.0,1.12,0,High,100.54
2023-04-04,SUPP002,Surgical Gloves Box,Medical Supplies,North America,582,12.5,0.95,1,Low,98.72
2023-04-04,SUPP002,Surgical Gloves Box,Medical Supplies,Europe,1047,12.5,1.13,0,High,102.38
2023-04-05,DRUG001,Atorvastatin 20mg,Pharmaceuticals,North America,1285,1.25,0.91,0,Medium,97.27
2023-04-05,DRUG001,Atorvastatin 20mg,Pharmaceuticals,Europe,1072,1.25,1.12,1,Medium,98.42
2023-04-05,DRUG002,Amoxicillin 500mg,Pharmaceuticals,North America,980,0.85,1.05,0,High,100.69
2023-04-05,DRUG002,Amoxicillin 500mg,Pharmaceuticals,Europe,1160,0.85,1.13,0,Low,99.34
2023-04-05,DRUG003,Insulin Glargine 10ml,Pharmaceuticals,North America,882,25.0,1.14,1,Medium,102.42
2023-04-05,DRUG003,Insulin Glargine 10ml,Pharmaceuticals,Europe,1300,25.0,1.14,0,Low,95.51
2023-04-05,SUPP001,Surgical Masks Box,Medical Supplies,North America,1500,10.0,1.04,0,Low,101.35
2023-04-05,SUPP001,Surgical Masks Box,Medical Supplies,Europe,717,10.0,0.96,0,Medium,97.04
2023-04-05,SUPP002,Surgical Gloves Box,Medical Supplies,North America,1302,12.5,1.04,0,High,102.15
2023-04-05,SUPP002,Surgical Gloves Box,Medical Supplies,Europe,746,12.5,1.19,0,Medium,103.98
2023-04-06,DRUG001,Atorvastatin 20mg,Pharmaceuticals,North America,1556,1.25,0.98,0,Low,97.06
2023-04-06,DRUG001,Atorvastatin 20mg,Pharmaceuticals,Europe,1067,1.25,0.9,0,High,97.42
2023-04-06,DRUG002,Amoxicillin 500mg,Pharmaceuticals,North America,1288,0.85,1.07,0,Medium,101.0
2023-04-06,DRUG002,Amoxicillin 500mg,Pharmaceuticals,Europe,1138,0.85,1.12,0,High,100.74
2023-04-06,DRUG003,Insulin Glargine 10ml,Pharmaceuticals,North America,1374,25.0,0.92,0,Low,98.28
2023-04-06,DRUG003,Insulin Glargine 10ml,Pharmaceuticals,Europe,600,25.0,1.14,0,Low,99.73
2023-04-06,SUPP001,Surgical Masks Box,Medical Supplies,North America,876,10.0,1.16,0,Medium,103.48
2023-04-06,SUPP001,Surgical Masks Box,Medical Supplies,Europe,1274,10.0,0.95,0,Low,102.07
2023-04-06,SUPP002,Surgical Gloves Box,Medical Supplies,North America,1655,12.5,0.96,0,Low,98.22
2023-04-06,SUPP002,Surgical Gloves Box,Medical Supplies,Europe,1171,12.5,1.07,0,Medium,99.35
2023-04-07,DRUG001,Atorvastatin 20mg,Pharmaceuticals,North America,1014,1.25,0.98,0,Medium,96.21
2023-04-07,DRUG001,Atorvastatin 20mg,Pharmaceuticals,Europe,1230,1.25,0.99,0,Medium,101.01
2023-04-07,DRUG002,Amoxicillin 500mg,Pharmaceuticals,North America,880,0.85,1.09,1,Medium,104.23
2023-04-07,DRUG002,Amoxicillin 500mg,Pharmaceuticals,Europe,669,0.85,1.13,0,Low,101.67
2023-04-07,DRUG003,Insulin Glargine 10ml,Pharmaceuticals,North America,1408,25.0,1.05,0,Low,100.19
2023-04-07,DRUG003,Insulin Glargine 10ml,Pharmaceuticals,Europe,1492,25.0,0.96,0,Low,95.85
2023-04-07,SUPP001,Surgical Masks Box,Medical Supplies,North America,1577,10.0,1.03,0,Medium,98.47
2023-04-07,SUPP001,Surgical Masks Box,Medical Supplies,Europe,767,10.0,1.18,1,Medium,98.28
2023-04-07,SUPP002,Surgical Gloves Box,Medical Supplies,North America,376,12.5,1.18,0,Medium,102.41
2023-04-07,SUPP002,Surgical Gloves Box,Medical Supplies,Europe,903,12.5,1.05,0,High,100.18
2023-04-08,DRUG001,Atorvastatin 20mg,Pharmaceuticals,North America,589,1.25,1.05,0,Low,96.06
2023-04-08,DRUG001,Atorvastatin 20mg,Pharmaceuticals,Europe,1177,1.25,1.15,0,Low,100.05
2023-04-08,DRUG002,Amoxicillin 500mg,Pharmaceuticals,North America,704,0.85,0.91,0,High,96.18
2023-04-08,DRUG002,Amoxicillin 500mg,Pharmaceuticals,Europe,1059,0.85,0.91,0,High,97.62
2023-04-08,DRUG003,Insulin Glargine 10ml,Pharmaceuticals,North America,844,25.0,1.03,0,Medium,98.32
2023-04-08,DRUG003,Insulin Glargine 10ml,Pharmaceuticals,Europe,973,25.0,0.99,0,Low,95.99
2023-04-08,SUPP001,Surgical Masks Box,Medical Supplies,North America,1479,10.0,0.99,0,Medium,99.82
2023-04-08,SUPP001,Surgical Masks Box,Medical Supplies,Europe,1240,10.0,1.13,0,Low,104.25
2023-04-08,SUPP002,Surgical Gloves Box,Medical Supplies,North America,993,12.5,1.17,0,Medium,97.5
2023-04-08,SUPP002,Surgical Gloves Box,Medical Supplies,Europe,793,12.5,1.0,0,Medium,100.15
2023-04-09,DRUG001,Atorvastatin 20mg,Pharmaceuticals,North America,968,1.25,1.08,0,Medium,104.33
2023-04-09,DRUG001,Atorvastatin 20mg,Pharmaceuticals,Europe,1117,1.25,1.07,0,Medium,102.66
2023-04-09,DRUG002,Amoxicillin 500mg,Pharmaceuticals,North America,1288,0.85,1.09,0,Medium,96.31
2023-04-09,DRUG002,Amoxicillin 500mg,Pharmaceuticals,Europe,928,0.85,0.99,0,High,102.6
2023-04-09,DRUG003,Insulin Glargine 10ml,Pharmaceuticals,North America,643,25.0,0.96,0,Medium,97.26
2023-04-09,DRUG003,Insulin Glargine 10ml,Pharmaceuticals,Europe,1316,25.0,1.08,0,Low,99.69
2023-04-09,SUPP001,Surgical Masks Box,Medical Supplies,North America,883,10.0,0.96,0,Medium,100.65
2023-04-09,SUPP001,Surgical Masks Box,Medical Supplies,Europe,908,10.0,0.91,0,Medium,103.17
2023-04-09,SUPP002,Surgical Gloves Box,Medical Supplies,North America,1257,12.5,1.02,0,Low,104.35
2023-04-09,SUPP002,Surgical Gloves Box,Medical Supplies,Europe,1023,12.5,1.13,1,Medium,98.63
2023-04-10,DRUG001,Atorvastatin 20mg,Pharmaceuticals,North America,965,1.25,1.0,0,Medium,104.29
2023-04-10,DRUG001,Atorvastatin 20mg,Pharmaceuticals,Europe,1066,1.25,0.96,0,Medium,95.64
2023-04-10,DRUG002,Amoxicillin 500mg,Pharmaceuticals,North America,549,0.85,0.99,1,Medium,102.18
2023-04-10,DRUG002,Amoxicillin 500mg,Pharmaceuticals,Europe,766,0.85,1.19,0,High,99.35
2023-04-10,DRUG003,Insulin Glargine 10ml,Pharmaceuticals,North America,939,25.0,1.18,0,Low,102.56
2023-04-10,DRUG003,Insulin Glargine 10ml,Pharmaceuticals,Europe,1069,25.0,1.02,0,Medium,102.42
2023-04-10,SUPP001,Surgical Masks Box,Medical Supplies,North America,927,10.0,0.95,0,Low,95.57
2023-04-10,SUPP001,Surgical Masks Box,Medical Supplies,Europe,432,10.0,1.07,0,Low,100.98
2023-04-10,SUPP002,Surgical Gloves Box,Medical Supplies,North America,735,12.5,1.11,0,Medium,95.07
2023-04-10,SUPP002,Surgical Gloves Box,Medical Supplies,Europe,1539,12.5,1.11,0,Low,98.68
2023-04-11,DRUG001,Atorvastatin 20mg,Pharmaceuticals,North America,983,1.25,1.05,1,Medium,100.82
2023-04-11,DRUG001,Atorvastatin 20mg,Pharmaceuticals,Europe,1101,1.25,1.14,0,Medium,99.75
2023-04-11,DRUG002,Amoxicillin 500mg,Pharmaceuticals,North America,1116,0.85,1.11,0,High,99.81
2023-04-11,DRUG002,Amoxicillin 500mg,Pharmaceuticals,Europe,971,0.85,0.92,0,Medium,103.78
2023-04-11,DRUG003,Insulin Glargine 10ml,Pharmaceuticals,North America,1157,25.0,1.07,0,High,100.13
2023-04-11,DRUG003,Insulin Glargine 10ml,Pharmaceuticals,Europe,856,25.0,0.99,0,High,98.05
2023-04-11,SUPP001,Surgical Masks Box,Medical Supplies,North America,910,10.0,0.99,0,Medium,97.27
2023-04-11,SUPP001,Surgical Masks Box,Medical Supplies,Europe,926,10.0,0.95,0,High,98.43
2023-04-11,SUPP002,Surgical Gloves Box,Medical Supplies,North America,997,12.5,0.95,0,Medium,102.1
2023-04-11,SUPP002,Surgical Gloves Box,Medical Supplies,Europe,1092,12.5,1.2,0,Low,102.2
2023-04-12,DRUG001,Atorvastatin 20mg,Pharmaceuticals,North America,746,1.25,0.91,0,Medium,96.34
2023-04-12,DRUG001,Atorvastatin 20mg,Pharmaceuticals,Europe,824,1.25,1.04,0,Medium,95.27
2023-04-12,DRUG002,Amoxicillin 500mg,Pharmaceuticals,North America,1118,0.85,1.03,0,Medium,98.89
2023-04-12,DRUG002,Amoxicillin 500mg,Pharmaceuticals,Europe,1079,0.85,1.17,0,Low,101.15
2023-04-12,DRUG003,Insulin Glargine 10ml,Pharmaceuticals,North America,97,25.0,0.98,1,Low,100.8
2023-04-12,DRUG003,Insulin Glargine 10ml,Pharmaceuticals,Europe,1171,25.0,0.98,0,Medium,104.99
2023-04-12,SUPP001,Surgical Masks Box,Medical Supplies,North America,1033,10.0,0.92,0,Medium,100.1
2023-04-12,SUPP001,Surgical Masks Box,Medical Supplies,Europe,812,10.0,0.98,0,Low,98.03
2023-04-12,SUPP002,Surgical Gloves Box,Medical Supplies,North America,1239,12.5,1.17,0,High,104.48
2023-04-12,SUPP002,Surgical Gloves Box,Medical Supplies,Europe,442,12.5,0.93,0,High,100.38
2023-04-13,DRUG001,Atorvastatin 20mg,Pharmaceuticals,North America,1556,1.25,1.12,1,Low,100.38
2023-04-13,DRUG001,Atorvastatin 20mg,Pharmaceuticals,Europe,855,1.25,1.06,0,Low,104.77
2023-04-13,DRUG002,Amoxicillin 500mg,Pharmaceuticals,North America,998,0.85,1.08,0,Medium,101.95
2023-04-13,DRUG002,Amoxicillin 500mg,Pharmaceuticals,Europe,1353,0.85,1.05,1,Medium,98.71
2023-04-13,DRUG003,Insulin Glargine 10ml,Pharmaceuticals,North America,816,25.0,1.02,0,Medium,102.82
2023-04-13,DRUG003,Insulin Glargine 10ml,Pharmaceuticals,Europe,1151,25.0,1.05,0,Medium,98.42
2023-04-13,SUPP001,Surgical Masks Box,Medical Supplies,North America,823,10.0,0.97,0,Low,95.09
2023-04-13,SUPP001,Surgical Masks Box,Medical Supplies,Europe,1209,10.0,1.09,0,Medium,104.67
2023-04-13,SUPP002,Surgical Gloves Box,Medical Supplies,North America,1322,12.5,0.94,0,High,100.83
2023-04-13,SUPP002,Surgical Gloves Box,Medical Supplies,Europe,1063,12.5,1.12,0,Low,99.58
2023-04-14,DRUG001,Atorvastatin 20mg,Pharmaceuticals,North America,1299,1.25,0.97,1,High,97.48
2023-04-14,DRUG001,Atorvastatin 20mg,Pharmaceuticals,Europe,913,1.25,1.0,0,High,99.43
2023-04-14,DRUG002,Amoxicillin 500mg,Pharmaceuticals,North America,1087,0.85,1.11,0,Medium,95.52
2023-04-14,DRUG002,Amoxicillin 500mg,Pharmaceuticals,Europe,401,0.85,0.91,0,Low,98.16
2023-04-14,DRUG003,Insulin Glargine 10ml,Pharmaceuticals,North America,393,25.0,0.96,0,High,99.11
2023-04-14,DRUG003,Insulin Glargine 10ml,Pharmaceuticals,Europe,969,25.0,1.03,0,High,97.42
2023-04-14,SUPP001,Surgical Masks Box,Medical Supplies,North America,1347,10.0,1.08,0,Medium,95.64
2023-04-14,SUPP001,Surgical Masks Box,Medical Supplies,Europe,1291,10.0,1.08,0,Low,103.42
2023-04-14,SUPP002,Surgical Gloves Box,Medical Supplies,North America,554,12.5,0.94,1,Low,96.99
2023-04-14,SUPP002,Surgical Gloves Box,Medical Supplies,Europe,937,12.5,1.0,0,Medium,96.26
2023-04-15,DRUG001,Atorvastatin 20mg,Pharmaceuticals,North America,704,1.25,0.96,0,Medium,97.17
2023-04-15,DRUG001,Atorvastatin 20mg,Pharmaceuticals,Europe,762,1.25,1.01,0,High,104.55
2023-04-15,DRUG002,Amoxicillin 500mg,Pharmaceuticals,North America,810,0.85,0.92,0,Low,100.06
2023-04-15,DRUG002,Amoxicillin 500mg,Pharmaceuticals,Europe,1219,0.85,1.13,0,High,98.6
2023-04-15,DRUG003,Insulin Glargine 10ml,Pharmaceuticals,North America,661,25.0,0.92,0,Low,99.09
2023-04-15,DRUG003,Insulin Glargine 10ml,Pharmaceuticals,Europe,1338,25.0,1.0,0,Medium,98.04
2023-04-15,SUPP001,Surgical Masks Box,Medical Supplies,North America,821,10.0,1.03,0,Medium,104.87
2023-04-15,SUPP001,Surgical Masks Box,Medical Supplies,Europe,1270,10.0,0.97,0,Medium,104.15
2023-04-15,SUPP002,Surgical Gloves Box,Medical Supplies,North America,1141,12.5,1.07,0,Medium,98.34
2023-04-15,SUPP002,Surgical Gloves Box,Medical Supplies,Europe,806,12.5,1.07,0,Medium,101.32
2023-04-16,DRUG001,Atorvastatin 20mg,Pharmaceuticals,North America,803,1.25,0.97,0,Low,96.82
2023-04-16,DRUG001,Atorvastatin 20mg,Pharmaceuticals,Europe,1008,1.25,1.05,0,Low,99.64
2023-04-16,DRUG002,Amoxicillin 500mg,Pharmaceuticals,North America,1121,0.85,0.93,0,High,102.68
2023-04-16,DRUG002,Amoxicillin 500mg,Pharmaceuticals,Europe,1214,0.85,0.93,0,High,100.77
2023-04-16,DRUG003,Insulin Glargine 10ml,Pharmaceuticals,North America,821,25.0,1.06,0,Medium,95.81
2023-04-16,DRUG003,Insulin Glargine 10ml,Pharmaceuticals,Europe,1629,25.0,1.03,0,Medium,96.33
2023-04-16,SUPP001,Surgical Masks Box,Medical Supplies,North America,1298,10.0,0.95,0,Low,103.77
2023-04-16,SUPP001,Surgical Masks Box,Medical Supplies,Europe,1193,10.0,1.06,0,Low,101.5
2023-04-16,SUPP002,Surgical Gloves Box,Medical Supplies,North America,1047,12.5,1.09,0,Low,95.49
2023-04-16,SUPP002,Surgical Gloves Box,Medical Supplies,Europe,1052,12.5,0.98,0,Low,98.85
2023-04-17,DRUG001,Atorvastatin 20mg,Pharmaceuticals,North America,1043,1.25,1.15,0,Low,102.36
2023-04-17,DRUG001,Atorvastatin 20mg,Pharmaceuticals,Europe,1175,1.25,0.98,0,Low,104.98
2023-04-17,DRUG002,Amoxicillin 500mg,Pharmaceuticals,North America,729,0.85,1.18,0,Medium,102.25
2023-04-17,DRUG002,Amoxicillin 500mg,Pharmaceuticals,Europe,710,0.85,1.15,1,High,95.65
2023-04-17,DRUG003,Insulin Glargine 10ml,Pharmaceuticals,North America,1146,25.0,1.09,0,Medium,104.82
2023-04-17,DRUG003,Insulin Glargine 10ml,Pharmaceuticals,Europe,1321,25.0,1.17,0,Low,98.62
2023-04-17,SUPP001,Surgical Masks Box,Medical Supplies,North America,1162,10.0,1.04,0,Medium,99.69
2023-04-17,SUPP001,Surgical Masks Box,Medical Supplies,Europe,1262,10.0,1.18,0,Low,100.25
2023-04-17,SUPP002,Surgical Gloves Box,Medical Supplies,North America,894,12.5,1.01,0,Medium,102.15
2023-04-17,SUPP002,Surgical Gloves Box,Medical Supplies,Europe,334,12.5,0.98,0,Low,101.56
2023-04-18,DRUG001,Atorvastatin 20mg,Pharmaceuticals,North America,1030,1.25,1.16,0,Medium,99.59
2023-04-18,DRUG001,Atorvastatin 20mg,Pharmaceuticals,Europe,855,1.25,0.92,0,High,97.45
2023-04-18,DRUG002,Amoxicillin 500mg,Pharmaceuticals,North America,1352,0.85,1.16,0,Medium,96.92
2023-04-18,DRUG002,Amoxicillin 500mg,Pharmaceuticals,Europe,918,0.85,0.93,1,High,102.6
2023-04-18,DRUG003,Insulin Glargine 10ml,Pharmaceuticals,North America,418,25.0,1.06,0,Medium,100.82
2023-04-18,DRUG003,Insulin Glargine 10ml,Pharmaceuticals,Europe,771,25.0,0.96,0,Low,95.57
2023-04-18,SUPP001,Surgical Masks Box,Medical Supplies,North America,1344,10.0,0.91,0,Medium,103.19
2023-04-18,SUPP001,Surgical Masks Box,Medical Supplies,Europe,1088,10.0,1.0,0,Medium,97.74
2023-04-18,SUPP002,Surgical Gloves Box,Medical Supplies,North America,1356,12.5,1.12,0,Low,98.52
2023-04-18,SUPP002,Surgical Gloves Box,Medical Supplies,Europe,1554,12.5,0.94,0,Medium,103.59
2023-04-19,DRUG001,Atorvastatin 20mg,Pharmaceuticals,North America,1032,1.25,0.96,0,High,100.79
2023-04-19,DRUG001,Atorvastatin 20mg,Pharmaceuticals,Europe,1116,1.25,1.09,0,Medium,103.34
2023-04-19,DRUG002,Amoxicillin 500mg,Pharmaceuticals,North America,861,0.85,1.09,0,High,95.33
2023-04-19,DRUG002,Amoxicillin 500mg,Pharmaceuticals,Europe,1226,0.85,1.07,0,Medium,96.76
2023-04-19,DRUG003,Insulin Glargine 10ml,Pharmaceuticals,North America,989,25.0,1.17,0,Low,102.59
2023-04-19,DRUG003,Insulin Glargine 10ml,Pharmaceuticals,Europe,521,25.0,1.05,1,Low,101.46
2023-04-19,SUPP001,Surgical Masks Box,Medical Supplies,North America,823,10.0,1.11,0,Medium,98.09
2023-04-19,SUPP001,Surgical Masks Box,Medical Supplies,Europe,862,10.0,1.03,0,High,97.92
2023-04-19,SUPP002,Surgical Gloves Box,Medical Supplies,North America,712,12.5,1.07,0,High,97.66
2023-04-19,SUPP002,Surgical Gloves Box,Medical Supplies,Europe,594,12.5,1.17,0,Medium,104.07
2023-04-20,DRUG001,Atorvastatin 20mg,Pharmaceuticals,North America,1197,1.25,1.1,0,Low,98.04
2023-04-20,DRUG001,Atorvastatin 20mg,Pharmaceuticals,Europe,979,1.25,0.93,0,Low,99.23
2023-04-20,DRUG002,Amoxicillin 500mg,Pharmaceuticals,North America,874,0.85,0.94,0,Low,95.98
2023-04-20,DRUG002,Amoxicillin 500mg,Pharmaceuticals,Europe,1103,0.85,0.95,1,High,98.54
2023-04-20,DRUG003,Insulin Glargine 10ml,Pharmaceuticals,North America,1148,25.0,1.1,0,Medium,97.66
2023-04-20,DRUG003,Insulin Glargine 10ml,Pharmaceuticals,Europe,1622,25.0,0.91,0,High,100.69
2023-04-20,SUPP001,Surgical Masks Box,Medical Supplies,North America,1150,10.0,1.1,1,High,101.87
2023-04-20,SUPP001,Surgical Masks Box,Medical Supplies,Europe,736,10.0,0.97,0,Low,102.81
2023-04-20,SUPP002,Surgical Gloves Box,Medical Supplies,North America,934,12.5,1.09,0,Medium,98.1
2023-04-20,SUPP002,Surgical Gloves Box,Medical Supplies,Europe,1229,12.5,1.13,1,High,96.75
2023-04-21,DRUG001,Atorvastatin 20mg,Pharmaceuticals,North America,1111,1.25,0.98,0,Low,104.12
2023-04-21,DRUG001,Atorvastatin 20mg,Pharmaceuticals,Europe,1175,1.25,1.09,0,Low,102.19
2023-04-21,DRUG002,Amoxicillin 500mg,Pharmaceuticals,North America,976,0.85,1.09,0,High,97.35
2023-04-21,DRUG002,Amoxicillin 500mg,Pharmaceuticals,Europe,909,0.85,1.1,0,Medium,96.07
2023-04-21,DRUG003,Insulin Glargine 10ml,Pharmaceuticals,North America,1237,25.0,1.2,0,Low,101.63
2023-04-21,DRUG003,Insulin Glargine 10ml,Pharmaceuticals,Europe,828,25.0,1.19,1,Medium,102.95
2023-04-21,SUPP001,Surgical Masks Box,Medical Supplies,North America,821,10.0,0.98,0,Low,95.88
2023-04-21,SUPP001,Surgical Masks Box,Medical Supplies,Europe,910,10.0,1.0,1,Medium,99.16
2023-04-21,SUPP002,Surgical Gloves Box,Medical Supplies,North America,830,12.5,0.92,0,Low,100.81
2023-04-21,SUPP002,Surgical Gloves Box,Medical Supplies,Europe,1249,12.5,1.18,0,High,99.46
2023-04-22,DRUG001,Atorvastatin 20mg,Pharmaceuticals,North America,1306,1.25,0.95,0,Medium,95.71
2023-04-22,DRUG001,Atorvastatin 20mg,Pharmaceuticals,Europe,1275,1.25,1.01,0,High,99.75
2023-04-22,DRUG002,Amoxicillin 500mg,Pharmaceuticals,North America,916,0.85,1.14,0,High,99.11
2023-04-22,DRUG002,Amoxicillin 500mg,Pharmaceuticals,Europe,1387,0.85,1.08,0,Medium,96.44
2023-04-22,DRUG003,Insulin Glargine 10ml,Pharmaceuticals,North America,896,25.0,0.96,0,Low,100.06
2023-04-22,DRUG003,Insulin Glargine 10ml,Pharmaceuticals,Europe,1146,25.0,0.95,1,High,103.64
2023-04-22,SUPP001,Surgical Masks Box,Medical Supplies,North America,1432,10.0,0.94,0,Low,100.87
2023-04-22,SUPP001,Surgical Masks Box,Medical Supplies,Europe,846,10.0,1.04,0,Low,99.23
2023-04-22,SUPP002,Surgical Gloves Box,Medical Supplies,North America,863,12.5,1.12,0,High,100.88
2023-04-22,SUPP002,Surgical Gloves Box,Medical Supplies,Europe,1517,12.5,0.96,0,Medium,103.3
2023-04-23,DRUG001,Atorvastatin 20mg,Pharmaceuticals,North America,536,1.25,1.16,0,Medium,99.88
2023-04-23,DRUG001,Atorvastatin 20mg,Pharmaceuticals,Europe,838,1.25,0.96,0,Low,104.96
2023-04-23,DRUG002,Amoxicillin 500mg,Pharmaceuticals,North America,394,0.85,1.07,1,High,99.51
2023-04-23,DRUG002,Amoxicillin 500mg,Pharmaceuticals,Europe,150,0.85,1.12,0,Medium,96.92
2023-04-23,DRUG003,Insulin Glargine 10ml,Pharmaceuticals,North America,514,25.0,1.17,0,High,100.33
2023-04-23,DRUG003,Insulin Glargine 10ml,Pharmaceuticals,Europe,931,25.0,1.09,0,Low,98.76
2023-04-23,SUPP001,Surgical Masks Box,Medical Supplies,North America,1073,10.0,1.03,0,Low,96.65
2023-04-23,SUPP001,Surgical Masks Box,Medical Supplies,Europe,759,10.0,1.02,1,Medium,99.19
2023-04-23,SUPP002,Surgical Gloves Box,Medical Supplies,North America,743,12.5,1.2,0,Low,100.86
2023-04-23,SUPP002,Surgical Gloves Box,Medical Supplies,Europe,1010,12.5,0.93,1,Low,101.48
2023-04-24,DRUG001,Atorvastatin 20mg,Pharmaceuticals,North America,1246,1.25,1.13,0,Medium,103.92
2023-04-24,DRUG001,Atorvastatin 20mg,Pharmaceuticals,Europe,711,1.25,0.92,0,Low,104.88
2023-04-24,DRUG002,Amoxicillin 500mg,Pharmaceuticals,North America,1441,0.85,1.11,0,Low,97.81
2023-04-24,DRUG002,Amoxicillin 500mg,Pharmaceuticals,Europe,790,0.85,1.02,0,Low,103.79
2023-04-24,DRUG003,Insulin Glargine 10ml,Pharmaceuticals,North America,975,25.0,1.0,0,Medium,103.25
2023-04-24,DRUG003,Insulin Glargine 10ml,Pharmaceuticals,Europe,1072,25.0,0.94,0,Medium,101.16
2023-04-24,SUPP001,Surgical Masks Box,Medical Supplies,North America,1037,10.0,0.99,0,Medium,103.11
2023-04-24,SUPP001,Surgical Masks Box,Medical Supplies,Europe,859,10.0,1.02,1,Medium,102.72
2023-04-24,SUPP002,Surgical Gloves Box,Medical Supplies,North America,1286,12.5,1.17,0,High,103.26
2023-04-24,SUPP002,Surgical Gloves Box,Medical Supplies,Europe,988,12.5,1.14,0,High,103.5
2023-04-25,DRUG001,Atorvastatin 20mg,Pharmaceuticals,North America,1024,1.25,0.91,0,Medium,100.76
2023-04-25,DRUG001,Atorvastatin 20mg,Pharmaceuticals,Europe,988,1.25,1.09,0,High,95.45
2023-04-25,DRUG002,Amoxicillin 500mg,Pharmaceuticals,North America,1216,0.85,1.1,0,Low,100.42
2023-04-25,DRUG002,Amoxicillin 500mg,Pharmaceuticals,Europe,1033,0.85,1.04,0,Low,101.84
2023-04-25,DRUG003,Insulin Glargine 10ml,Pharmaceuticals,North America,1477,25.0,1.05,0,Medium,96.72
2023-04-25,DRUG003,Insulin Glargine 10ml,Pharmaceuticals,Europe,1005,25.0,1.16,0,Low,104.62
2023-04-25,SUPP001,Surgical Masks Box,Medical Supplies,North America,762,10.0,1.09,0,High,103.18
2023-04-25,SUPP001,Surgical Masks Box,Medical Supplies,Europe,1010,10.0,1.19,0,Medium,102.53
2023-04-25,SUPP002,Surgical Gloves Box,Medical Supplies,North America,1041,12.5,1.06,0,Medium,103.53
2023-04-25,SUPP002,Surgical Gloves Box,Medical Supplies,Europe,674,12.5,1.16,0,Low,97.63
2023-04-26,DRUG001,Atorvastatin 20mg,Pharmaceuticals,North America,839,1.25,1.09,0,Medium,97.34
2023-04-26,DRUG001,Atorvastatin 20mg,Pharmaceuticals,Europe,1088,1.25,1.09,0,Medium,103.74
2023-04-26,DRUG002,Amoxicillin 500mg,Pharmaceuticals,North America,701,0.85,1.03,0,Medium,102.59
2023-04-26,DRUG002,Amoxicillin 500mg,Pharmaceuticals,Europe,1074,0.85,0.93,0,High,104.36
2023-04-26,DRUG003,Insulin Glargine 10ml,Pharmaceuticals,North America,1193,25.0,1.06,0,High,99.93
2023-04-26,DRUG003,Insulin Glargine 10ml,Pharmaceuticals,Europe,1005,25.0,1.04,0,High,103.32
2023-04-26,SUPP001,Surgical Masks Box,Medical Supplies,North America,492,10.0,1.05,0,Low,102.94
2023-04-26,SUPP001,Surgical Masks Box,Medical Supplies,Europe,706,10.0,1.05,0,Low,97.39
2023-04-26,SUPP002,Surgical Gloves Box,Medical Supplies,North America,965,12.5,0.95,0,Low,95.35
2023-04-26,SUPP002,Surgical Gloves Box,Medical Supplies,Europe,1079,12.5,1.0,0,Medium,98.57
2023-04-27,DRUG001,Atorvastatin 20mg,Pharmaceuticals,North America,1152,1.25,1.01,0,Low,99.58
2023-04-27,DRUG001,Atorvastatin 20mg,Pharmaceuticals,Europe,982,1.25,1.13,0,Medium,95.21
2023-04-27,DRUG002,Amoxicillin 500mg,Pharmaceuticals,North America,1428,0.85,1.0,0,Low,102.42
2023-04-27,DRUG002,Amoxicillin 500mg,Pharmaceuticals,Europe,874,0.85,0.92,0,Low,103.74
2023-04-27,DRUG003,Insulin Glargine 10ml,Pharmaceuticals,North America,1396,25.0,1.0,1,Low,96.79
2023-04-27,DRUG003,Insulin Glargine 10ml,Pharmaceuticals,Europe,737,25.0,1.05,0,Low,104.44
2023-04-27,SUPP001,Surgical Masks Box,Medical Supplies,North America,981,10.0,1.18,0,Low,102.02
2023-04-27,SUPP001,Surgical Masks Box,Medical Supplies,Europe,1072,10.0,1.1,1,Low,101.72
2023-04-27,SUPP002,Surgical Gloves Box,Medical Supplies,North America,1176,12.5,1.05,0,Low,97.85
2023-04-27,SUPP002,Surgical Gloves Box,Medical Supplies,Europe,1185,12.5,1.01,0,Medium,95.77
2023-04-28,DRUG001,Atorvastatin 20mg,Pharmaceuticals,North America,1205,1.25,1.09,0,Medium,98.62
2023-04-28,DRUG001,Atorvastatin 20mg,Pharmaceuticals,Europe,957,1.25,0.93,0,Medium,96.68
2023-04-28,DRUG002,Amoxicillin 500mg,Pharmaceuticals,North America,212,0.85,1.09,1,Medium,100.4
2023-04-28,DRUG002,Amoxicillin 500mg,Pharmaceuticals,Europe,1764,0.85,0.92,0,Low,95.32
2023-04-28,DRUG003,Insulin Glargine 10ml,Pharmaceuticals,North America,1261,25.0,0.94,0,Low,98.01
2023-04-28,DRUG003,Insulin Glargine 10ml,Pharmaceuticals,Europe,1284,25.0,0.97,0,Low,99.89
2023-04-28,SUPP001,Surgical Masks Box,Medical Supplies,North America,1057,10.0,0.92,0,Low,101.26
2023-04-28,SUPP001,Surgical Masks Box,Medical Supplies,Europe,989,10.0,0.92,0,Medium,100.27
2023-04-28,SUPP002,Surgical Gloves Box,Medical Supplies,North America,626,12.5,0.96,0,Medium,97.1
2023-04-28,SUPP002,Surgical Gloves Box,Medical Supplies,Europe,1069,12.5,0.93,1,Low,103.03
2023-04-29,DRUG001,Atorvastatin 20mg,Pharmaceuticals,North America,795,1.25,0.94,0,Medium,101.43
2023-04-29,DRUG001,Atorvastatin 20mg,Pharmaceuticals,Europe,1290,1.25,1.13,1,Medium,96.56
2023-04-29,DRUG002,Amoxicillin 500mg,Pharmaceuticals,North America,1189,0.85,0.96,0,Medium,99.03
2023-04-29,DRUG002,Amoxicillin 500mg,Pharmaceuticals,Europe,857,0.85,1.18,0,Low,104.48
2023-04-29,DRUG003,Insulin Glargine 10ml,Pharmaceuticals,North America,753,25.0,1.02,0,Medium,96.23
2023-04-29,DRUG003,Insulin Glargine 10ml,Pharmaceuticals,Europe,634,25.0,1.02,0,Medium,103.03
2023-04-29,SUPP001,Surgical Masks Box,Medical Supplies,North America,882,10.0,1.01,0,Medium,102.07
2023-04-29,SUPP001,Surgical Masks Box,Medical Supplies,Europe,694,10.0,0.96,0,Low,101.28
2023-04-29,SUPP002,Surgical Gloves Box,Medical Supplies,North America,844,12.5,1.07,1,Medium,96.74
2023-04-29,SUPP002,Surgical Gloves Box,Medical Supplies,Europe,1397,12.5,1.01,0,Medium,101.51
2023-04-30,DRUG001,Atorvastatin 20mg,Pharmaceuticals,North America,1499,1.25,1.13,0,Low,102.97
2023-04-30,DRUG001,Atorvastatin 20mg,Pharmaceuticals,Europe,1091,1.25,1.12,0,Medium,96.74
2023-04-30,DRUG002,Amoxicillin 500mg,Pharmaceuticals,North America,1328,0.85,1.09,0,High,97.15
2023-04-30,DRUG002,Amoxicillin 500mg,Pharmaceuticals,Europe,342,0.85,0.94,0,Low,104.75
2023-04-30,DRUG003,Insulin Glargine 10ml,Pharmaceuticals,North America,1000,25.0,1.19,0,Low,101.38
2023-04-30,DRUG003,Insulin Glargine 10ml,Pharmaceuticals,Europe,1368,25.0,1.01,1,Low,100.49
2023-04-30,SUPP001,Surgical Masks Box,Medical Supplies,North America,1524,10.0,0.98,0,High,96.95
2023-04-30,SUPP001,Surgical Masks Box,Medical Supplies,Europe,1312,10.0,1.15,0,Medium,102.14
2023-04-30,SUPP002,Surgical Gloves Box,Medical Supplies,North America,1098,12.5,1.16,0,High,99.52
2023-04-30,SUPP002,Surgical Gloves Box,Medical Supplies,Europe,583,12.5,0.94,0,High,98.2
2023-05-01,DRUG001,Atorvastatin 20mg,Pharmaceuticals,North America,803,1.25,1.12,0,Medium,99.43
2023-05-01,DRUG001,Atorvastatin 20mg,Pharmaceuticals,Europe,929,1.25,1.05,0,Low,99.43
2023-05-01,DRUG002,Amoxicillin 500mg,Pharmaceuticals,North America,558,0.85,1.06,0,Low,100.24
2023-05-01,DRUG002,Amoxicillin 500mg,Pharmaceuticals,Europe,587,0.85,1.1,0,Low,104.33
2023-05-01,DRUG003,Insulin Glargine 10ml,Pharmaceuticals,North America,1169,25.0,1.09,0,Medium,100.1
2023-05-01,DRUG003,Insulin Glargine 10ml,Pharmaceuticals,Europe,1490,25.0,1.06,0,Low,96.93
2023-05-01,SUPP001,Surgical Masks Box,Medical Supplies,North America,965,10.0,1.04,0,Low,102.17
2023-05-01,SUPP001,Surgical Masks Box,Medical Supplies,Europe,1170,10.0,1.06,0,Low,102.45
2023-05-01,SUPP002,Surgical Gloves Box,Medical Supplies,North America,872,12.5,1.04,0,Low,101.45
2023-05-01,SUPP002,Surgical Gloves Box,Medical Supplies,Europe,863,12.5,1.1,0,Medium,95.73
2023-05-02,DRUG001,Atorvastatin 20mg,Pharmaceuticals,North America,1479,1.25,0.9,0,Low,100.69
2023-05-02,DRUG001,Atorvastatin 20mg,Pharmaceuticals,Europe,1220,1.25,1.18,1,Medium,99.58
2023-05-02,DRUG002,Amoxicillin 500mg,Pharmaceuticals,North America,1046,0.85,0.92,0,Low,99.7
2023-05-02,DRUG002,Amoxicillin 500mg,Pharmaceuticals,Europe,1119,0.85,1.04,0,Low,96.64
2023-05-02,DRUG003,Insulin Glargine 10ml,Pharmaceuticals,North America,1386,25.0,1.1,0,High,104.12
2023-05-02,DRUG003,Insulin Glargine 10ml,Pharmaceuticals,Europe,1004,25.0,0.96,0,Medium,103.28
2023-05-02,SUPP001,Surgical Masks Box,Medical Supplies,North America,1214,10.0,0.91,0,Medium,101.29
2023-05-02,SUPP001,Surgical Masks Box,Medical Supplies,Europe,1718,10.0,1.07,0,Low,100.65
2023-05-02,SUPP002,Surgical Gloves Box,Medical Supplies,North America,948,12.5,1.13,0,High,97.78
2023-05-02,SUPP002,Surgical Gloves Box,Medical Supplies,Europe,756,12.5,1.05,0,Medium,103.57
2023-05-03,DRUG001,Atorvastatin 20mg,Pharmaceuticals,North America,1218,1.25,0.96,0,Low,103.89
2023-05-03,DRUG001,Atorvastatin 20mg,Pharmaceuticals,Europe,1105,1.25,1.0,0,Medium,104.41
2023-05-03,DRUG002,Amoxicillin 500mg,Pharmaceuticals,North America,958,0.85,1.16,0,Low,99.25
2023-05-03,DRUG002,Amoxicillin 500mg,Pharmaceuticals,Europe,872,0.85,1.02,1,Medium,100.05
2023-05-03,DRUG003,Insulin Glargine 10ml,Pharmaceuticals,North America,993,25.0,0.92,0,Medium,96.57
2023-05-03,DRUG003,Insulin Glargine 10ml,Pharmaceuticals,Europe,1086,25.0,1.18,0,Low,100.91
2023-05-03,SUPP001,Surgical Masks Box,Medical Supplies,North America,1060,10.0,1.16,0,Medium,100.62
2023-05-03,SUPP001,Surgical Masks Box,Medical Supplies,Europe,1030,10.0,1.07,0,Low,100.3
2023-05-03,SUPP002,Surgical Gloves Box,Medical Supplies,North America,1286,12.5,1.19,0,Low,100.52
2023-05-03,SUPP002,Surgical Gloves Box,Medical Supplies,Europe,1697,12.5,1.15,1,Medium,98.2
2023-05-04,DRUG001,Atorvastatin 20mg,Pharmaceuticals,North America,582,1.25,0.91,0,Low,101.86
2023-05-04,DRUG001,Atorvastatin 20mg,Pharmaceuticals,Europe,1511,1.25,1.18,0,High,95.55
2023-05-04,DRUG002,Amoxicillin 500mg,Pharmaceuticals,North America,769,0.85,1.18,0,Medium,103.24
2023-05-04,DRUG002,Amoxicillin 500mg,Pharmaceuticals,Europe,1020,0.85,1.09,1,Medium,104.25
2023-05-04,DRUG003,Insulin Glargine 10ml,Pharmaceuticals,North America,691,25.0,1.06,0,Medium,99.82
2023-05-04,DRUG003,Insulin Glargine 10ml,Pharmaceuticals,Europe,1013,25.0,1.09,0,Low,99.91
2023-05-04,SUPP001,Surgical Masks Box,Medical Supplies,North America,959,10.0,1.03,0,Medium,97.99
2023-05-04,SUPP001,Surgical Masks Box,Medical Supplies,Europe,1155,10.0,1.02,0,High,96.31
2023-05-04,SUPP002,Surgical Gloves Box,Medical Supplies,North America,922,12.5,0.97,0,Low,95.8
2023-05-04,SUPP002,Surgical Gloves Box,Medical Supplies,Europe,979,12.5,1.04,0,Low,103.08
2023-05-05,DRUG001,Atorvastatin 20mg,Pharmaceuticals,North America,1044,1.25,1.16,0,Low,102.83
2023-05-05,DRUG001,Atorvastatin 20mg,Pharmaceuticals,Europe,1029,1.25,1.15,0,Medium,97.33
2023-05-05,DRUG002,Amoxicillin 500mg,Pharmaceuticals,North America,1143,0.85,1.19,0,Low,97.12
2023-05-05,DRUG002,Amoxicillin 500mg,Pharmaceuticals,Europe,1218,0.85,1.14,0,Low,104.99
2023-05-05,DRUG003,Insulin Glargine 10ml,Pharmaceuticals,North America,1310,25.0,1.07,1,High,95.09
2023-05-05,DRUG003,Insulin Glargine 10ml,Pharmaceuticals,Europe,877,25.0,0.92,0,Medium,103.88
2023-05-05,SUPP001,Surgical Masks Box,Medical Supplies,North America,1682,10.0,0.96,0,High,97.69
2023-05-05,SUPP001,Surgical Masks Box,Medical Supplies,Europe,744,10.0,1.05,0,Medium,100.03
2023-05-05,SUPP002,Surgical Gloves Box,Medical Supplies,North America,944,12.5,1.0,0,Medium,95.08
2023-05-05,SUPP002,Surgical Gloves Box,Medical Supplies,Europe,660,12.5,1.13,0,Low,95.53
2023-05-06,DRUG001,Atorvastatin 20mg,Pharmaceuticals,North America,770,1.25,0.96,0,Low,98.56
2023-05-06,DRUG001,Atorvastatin 20mg,Pharmaceuticals,Europe,661,1.25,1.11,0,Low,99.2
2023-05-06,DRUG002,Amoxicillin 500mg,Pharmaceuticals,North America,962,0.85,0.92,0,Low,102.07
2023-05-06,DRUG002,Amoxicillin 500mg,Pharmaceuticals,Europe,1004,0.85,1.18,0,Low,100.69
2023-05-06,DRUG003,Insulin Glargine 10ml,Pharmaceuticals,North America,889,25.0,1.1,0,Medium,95.49
2023-05-06,DRUG003,Insulin Glargine 10ml,Pharmaceuticals,Europe,1064,25.0,0.96,0,Medium,98.02
2023-05-06,SUPP001,Surgical Masks Box,Medical Supplies,North America,1308,10.0,1.12,0,Low,97.52
2023-05-06,SUPP001,Surgical Masks Box,Medical Supplies,Europe,898,10.0,1.18,0,Medium,100.96
2023-05-06,SUPP002,Surgical Gloves Box,Medical Supplies,North America,1347,12.5,1.06,0,Low,100.37
2023-05-06,SUPP002,Surgical Gloves Box,Medical Supplies,Europe,848,12.5,1.18,0,High,102.64
2023-05-07,DRUG001,Atorvastatin 20mg,Pharmaceuticals,North America,1087,1.25,0.96,0,Medium,102.25
2023-05-07,DRUG001,Atorvastatin 20mg,Pharmaceuticals,Europe,847,1.25,0.93,0,Medium,100.41
2023-05-07,DRUG002,Amoxicillin 500mg,Pharmaceuticals,North America,871,0.85,1.14,0,Medium,102.0
2023-05-07,DRUG002,Amoxicillin 500mg,Pharmaceuticals,Europe,1124,0.85,1.02,0,Medium,100.25
2023-05-07,DRUG003,Insulin Glargine 10ml,Pharmaceuticals,North America,580,25.0,1.17,0,Low,99.5
2023-05-07,DRUG003,Insulin Glargine 10ml,Pharmaceuticals,Europe,1360,25.0,1.13,0,Medium,103.95
2023-05-07,SUPP001,Surgical Masks Box,Medical Supplies,North America,820,10.0,1.17,0,Medium,103.59
2023-05-07,SUPP001,Surgical Masks Box,Medical Supplies,Europe,532,10.0,0.93,0,Low,96.78
2023-05-07,SUPP002,Surgical Gloves Box,Medical Supplies,North America,859,12.5,0.98,0,Low,97.96
2023-05-07,SUPP002,Surgical Gloves Box,Medical Supplies,Europe,555,12.5,1.07,0,Low,102.46
2023-05-08,DRUG001,Atorvastatin 20mg,Pharmaceuticals,North America,1081,1.25,1.0,0,Low,96.3
2023-05-08,DRUG001,Atorvastatin 20mg,Pharmaceuticals,Europe,1125,1.25,1.0,0,Low,95.63
2023-05-08,DRUG002,Amoxicillin 500mg,Pharmaceuticals,North America,599,0.85,1.07,0,Medium,97.33
2023-05-08,DRUG002,Amoxicillin 500mg,Pharmaceuticals,Europe,1217,0.85,1.16,0,Medium,95.16
2023-05-08,DRUG003,Insulin Glargine 10ml,Pharmaceuticals,North America,558,25.0,1.06,0,Medium,97.18
2023-05-08,DRUG003,Insulin Glargine 10ml,Pharmaceuticals,Europe,621,25.0,1.1,0,Medium,102.41
2023-05-08,SUPP001,Surgical Masks Box,Medical Supplies,North America,634,10.0,1.14,0,Medium,102.45
2023-05-08,SUPP001,Surgical Masks Box,Medical Supplies,Europe,1409,10.0,1.01,0,Medium,103.18
2023-05-08,SUPP002,Surgical Gloves Box,Medical Supplies,North America,1023,12.5,1.1,1,Low,97.32
2023-05-08,SUPP002,Surgical Gloves Box,Medical Supplies,Europe,1227,12.5,1.11,0,High,99.15
2023-05-09,DRUG001,Atorvastatin 20mg,Pharmaceuticals,North America,961,1.25,0.97,0,Medium,95.76
2023-05-09,DRUG001,Atorvastatin 20mg,Pharmaceuticals,Europe,744,1.25,1.15,0,Medium,95.9
2023-05-09,DRUG002,Amoxicillin 500mg,Pharmaceuticals,North America,802,0.85,1.19,0,Medium,97.24
2023-05-09,DRUG002,Amoxicillin 500mg,Pharmaceuticals,Europe,921,0.85,1.18,0,Low,100.63
2023-05-09,DRUG003,Insulin Glargine 10ml,Pharmaceuticals,North America,1325,25.0,1.04,1,Medium,95.74
2023-05-09,DRUG003,Insulin Glargine 10ml,Pharmaceuticals,Europe,1063,25.0,1.2,0,Low,100.58
2023-05-09,SUPP001,Surgical Masks Box,Medical Supplies,North America,838,10.0,0.9,0,High,100.72
2023-05-09,SUPP001,Surgical Masks Box,Medical Supplies,Europe,923,10.0,1.2,0,Low,96.6
2023-05-09,SUPP002,Surgical Gloves Box,Medical Supplies,North America,846,12.5,1.14,1,High,97.32
2023-05-09,SUPP002,Surgical Gloves Box,Medical Supplies,Europe,759,12.5,1.16,0,Low,103.7
2023-05-10,DRUG001,Atorvastatin 20mg,Pharmaceuticals,North America,683,1.25,1.03,0,Medium,99.53
2023-05-10,DRUG001,Atorvastatin 20mg,Pharmaceuticals,Europe,1128,1.25,1.2,0,Low,99.82
2023-05-10,DRUG002,Amoxicillin 500mg,Pharmaceuticals,North America,400,0.85,1.12,0,High,103.05
2023-05-10,DRUG002,Amoxicillin 500mg,Pharmaceuticals,Europe,1010,0.85,1.16,0,High,98.04
2023-05-10,DRUG003,Insulin Glargine 10ml,Pharmaceuticals,North America,510,25.0,1.04,0,High,98.13
2023-05-10,DRUG003,Insulin Glargine 10ml,Pharmaceuticals,Europe,728,25.0,0.93,0,Low,96.11
2023-05-10,SUPP001,Surgical Masks Box,Medical Supplies,North America,942,10.0,1.03,0,Medium,99.26
2023-05-10,SUPP001,Surgical Masks Box,Medical Supplies,Europe,550,10.0,1.0,0,Medium,95.52
2023-05-10,SUPP002,Surgical Gloves Box,Medical Supplies,North America,671,12.5,0.97,1,High,102.1
2023-05-10,SUPP002,Surgical Gloves Box,Medical Supplies,Europe,979,12.5,1.04,0,High,104.66
2023-05-11,DRUG001,Atorvastatin 20mg,Pharmaceuticals,North America,1182,1.25,0.96,0,Medium,99.05
2023-05-11,DRUG001,Atorvastatin 20mg,Pharmaceuticals,Europe,832,1.25,1.18,0,Medium,104.19
2023-05-11,DRUG002,Amoxicillin 500mg,Pharmaceuticals,North America,1405,0.85,0.95,1,High,96.67
2023-05-11,DRUG002,Amoxicillin 500mg,Pharmaceuticals,Europe,546,0.85,0.94,0,High,96.94
2023-05-11,DRUG003,Insulin Glargine 10ml,Pharmaceuticals,North America,600,25.0,1.08,0,Low,104.31
2023-05-11,DRUG003,Insulin Glargine 10ml,Pharmaceuticals,Europe,346,25.0,1.17,0,Low,98.27
2023-05-11,SUPP001,Surgical Masks Box,Medical Supplies,North America,576,10.0,1.17,0,Low,104.09
2023-05-11,SUPP001,Surgical Masks Box,Medical Supplies,Europe,1240,10.0,1.19,0,Medium,98.03
2023-05-11,SUPP002,Surgical Gloves Box,Medical Supplies,North America,643,12.5,1.07,1,Medium,95.83
2023-05-11,SUPP002,Surgical Gloves Box,Medical Supplies,Europe,880,12.5,1.09,0,High,99.35
2023-05-12,DRUG001,Atorvastatin 20mg,Pharmaceuticals,North America,842,1.25,1.13,0,Medium,97.06
2023-05-12,DRUG001,Atorvastatin 20mg,Pharmaceuticals,Europe,842,1.25,1.0,0,High,104.32
2023-05-12,DRUG002,Amoxicillin 500mg,Pharmaceuticals,North America,828,0.85,0.94,0,Medium,104.01
2023-05-12,DRUG002,Amoxicillin 500mg,Pharmaceuticals,Europe,646,0.85,1.18,0,Medium,103.96
2023-05-12,DRUG003,Insulin Glargine 10ml,Pharmaceuticals,North America,768,25.0,0.97,0,Low,101.43
2023-05-12,DRUG003,Insulin Glargine 10ml,Pharmaceuticals,Europe,467,25.0,0.98,0,Low,103.02
2023-05-12,SUPP001,Surgical Masks Box,Medical Supplies,North America,982,10.0,1.02,1,Low,97.15
2023-05-12,SUPP001,Surgical Masks Box,Medical Supplies,Europe,1355,10.0,0.99,0,Low,104.11
2023-05-12,SUPP002,Surgical Gloves Box,Medical Supplies,North America,595,12.5,1.18,0,Low,100.66
2023-05-12,SUPP002,Surgical Gloves Box,Medical Supplies,Europe,1530,12.5,1.08,0,Medium,101.49
2023-05-13,DRUG001,Atorvastatin 20mg,Pharmaceuticals,North America,1292,1.25,1.0,0,Medium,96.29
2023-05-13,DRUG001,Atorvastatin 20mg,Pharmaceuticals,Europe,1419,1.25,1.18,0,Low,102.66
2023-05-13,DRUG002,Amoxicillin 500mg,Pharmaceuticals,North America,409,0.85,1.14,0,Medium,95.47
2023-05-13,DRUG002,Amoxicillin 500mg,Pharmaceuticals,Europe,993,0.85,1.07,0,Low,97.29
2023-05-13,DRUG003,Insulin Glargine 10ml,Pharmaceuticals,North America,949,25.0,1.03,0,High,98.6
2023-05-13,DRUG003,Insulin Glargine 10ml,Pharmaceuticals,Europe,1491,25.0,1.06,0,Medium,104.56
2023-05-13,SUPP001,Surgical Masks Box,Medical Supplies,North America,284,10.0,1.19,0,Low,96.26
2023-05-13,SUPP001,Surgical Masks Box,Medical Supplies,Europe,1223,10.0,1.15,0,Medium,99.71
2023-05-13,SUPP002,Surgical Gloves Box,Medical Supplies,North America,1129,12.5,0.92,0,Medium,99.36
2023-05-13,SUPP002,Surgical Gloves Box,Medical Supplies,Europe,617,12.5,1.12,0,Medium,95.39
2023-05-14,DRUG001,Atorvastatin 20mg,Pharmaceuticals,North America,1049,1.25,1.18,0,High,98.03
2023-05-14,DRUG001,Atorvastatin 20mg,Pharmaceuticals,Europe,585,1.25,1.03,0,Low,95.31
2023-05-14,DRUG002,Amoxicillin 500mg,Pharmaceuticals,North America,931,0.85,1.18,0,Medium,104.12
2023-05-14,DRUG002,Amoxicillin 500mg,Pharmaceuticals,Europe,957,0.85,1.0,0,Low,96.87
2023-05-14,DRUG003,Insulin Glargine 10ml,Pharmaceuticals,North America,1151,25.0,1.01,0,Medium,95.0
2023-05-14,DRUG003,Insulin Glargine 10ml,Pharmaceuticals,Europe,1187,25.0,0.97,0,Low,103.06
2023-05-14,SUPP001,Surgical Masks Box,Medical Supplies,North America,743,10.0,1.05,0,Low,95.79
2023-05-14,SUPP001,Surgical Masks Box,Medical Supplies,Europe,816,10.0,1.01,0,Medium,103.17
2023-05-14,SUPP002,Surgical Gloves Box,Medical Supplies,North America,951,12.5,0.91,1,Low,96.52
2023-05-14,SUPP002,Surgical Gloves Box,Medical Supplies,Europe,1750,12.5,1.1,0,Medium,100.87
2023-05-15,DRUG001,Atorvastatin 20mg,Pharmaceuticals,North America,1367,1.25,0.98,0,Medium,101.64
2023-05-15,DRUG001,Atorvastatin 20mg,Pharmaceuticals,Europe,940,1.25,1.14,0,Medium,96.51
2023-05-15,DRUG002,Amoxicillin 500mg,Pharmaceuticals,North America,948,0.85,1.12,0,Low,99.87
2023-05-15,DRUG002,Amoxicillin 500mg,Pharmaceuticals,Europe,1191,0.85,1.16,0,High,99.84
2023-05-15,DRUG003,Insulin Glargine 10ml,Pharmaceuticals,North America,686,25.0,1.14,0,High,104.11
2023-05-15,DRUG003,Insulin Glargine 10ml,Pharmaceuticals,Europe,992,25.0,1.18,0,Medium,102.79
2023-05-15,SUPP001,Surgical Masks Box,Medical Supplies,North America,1081,10.0,0.91,0,Low,96.83
2023-05-15,SUPP001,Surgical Masks Box,Medical Supplies,Europe,700,10.0,1.01,0,Medium,95.74
2023-05-15,SUPP002,Surgical Gloves Box,Medical Supplies,North America,595,12.5,1.07,0,Medium,102.38
2023-05-15,SUPP002,Surgical Gloves Box,Medical Supplies,Europe,1004,12.5,1.0,0,Medium,99.84
2023-05-16,DRUG001,Atorvastatin 20mg,Pharmaceuticals,North America,1355,1.25,0.99,0,Low,104.23
2023-05-16,DRUG001,Atorvastatin 20mg,Pharmaceuticals,Europe,1462,1.25,1.11,0,Low,100.92
2023-05-16,DRUG002,Amoxicillin 500mg,Pharmaceuticals,North America,1122,0.85,0.9,0,High,101.13
2023-05-16,DRUG002,Amoxicillin 500mg,Pharmaceuticals,Europe,916,0.85,0.98,0,Low,97.45
2023-05-16,DRUG003,Insulin Glargine 10ml,Pharmaceuticals,North America,935,25.0,1.12,1,Medium,96.91
2023-05-16,DRUG003,Insulin Glargine 10ml,Pharmaceuticals,Europe,1291,25.0,1.06,1,High,95.66
2023-05-16,SUPP001,Surgical Masks Box,Medical Supplies,North America,1197,10.0,1.17,0,Medium,103.79
2023-05-16,SUPP001,Surgical Masks Box,Medical Supplies,Europe,1529,10.0,1.02,0,Low,97.78
2023-05-16,SUPP002,Surgical Gloves Box,Medical Supplies,North America,1117,12.5,0.98,0,Medium,96.62
2023-05-16,SUPP002,Surgical Gloves Box,Medical Supplies,Europe,953,12.5,1.05,0,High,101.26
2023-05-17,DRUG001,Atorvastatin 20mg,Pharmaceuticals,North America,756,1.25,1.18,0,Medium,97.65
2023-05-17,DRUG001,Atorvastatin 20mg,Pharmaceuticals,Europe,1110,1.25,1.18,0,Medium,97.19
2023-05-17,DRUG002,Amoxicillin 500mg,Pharmaceuticals,North America,1625,0.85,1.13,0,High,103.9
2023-05-17,DRUG002,Amoxicillin 500mg,Pharmaceuticals,Europe,697,0.85,0.98,0,Medium,99.62
2023-05-17,DRUG003,Insulin Glargine 10ml,Pharmaceuticals,North America,1228,25.0,1.12,0,Medium,101.99
2023-05-17,DRUG003,Insulin Glargine 10ml,Pharmaceuticals,Europe,477,25.0,1.11,0,High,99.58
2023-05-17,SUPP001,Surgical Masks Box,Medical Supplies,North America,737,10.0,1.04,0,Low,102.5
2023-05-17,SUPP001,Surgical Masks Box,Medical Supplies,Europe,758,10.0,0.93,0,High,102.7
2023-05-17,SUPP002,Surgical Gloves Box,Medical Supplies,North America,1002,12.5,0.97,0,Medium,102.71
2023-05-17,SUPP002,Surgical Gloves Box,Medical Supplies,Europe,556,12.5,0.97,1,Medium,98.8
2023-05-18,DRUG001,Atorvastatin 20mg,Pharmaceuticals,North America,1749,1.25,1.07,0,Medium,96.76
2023-05-18,DRUG001,Atorvastatin 20mg,Pharmaceuticals,Europe,1013,1.25,1.14,0,Low,102.66
2023-05-18,DRUG002,Amoxicillin 500mg,Pharmaceuticals,North America,714,0.85,1.06,0,High,96.84
2023-05-18,DRUG002,Amoxicillin 500mg,Pharmaceuticals,Europe,897,0.85,0.98,0,Low,102.95
2023-05-18,DRUG003,Insulin Glargine 10ml,Pharmaceuticals,North America,619,25.0,0.98,0,Low,101.12
2023-05-18,DRUG003,Insulin Glargine 10ml,Pharmaceuticals,Europe,949,25.0,1.07,0,High,104.12
2023-05-18,SUPP001,Surgical Masks Box,Medical Supplies,North America,880,10.0,1.17,1,High,96.1
2023-05-18,SUPP001,Surgical Masks Box,Medical Supplies,Europe,776,10.0,1.18,0,Low,99.42
2023-05-18,SUPP002,Surgical Gloves Box,Medical Supplies,North America,1017,12.5,1.0,0,Medium,103.69
2023-05-18,SUPP002,Surgical Gloves Box,Medical Supplies,Europe,818,12.5,1.1,0,High,104.06
2023-05-19,DRUG001,Atorvastatin 20mg,Pharmaceuticals,North America,1026,1.25,0.99,0,Medium,103.63
2023-05-19,DRUG001,Atorvastatin 20mg,Pharmaceuticals,Europe,689,1.25,0.95,0,High,104.14
2023-05-19,DRUG002,Amoxicillin 500mg,Pharmaceuticals,North America,1135,0.85,1.0,0,Low,95.44
2023-05-19,DRUG002,Amoxicillin 500mg,Pharmaceuticals,Europe,921,0.85,1.12,0,Low,96.9
2023-05-19,DRUG003,Insulin Glargine 10ml,Pharmaceuticals,North America,865,25.0,1.05,0,Low,104.64
2023-05-19,DRUG003,Insulin Glargine 10ml,Pharmaceuticals,Europe,635,25.0,1.09,0,Medium,103.75
2023-05-19,SUPP001,Surgical Masks Box,Medical Supplies,North America,827,10.0,1.13,0,Medium,95.54
2023-05-19,SUPP001,Surgical Masks Box,Medical Supplies,Europe,915,10.0,0.94,0,Low,100.04
2023-05-19,SUPP002,Surgical Gloves Box,Medical Supplies,North America,469,12.5,1.18,0,Medium,95.78
2023-05-19,SUPP002,Surgical Gloves Box,Medical Supplies,Europe,1110,12.5,0.93,0,Low,104.78
2023-05-20,DRUG001,Atorvastatin 20mg,Pharmaceuticals,North America,986,1.25,1.01,0,Low,99.3
2023-05-20,DRUG001,Atorvastatin 20mg,Pharmaceuticals,Europe,630,1.25,0.98,0,Low,104.14
2023-05-20,DRUG002,Amoxicillin 500mg,Pharmaceuticals,North America,844,0.85,1.14,0,High,100.27
2023-05-20,DRUG002,Amoxicillin 500mg,Pharmaceuticals,Europe,1255,0.85,0.99,0,Low,104.89
2023-05-20,DRUG003,Insulin Glargine 10ml,Pharmaceuticals,North America,1032,25.0,1.03,1,Low,100.32
2023-05-20,DRUG003,Insulin Glargine 10ml,Pharmaceuticals,Europe,904,25.0,1.04,0,Low,96.94
2023-05-20,SUPP001,Surgical Masks Box,Medical Supplies,North America,1209,10.0,0.96,0,Low,103.62
2023-05-20,SUPP001,Surgical Masks Box,Medical Supplies,Europe,749,10.0,1.18,0,Low,97.34
2023-05-20,SUPP002,Surgical Gloves Box,Medical Supplies,North America,1137,12.5,1.18,0,Medium,99.89
2023-05-20,SUPP002,Surgical Gloves Box,Medical Supplies,Europe,1629,12.5,1.05,0,Medium,99.71
2023-05-21,DRUG001,Atorvastatin 20mg,Pharmaceuticals,North America,1089,1.25,1.0,0,Medium,100.44
2023-05-21,DRUG001,Atorvastatin 20mg,Pharmaceuticals,Europe,1041,1.25,0.95,0,High,104.46
2023-05-21,DRUG002,Amoxicillin 500mg,Pharmaceuticals,North America,1088,0.85,1.11,0,Medium,103.5
2023-05-21,DRUG002,Amoxicillin 500mg,Pharmaceuticals,Europe,928,0.85,1.04,0,Medium,100.79
2023-05-21,DRUG003,Insulin Glargine 10ml,Pharmaceuticals,North America,1330,25.0,0.93,0,Low,95.79
2023-05-21,DRUG003,Insulin Glargine 10ml,Pharmaceuticals,Europe,1432,25.0,1.06,0,Medium,95.89
2023-05-21,SUPP001,Surgical Masks Box,Medical Supplies,North America,625,10.0,1.2,0,Medium,98.25
2023-05-21,SUPP001,Surgical Masks Box,Medical Supplies,Europe,920,10.0,0.93,1,Low,99.24
2023-05-21,SUPP002,Surgical Gloves Box,Medical Supplies,North America,967,12.5,1.14,0,Low,95.62
2023-05-21,SUPP002,Surgical Gloves Box,Medical Supplies,Europe,1010,12.5,0.95,0,Medium,97.5
2023-05-22,DRUG001,Atorvastatin 20mg,Pharmaceuticals,North America,1055,1.25,1.07,0,Low,97.17
2023-05-22,DRUG001,Atorvastatin 20mg,Pharmaceuticals,Europe,873,1.25,1.1,1,Low,100.97
2023-05-22,DRUG002,Amoxicillin 500mg,Pharmaceuticals,North America,551,0.85,0.98,0,Medium,100.43
2023-05-22,DRUG002,Amoxicillin 500mg,Pharmaceuticals,Europe,362,0.85,0.99,0,Low,102.14
2023-05-22,DRUG003,Insulin Glargine 10ml,Pharmaceuticals,North America,1183,25.0,1.02,0,Medium,98.68
2023-05-22,DRUG003,Insulin Glargine 10ml,Pharmaceuticals,Europe,706,25.0,0.93,0,Medium,101.66
2023-05-22,SUPP001,Surgical Masks Box,Medical Supplies,North America,899,10.0,0.96,0,Low,103.97
2023-05-22,SUPP001,Surgical Masks Box,Medical Supplies,Europe,461,10.0,0.96,0,Low,96.27
2023-05-22,SUPP002,Surgical Gloves Box,Medical Supplies,North America,809,12.5,0.94,0,Low,102.08
2023-05-22,SUPP002,Surgical Gloves Box,Medical Supplies,Europe,1062,12.5,1.07,0,Medium,96.16
2023-05-23,DRUG001,Atorvastatin 20mg,Pharmaceuticals,North America,278,1.25,0.98,0,High,104.99
2023-05-23,DRUG001,Atorvastatin 20mg,Pharmaceuticals,Europe,1417,1.25,1.08,0,Low,97.57
2023-05-23,DRUG002,Amoxicillin 500mg,Pharmaceuticals,North America,320,0.85,1.17,0,Low,98.84
2023-05-23,DRUG002,Amoxicillin 500mg,Pharmaceuticals,Europe,894,0.85,1.15,0,Medium,98.34
2023-05-23,DRUG003,Insulin Glargine 10ml,Pharmaceuticals,North America,1011,25.0,1.02,0,Medium,95.13
2023-05-23,DRUG003,Insulin Glargine 10ml,Pharmaceuticals,Europe,1327,25.0,1.16,0,Low,96.38
2023-05-23,SUPP001,Surgical Masks Box,Medical Supplies,North America,947,10.0,1.02,0,Medium,104.61
2023-05-23,SUPP001,Surgical Masks Box,Medical Supplies,Europe,130,10.0,1.08,0,Low,98.97
2023-05-23,SUPP002,Surgical Gloves Box,Medical Supplies,North America,1239,12.5,1.16,0,Low,103.5
2023-05-23,SUPP002,Surgical Gloves Box,Medical Supplies,Europe,437,12.5,0.96,0,Medium,103.33
2023-05-24,DRUG001,Atorvastatin 20mg,Pharmaceuticals,North America,1193,1.25,1.02,0,Medium,104.3
2023-05-24,DRUG001,Atorvastatin 20mg,Pharmaceuticals,Europe,1024,1.25,1.15,1,Low,96.13
2023-05-24,DRUG002,Amoxicillin 500mg,Pharmaceuticals,North America,1354,0.85,0.99,0,Medium,95.56
2023-05-24,DRUG002,Amoxicillin 500mg,Pharmaceuticals,Europe,1120,0.85,1.01,0,Medium,102.29
2023-05-24,DRUG003,Insulin Glargine 10ml,Pharmaceuticals,North America,1368,25.0,1.08,0,Medium,97.59
2023-05-24,DRUG003,Insulin Glargine 10ml,Pharmaceuticals,Europe,525,25.0,0.93,0,Low,100.0
2023-05-24,SUPP001,Surgical Masks Box,Medical Supplies,North America,1147,10.0,1.14,0,Medium,98.94
2023-05-24,SUPP001,Surgical Masks Box,Medical Supplies,Europe,1250,10.0,0.96,0,Medium,104.89
2023-05-24,SUPP002,Surgical Gloves Box,Medical Supplies,North America,785,12.5,1.15,0,High,99.09
2023-05-24,SUPP002,Surgical Gloves Box,Medical Supplies,Europe,1242,12.5,1.1,0,Medium,99.5
2023-05-25,DRUG001,Atorvastatin 20mg,Pharmaceuticals,North America,1010,1.25,1.06,0,Medium,101.64
2023-05-25,DRUG001,Atorvastatin 20mg,Pharmaceuticals,Europe,587,1.25,0.93,0,Medium,103.94
2023-05-25,DRUG002,Amoxicillin 500mg,Pharmaceuticals,North America,1205,0.85,0.94,0,Low,96.69
2023-05-25,DRUG002,Amoxicillin 500mg,Pharmaceuticals,Europe,353,0.85,1.07,0,High,102.05
2023-05-25,DRUG003,Insulin Glargine 10ml,Pharmaceuticals,North America,700,25.0,0.9,0,Medium,101.75
2023-05-25,DRUG003,Insulin Glargine 10ml,Pharmaceuticals,Europe,1486,25.0,1.03,0,Medium,95.74
2023-05-25,SUPP001,Surgical Masks Box,Medical Supplies,North America,1130,10.0,1.12,0,Low,104.9
2023-05-25,SUPP001,Surgical Masks Box,Medical Supplies,Europe,881,10.0,0.96,0,High,97.81
2023-05-25,SUPP002,Surgical Gloves Box,Medical Supplies,North America,700,12.5,1.07,1,Low,101.7
2023-05-25,SUPP002,Surgical Gloves Box,Medical Supplies,Europe,1155,12.5,0.96,0,Low,97.11
2023-05-26,DRUG001,Atorvastatin 20mg,Pharmaceuticals,North America,717,1.25,1.17,0,Low,99.48
2023-05-26,DRUG001,Atorvastatin 20mg,Pharmaceuticals,Europe,835,1.25,1.0,0,High,99.38
2023-05-26,DRUG002,Amoxicillin 500mg,Pharmaceuticals,North America,1059,0.85,0.95,0,Medium,101.51
2023-05-26,DRUG002,Amoxicillin 500mg,Pharmaceuticals,Europe,1328,0.85,1.17,0,High,102.51
2023-05-26,DRUG003,Insulin Glargine 10ml,Pharmaceuticals,North America,1747,25.0,1.0,1,Medium,95.44
2023-05-26,DRUG003,Insulin Glargine 10ml,Pharmaceuticals,Europe,917,25.0,1.0,0,Low,95.24
2023-05-26,SUPP001,Surgical Masks Box,Medical Supplies,North America,410,10.0,1.03,0,Low,101.89
2023-05-26,SUPP001,Surgical Masks Box,Medical Supplies,Europe,823,10.0,1.05,0,Low,100.92
2023-05-26,SUPP002,Surgical Gloves Box,Medical Supplies,North America,1246,12.5,1.11,0,Medium,101.42
2023-05-26,SUPP002,Surgical Gloves Box,Medical Supplies,Europe,1245,12.5,0.91,0,Medium,100.0
2023-05-27,DRUG001,Atorvastatin 20mg,Pharmaceuticals,North America,596,1.25,1.09,0,High,98.42
2023-05-27,DRUG001,Atorvastatin 20mg,Pharmaceuticals,Europe,741,1.25,1.13,0,High,100.28
2023-05-27,DRUG002,Amoxicillin 500mg,Pharmaceuticals,North America,1792,0.85,1.12,1,Low,95.53
2023-05-27,DRUG002,Amoxicillin 500mg,Pharmaceuticals,Europe,1179,0.85,1.18,0,Medium,99.82
2023-05-27,DRUG003,Insulin Glargine 10ml,Pharmaceuticals,North America,1054,25.0,1.12,0,Low,103.38
2023-05-27,DRUG003,Insulin Glargine 10ml,Pharmaceuticals,Europe,918,25.0,0.92,0,Low,100.93
2023-05-27,SUPP001,Surgical Masks Box,Medical Supplies,North America,1055,10.0,1.02,0,Low,97.77
2023-05-27,SUPP001,Surgical Masks Box,Medical Supplies,Europe,1135,10.0,1.2,0,Medium,98.55
2023-05-27,SUPP002,Surgical Gloves Box,Medical Supplies,North America,1464,12.5,1.06,0,Low,98.67
2023-05-27,SUPP002,Surgical Gloves Box,Medical Supplies,Europe,1096,12.5,0.97,0,Low,104.54
2023-05-28,DRUG001,Atorvastatin 20mg,Pharmaceuticals,North America,1079,1.25,1.07,1,Low,102.48
2023-05-28,DRUG001,Atorvastatin 20mg,Pharmaceuticals,Europe,987,1.25,1.17,0,Low,99.25
2023-05-28,DRUG002,Amoxicillin 500mg,Pharmaceuticals,North America,1021,0.85,1.06,0,Low,103.1
2023-05-28,DRUG002,Amoxicillin 500mg,Pharmaceuticals,Europe,1221,0.85,0.93,0,High,97.09
2023-05-28,DRUG003,Insulin Glargine 10ml,Pharmaceuticals,North America,823,25.0,1.08,0,Medium,98.01
2023-05-28,DRUG003,Insulin Glargine 10ml,Pharmaceuticals,Europe,1069,25.0,1.04,0,Low,102.42
2023-05-28,SUPP001,Surgical Masks Box,Medical Supplies,North America,1312,10.0,0.95,0,Low,99.25
2023-05-28,SUPP001,Surgical Masks Box,Medical Supplies,Europe,620,10.0,0.97,0,Low,103.82
2023-05-28,SUPP002,Surgical Gloves Box,Medical Supplies,North America,965,12.5,1.08,0,Low,102.13
2023-05-28,SUPP002,Surgical Gloves Box,Medical Supplies,Europe,1044,12.5,1.1,0,Low,98.78
2023-05-29,DRUG001,Atorvastatin 20mg,Pharmaceuticals,North America,1090,1.25,1.05,0,Low,98.24
2023-05-29,DRUG001,Atorvastatin 20mg,Pharmaceuticals,Europe,835,1.25,1.0,0,Low,103.03
2023-05-29,DRUG002,Amoxicillin 500mg,Pharmaceuticals,North America,1013,0.85,1.04,0,High,95.13
2023-05-29,DRUG002,Amoxicillin 500mg,Pharmaceuticals,Europe,1286,0.85,1.18,0,Low,104.24
2023-05-29,DRUG003,Insulin Glargine 10ml,Pharmaceuticals,North America,1019,25.0,1.06,0,Medium,101.52
2023-05-29,DRUG003,Insulin Glargine 10ml,Pharmaceuticals,Europe,888,25.0,1.12,0,High,96.65
2023-05-29,SUPP001,Surgical Masks Box,Medical Supplies,North America,768,10.0,0.91,0,High,98.15
2023-05-29,SUPP001,Surgical Masks Box,Medical Supplies,Europe,738,10.0,0.93,0,Medium,103.55
2023-05-29,SUPP002,Surgical Gloves Box,Medical Supplies,North America,952,12.5,0.97,0,Low,104.41
2023-05-29,SUPP002,Surgical Gloves Box,Medical Supplies,Europe,724,12.5,1.17,0,Low,98.81
2023-05-30,DRUG001,Atorvastatin 20mg,Pharmaceuticals,North America,1473,1.25,1.04,0,High,98.36
2023-05-30,DRUG001,Atorvastatin 20mg,Pharmaceuticals,Europe,816,1.25,1.07,0,Low,99.13
2023-05-30,DRUG002,Amoxicillin 500mg,Pharmaceuticals,North America,1101,0.85,0.95,0,Medium,101.92
2023-05-30,DRUG002,Amoxicillin 500mg,Pharmaceuticals,Europe,921,0.85,1.01,0,Medium,99.4
2023-05-30,DRUG003,Insulin Glargine 10ml,Pharmaceuticals,North America,981,25.0,1.15,0,High,99.94
2023-05-30,DRUG003,Insulin Glargine 10ml,Pharmaceuticals,Europe,775,25.0,0.94,0,Low,101.98
2023-05-30,SUPP001,Surgical Masks Box,Medical Supplies,North America,797,10.0,1.05,0,Medium,97.31
2023-05-30,SUPP001,Surgical Masks Box,Medical Supplies,Europe,1287,10.0,0.94,0,Low,96.98
2023-05-30,SUPP002,Surgical Gloves Box,Medical Supplies,North America,834,12.5,1.01,0,High,95.32
2023-05-30,SUPP002,Surgical Gloves Box,Medical Supplies,Europe,670,12.5,1.18,0,Medium,100.44
2023-05-31,DRUG001,Atorvastatin 20mg,Pharmaceuticals,North America,651,1.25,1.09,0,Low,99.57
2023-05-31,DRUG001,Atorvastatin 20mg,Pharmaceuticals,Europe,1474,1.25,1.06,0,Low,103.23
2023-05-31,DRUG002,Amoxicillin 500mg,Pharmaceuticals,North America,857,0.85,0.99,0,Low,100.04
2023-05-31,DRUG002,Amoxicillin 500mg,Pharmaceuticals,Europe,608,0.85,1.14,0,Medium,103.49
2023-05-31,DRUG003,Insulin Glargine 10ml,Pharmaceuticals,North America,973,25.0,0.98,0,Medium,97.21
2023-05-31,DRUG003,Insulin Glargine 10ml,Pharmaceuticals,Europe,1563,25.0,0.98,0,Low,104.92
2023-05-31,SUPP001,Surgical Masks Box,Medical Supplies,North America,1087,10.0,1.02,0,High,99.13
2023-05-31,SUPP001,Surgical Masks Box,Medical Supplies,Europe,890,10.0,1.06,0,Low,97.45
2023-05-31,SUPP002,Surgical Gloves Box,Medical Supplies,North America,773,12.5,0.93,0,Medium,102.12
2023-05-31,SUPP002,Surgical Gloves Box,Medical Supplies,Europe,1108,12.5,0.95,0,High,97.61
2023-06-01,DRUG001,Atorvastatin 20mg,Pharmaceuticals,North America,818,1.25,1.15,0,Medium,98.37
2023-06-01,DRUG001,Atorvastatin 20mg,Pharmaceuticals,Europe,1149,1.25,0.98,0,Medium,100.85
2023-06-01,DRUG002,Amoxicillin 500mg,Pharmaceuticals,North America,884,0.85,1.01,0,High,96.64
2023-06-01,DRUG002,Amoxicillin 500mg,Pharmaceuticals,Europe,338,0.85,1.01,0,Medium,102.29
2023-06-01,DRUG003,Insulin Glargine 10ml,Pharmaceuticals,North America,952,25.0,1.19,0,Medium,95.57
2023-06-01,DRUG003,Insulin Glargine 10ml,Pharmaceuticals,Europe,1092,25.0,1.17,0,Medium,103.32
2023-06-01,SUPP001,Surgical Masks Box,Medical Supplies,North America,891,10.0,0.94,0,Medium,95.31
2023-06-01,SUPP001,Surgical Masks Box,Medical Supplies,Europe,1222,10.0,0.98,0,Medium,103.95
2023-06-01,SUPP002,Surgical Gloves Box,Medical Supplies,North America,637,12.5,1.18,0,Medium,102.09
2023-06-01,SUPP002,Surgical Gloves Box,Medical Supplies,Europe,1017,12.5,0.96,0,Medium,97.2
2023-06-02,DRUG001,Atorvastatin 20mg,Pharmaceuticals,North America,1434,1.25,1.14,0,Medium,103.39
2023-06-02,DRUG001,Atorvastatin 20mg,Pharmaceuticals,Europe,905,1.25,1.1,0,Low,98.15
2023-06-02,DRUG002,Amoxicillin 500mg,Pharmaceuticals,North America,895,0.85,0.96,0,High,96.04
2023-06-02,DRUG002,Amoxicillin 500mg,Pharmaceuticals,Europe,824,0.85,1.12,0,Low,104.23
2023-06-02,DRUG003,Insulin Glargine 10ml,Pharmaceuticals,North America,415,25.0,1.13,0,Medium,95.4
2023-06-02,DRUG003,Insulin Glargine 10ml,Pharmaceuticals,Europe,1293,25.0,1.15,0,Medium,97.21
2023-06-02,SUPP001,Surgical Masks Box,Medical Supplies,North America,1330,10.0,1.04,0,Medium,103.94
2023-06-02,SUPP001,Surgical Masks Box,Medical Supplies,Europe,1214,10.0,1.05,0,High,99.11
2023-06-02,SUPP002,Surgical Gloves Box,Medical Supplies,North America,852,12.5,1.15,0,Medium,103.06
2023-06-02,SUPP002,Surgical Gloves Box,Medical Supplies,Europe,576,12.5,1.01,0,Low,96.09
2023-06-03,DRUG001,Atorvastatin 20mg,Pharmaceuticals,North America,965,1.25,0.98,0,Low,104.73
2023-06-03,DRUG001,Atorvastatin 20mg,Pharmaceuticals,Europe,1025,1.25,1.19,0,Low,102.05
2023-06-03,DRUG002,Amoxicillin 500mg,Pharmaceuticals,North America,722,0.85,1.11,0,High,96.39
2023-06-03,DRUG002,Amoxicillin 500mg,Pharmaceuticals,Europe,965,0.85,0.94,0,High,101.93
2023-06-03,DRUG003,Insulin Glargine 10ml,Pharmaceuticals,North America,870,25.0,1.0,0,Medium,100.52
2023-06-03,DRUG003,Insulin Glargine 10ml,Pharmaceuticals,Europe,1381,25.0,1.09,0,High,96.7
2023-06-03,SUPP001,Surgical Masks Box,Medical Supplies,North America,376,10.0,1.03,0,Medium,99.15
2023-06-03,SUPP001,Surgical Masks Box,Medical Supplies,Europe,929,10.0,1.12,0,High,97.5
2023-06-03,SUPP002,Surgical Gloves Box,Medical Supplies,North America,1417,12.5,1.01,0,Low,96.42
2023-06-03,SUPP002,Surgical Gloves Box,Medical Supplies,Europe,1536,12.5,0.96,0,Medium,101.61
2023-06-04,DRUG001,Atorvastatin 20mg,Pharmaceuticals,North America,948,1.25,1.08,1,Medium,104.05
2023-06-04,DRUG001,Atorvastatin 20mg,Pharmaceuticals,Europe,1329,1.25,0.92,0,Medium,100.85
2023-06-04,DRUG002,Amoxicillin 500mg,Pharmaceuticals,North America,845,0.85,1.14,0,Low,99.95
2023-06-04,DRUG002,Amoxicillin 500mg,Pharmaceuticals,Europe,962,0.85,1.12,0,Medium,98.05
2023-06-04,DRUG003,Insulin Glargine 10ml,Pharmaceuticals,North America,522,25.0,1.12,0,Low,100.3
2023-06-04,DRUG003,Insulin Glargine 10ml,Pharmaceuticals,Europe,800,25.0,0.99,0,Low,101.55
2023-06-04,SUPP001,Surgical Masks Box,Medical Supplies,North America,890,10.0,1.13,0,High,98.74
2023-06-04,SUPP001,Surgical Masks Box,Medical Supplies,Europe,1151,10.0,1.1,0,Low,104.64
2023-06-04,SUPP002,Surgical Gloves Box,Medical Supplies,North America,458,12.5,0.94,0,Medium,98.74
2023-06-04,SUPP002,Surgical Gloves Box,Medical Supplies,Europe,1099,12.5,1.19,0,Low,104.21
2023-06-05,DRUG001,Atorvastatin 20mg,Pharmaceuticals,North America,658,1.25,1.06,0,Low,104.43
2023-06-05,DRUG001,Atorvastatin 20mg,Pharmaceuticals,Europe,753,1.25,1.14,0,Medium,98.85
2023-06-05,DRUG002,Amoxicillin 500mg,Pharmaceuticals,North America,1405,0.85,1.19,0,Medium,99.81
2023-06-05,DRUG002,Amoxicillin 500mg,Pharmaceuticals,Europe,860,0.85,1.01,0,Low,101.86
2023-06-05,DRUG003,Insulin Glargine 10ml,Pharmaceuticals,North America,596,25.0,1.14,0,Medium,97.98
2023-06-05,DRUG003,Insulin Glargine 10ml,Pharmaceuticals,Europe,915,25.0,1.09,0,Low,102.31
2023-06-05,SUPP001,Surgical Masks Box,Medical Supplies,North America,770,10.0,0.97,1,Medium,98.65
2023-06-05,SUPP001,Surgical Masks Box,Medical Supplies,Europe,861,10.0,1.16,0,Low,97.07
2023-06-05,SUPP002,Surgical Gloves Box,Medical Supplies,North America,548,12.5,1.1,0,Medium,95.66
2023-06-05,SUPP002,Surgical Gloves Box,Medical Supplies,Europe,698,12.5,0.96,0,High,98.77
2023-06-06,DRUG001,Atorvastatin 20mg,Pharmaceuticals,North America,637,1.25,0.94,0,Low,96.58
2023-06-06,DRUG001,Atorvastatin 20mg,Pharmaceuticals,Europe,1242,1.25,0.95,0,Low,100.58
2023-06-06,DRUG002,Amoxicillin 500mg,Pharmaceuticals,North America,1038,0.85,1.07,0,Low,102.33
2023-06-06,DRUG002,Amoxicillin 500mg,Pharmaceuticals,Europe,285,0.85,1.16,0,Low,103.98
2023-06-06,DRUG003,Insulin Glargine 10ml,Pharmaceuticals,North America,1207,25.0,1.01,0,Medium,100.25
2023-06-06,DRUG003,Insulin Glargine 10ml,Pharmaceuticals,Europe,391,25.0,0.96,0,Medium,100.9
2023-06-06,SUPP001,Surgical Masks Box,Medical Supplies,North America,1032,10.0,1.11,0,Medium,96.53
2023-06-06,SUPP001,Surgical Masks Box,Medical Supplies,Europe,728,10.0,1.11,0,Low,99.12
2023-06-06,SUPP002,Surgical Gloves Box,Medical Supplies,North America,1368,12.5,0.96,0,High,102.98
2023-06-06,SUPP002,Surgical Gloves Box,Medical Supplies,Europe,636,12.5,1.18,1,Low,101.23
2023-06-07,DRUG001,Atorvastatin 20mg,Pharmaceuticals,North America,1319,1.25,0.98,1,Medium,102.94
2023-06-07,DRUG001,Atorvastatin 20mg,Pharmaceuticals,Europe,922,1.25,0.93,0,Medium,95.22
2023-06-07,DRUG002,Amoxicillin 500mg,Pharmaceuticals,North America,633,0.85,1.08,0,Low,96.08
2023-06-07,DRUG002,Amoxicillin 500mg,Pharmaceuticals,Europe,1427,0.85,0.92,0,Medium,102.42
2023-06-07,DRUG003,Insulin Glargine 10ml,Pharmaceuticals,North America,188,25.0,1.02,0,Low,104.76
2023-06-07,DRUG003,Insulin Glargine 10ml,Pharmaceuticals,Europe,1101,25.0,1.16,0,Medium,103.47
2023-06-07,SUPP001,Surgical Masks Box,Medical Supplies,North America,898,10.0,0.92,0,High,101.93
2023-06-07,SUPP001,Surgical Masks Box,Medical Supplies,Europe,987,10.0,0.92,0,Medium,103.41
2023-06-07,SUPP002,Surgical Gloves Box,Medical Supplies,North America,1462,12.5,0.91,0,Medium,97.59
2023-06-07,SUPP002,Surgical Gloves Box,Medical Supplies,Europe,1376,12.5,1.11,0,Low,97.01
2023-06-08,DRUG001,Atorvastatin 20mg,Pharmaceuticals,North America,845,1.25,1.03,0,Medium,97.71
2023-06-08,DRUG001,Atorvastatin 20mg,Pharmaceuticals,Europe,693,1.25,0.91,0,Low,97.99
2023-06-08,DRUG002,Amoxicillin 500mg,Pharmaceuticals,North America,1117,0.85,1.16,0,Low,101.96
2023-06-08,DRUG002,Amoxicillin 500mg,Pharmaceuticals,Europe,1174,0.85,0.96,0,Low,103.25
2023-06-08,DRUG003,Insulin Glargine 10ml,Pharmaceuticals,North America,967,25.0,1.12,0,High,99.32
2023-06-08,DRUG003,Insulin Glargine 10ml,Pharmaceuticals,Europe,1333,25.0,1.14,0,High,99.86
2023-06-08,SUPP001,Surgical Masks Box,Medical Supplies,North America,1442,10.0,1.15,0,Low,99.68
2023-06-08,SUPP001,Surgical Masks Box,Medical Supplies,Europe,941,10.0,1.19,0,High,95.33
2023-06-08,SUPP002,Surgical Gloves Box,Medical Supplies,North America,1642,12.5,1.15,0,High,100.48
2023-06-08,SUPP002,Surgical Gloves Box,Medical Supplies,Europe,859,12.5,0.96,0,Low,100.31
2023-06-09,DRUG001,Atorvastatin 20mg,Pharmaceuticals,North America,913,1.25,0.97,0,Medium,102.64
2023-06-09,DRUG001,Atorvastatin 20mg,Pharmaceuticals,Europe,1073,1.25,1.03,0,Medium,96.13
2023-06-09,DRUG002,Amoxicillin 500mg,Pharmaceuticals,North America,935,0.85,1.02,0,Medium,98.88
2023-06-09,DRUG002,Amoxicillin 500mg,Pharmaceuticals,Europe,646,0.85,0.95,0,Medium,99.23
2023-06-09,DRUG003,Insulin Glargine 10ml,Pharmaceuticals,North America,613,25.0,1.1,0,Low,99.92
2023-06-09,DRUG003,Insulin Glargine 10ml,Pharmaceuticals,Europe,1017,25.0,1.19,0,Medium,95.9
2023-06-09,SUPP001,Surgical Masks Box,Medical Supplies,North America,763,10.0,1.19,0,Medium,102.04
2023-06-09,SUPP001,Surgical Masks Box,Medical Supplies,Europe,1061,10.0,1.08,0,High,104.57
2023-06-09,SUPP002,Surgical Gloves Box,Medical Supplies,North America,1230,12.5,1.07,0,Medium,97.09
2023-06-09,SUPP002,Surgical Gloves Box,Medical Supplies,Europe,999,12.5,0.9,0,Medium,98.8
2023-06-10,DRUG001,Atorvastatin 20mg,Pharmaceuticals,North America,1109,1.25,1.01,0,Low,95.48
2023-06-10,DRUG001,Atorvastatin 20mg,Pharmaceuticals,Europe,988,1.25,1.13,0,Medium,96.5
2023-06-10,DRUG002,Amoxicillin 500mg,Pharmaceuticals,North America,529,0.85,0.97,0,Low,98.09
2023-06-10,DRUG002,Amoxicillin 500mg,Pharmaceuticals,Europe,1137,0.85,0.94,1,Low,96.3
2023-06-10,DRUG003,Insulin Glargine 10ml,Pharmaceuticals,North America,1114,25.0,0.92,0,High,97.47
2023-06-10,DRUG003,Insulin Glargine 10ml,Pharmaceuticals,Europe,606,25.0,1.04,0,Medium,99.14
2023-06-10,SUPP001,Surgical Masks Box,Medical Supplies,North America,743,10.0,1.1,0,Low,101.89
2023-06-10,SUPP001,Surgical Masks Box,Medical Supplies,Europe,799,10.0,1.07,0,Low,102.86
2023-06-10,SUPP002,Surgical Gloves Box,Medical Supplies,North America,775,12.5,1.11,0,High,96.42
2023-06-10,SUPP002,Surgical Gloves Box,Medical Supplies,Europe,1101,12.5,1.09,0,High,98.3
2023-06-11,DRUG001,Atorvastatin 20mg,Pharmaceuticals,North America,1249,1.25,1.2,0,Medium,100.2
2023-06-11,DRUG001,Atorvastatin 20mg,Pharmaceuticals,Europe,810,1.25,0.99,0,Low,97.82
2023-06-11,DRUG002,Amoxicillin 500mg,Pharmaceuticals,North America,623,0.85,1.16,0,Low,101.5
2023-06-11,DRUG002,Amoxicillin 500mg,Pharmaceuticals,Europe,935,0.85,1.1,1,Low,97.48
2023-06-11,DRUG003,Insulin Glargine 10ml,Pharmaceuticals,North America,1280,25.0,0.93,0,Low,96.81
2023-06-11,DRUG003,Insulin Glargine 10ml,Pharmaceuticals,Europe,1233,25.0,1.14,0,Medium,104.39
2023-06-11,SUPP001,Surgical Masks Box,Medical Supplies,North America,1004,10.0,0.95,0,Medium,98.09
2023-06-11,SUPP001,Surgical Masks Box,Medical Supplies,Europe,1042,10.0,0.98,1,Low,102.33
2023-06-11,SUPP002,Surgical Gloves Box,Medical Supplies,North America,928,12.5,0.96,0,Medium,101.88
2023-06-11,SUPP002,Surgical Gloves Box,Medical Supplies,Europe,1139,12.5,1.0,0,High,104.23
2023-06-12,DRUG001,Atorvastatin 20mg,Pharmaceuticals,North America,1357,1.25,1.04,0,Low,99.26
2023-06-12,DRUG001,Atorvastatin 20mg,Pharmaceuticals,Europe,955,1.25,1.06,0,Medium,102.81
2023-06-12,DRUG002,Amoxicillin 500mg,Pharmaceuticals,North America,1321,0.85,1.17,0,Medium,102.87
2023-06-12,DRUG002,Amoxicillin 500mg,Pharmaceuticals,Europe,1428,0.85,1.06,0,Low,103.88
2023-06-12,DRUG003,Insulin Glargine 10ml,Pharmaceuticals,North America,1314,25.0,1.08,0,High,101.59
2023-06-12,DRUG003,Insulin Glargine 10ml,Pharmaceuticals,Europe,975,25.0,1.02,0,High,98.74
2023-06-12,SUPP001,Surgical Masks Box,Medical Supplies,North America,757,10.0,1.17,0,Medium,99.13
2023-06-12,SUPP001,Surgical Masks Box,Medical Supplies,Europe,932,10.0,1.02,0,Low,100.94
2023-06-12,SUPP002,Surgical Gloves Box,Medical Supplies,North America,1184,12.5,0.95,0,Medium,103.82
2023-06-12,SUPP002,Surgical Gloves Box,Medical Supplies,Europe,1152,12.5,1.05,0,High,104.0
2023-06-13,DRUG001,Atorvastatin 20mg,Pharmaceuticals,North America,486,1.25,1.02,0,Low,97.69
2023-06-13,DRUG001,Atorvastatin 20mg,Pharmaceuticals,Europe,882,1.25,1.16,0,Medium,96.73
2023-06-13,DRUG002,Amoxicillin 500mg,Pharmaceuticals,North America,848,0.85,0.98,0,High,97.22
2023-06-13,DRUG002,Amoxicillin 500mg,Pharmaceuticals,Europe,946,0.85,1.04,0,High,102.63
2023-06-13,DRUG003,Insulin Glargine 10ml,Pharmaceuticals,North America,1619,25.0,1.15,0,Medium,104.07
2023-06-13,DRUG003,Insulin Glargine 10ml,Pharmaceuticals,Europe,1047,25.0,1.12,0,Medium,98.48
2023-06-13,SUPP001,Surgical Masks Box,Medical Supplies,North America,1640,10.0,1.03,0,High,96.55
2023-06-13,SUPP001,Surgical Masks Box,Medical Supplies,Europe,1084,10.0,1.04,0,Medium,97.5
2023-06-13,SUPP002,Surgical Gloves Box,Medical Supplies,North America,1261,12.5,1.03,1,High,96.06
2023-06-13,SUPP002,Surgical Gloves Box,Medical Supplies,Europe,1097,12.5,0.97,1,High,95.98
2023-06-14,DRUG001,Atorvastatin 20mg,Pharmaceuticals,North America,1360,1.25,0.91,0,Low,103.62
2023-06-14,DRUG001,Atorvastatin 20mg,Pharmaceuticals,Europe,1002,1.25,0.99,0,Medium,97.21
2023-06-14,DRUG002,Amoxicillin 500mg,Pharmaceuticals,North America,973,0.85,0.99,0,High,99.57
2023-06-14,DRUG002,Amoxicillin 500mg,Pharmaceuticals,Europe,863,0.85,1.08,0,High,99.25
2023-06-14,DRUG003,Insulin Glargine 10ml,Pharmaceuticals,North America,715,25.0,1.06,0,Medium,95.91
2023-06-14,DRUG003,Insulin Glargine 10ml,Pharmaceuticals,Europe,727,25.0,1.12,0,Low,99.13
2023-06-14,SUPP001,Surgical Masks Box,Medical Supplies,North America,1132,10.0,1.01,0,Medium,97.04
2023-06-14,SUPP001,Surgical Masks Box,Medical Supplies,Europe,569,10.0,0.95,0,Medium,99.12
2023-06-14,SUPP002,Surgical Gloves Box,Medical Supplies,North America,999,12.5,1.07,0,Medium,96.77
2023-06-14,SUPP002,Surgical Gloves Box,Medical Supplies,Europe,836,12.5,0.98,0,High,96.36
2023-06-15,DRUG001,Atorvastatin 20mg,Pharmaceuticals,North America,551,1.25,0.92,0,Low,102.1
2023-06-15,DRUG001,Atorvastatin 20mg,Pharmaceuticals,Europe,996,1.25,1.06,0,Low,103.08
2023-06-15,DRUG002,Amoxicillin 500mg,Pharmaceuticals,North America,1115,0.85,1.0,0,Low,95.87
2023-06-15,DRUG002,Amoxicillin 500mg,Pharmaceuticals,Europe,647,0.85,0.97,0,Medium,101.58
2023-06-15,DRUG003,Insulin Glargine 10ml,Pharmaceuticals,North America,1732,25.0,1.19,0,Medium,100.73
2023-06-15,DRUG003,Insulin Glargine 10ml,Pharmaceuticals,Europe,1131,25.0,1.18,0,Low,97.37
2023-06-15,SUPP001,Surgical Masks Box,Medical Supplies,North America,1009,10.0,1.12,0,Low,102.24
2023-06-15,SUPP001,Surgical Masks Box,Medical Supplies,Europe,482,10.0,1.14,0,Medium,99.27
2023-06-15,SUPP002,Surgical Gloves Box,Medical Supplies,North America,1580,12.5,1.17,0,Low,102.54
2023-06-15,SUPP002,Surgical Gloves Box,Medical Supplies,Europe,1077,12.5,0.97,0,High,102.24
2023-06-16,DRUG001,Atorvastatin 20mg,Pharmaceuticals,North America,595,1.25,1.01,0,Low,102.43
2023-06-16,DRUG001,Atorvastatin 20mg,Pharmaceuticals,Europe,863,1.25,0.98,0,Low,104.82
2023-06-16,DRUG002,Amoxicillin 500mg,Pharmaceuticals,North America,781,0.85,0.93,0,Medium,99.19
2023-06-16,DRUG002,Amoxicillin 500mg,Pharmaceuticals,Europe,943,0.85,1.03,0,Medium,100.05
2023-06-16,DRUG003,Insulin Glargine 10ml,Pharmaceuticals,North America,626,25.0,0.98,0,High,103.55
2023-06-16,DRUG003,Insulin Glargine 10ml,Pharmaceuticals,Europe,1134,25.0,0.97,0,Low,99.92
2023-06-16,SUPP001,Surgical Masks Box,Medical Supplies,North America,1284,10.0,0.95,0,Medium,96.27
2023-06-16,SUPP001,Surgical Masks Box,Medical Supplies,Europe,1016,10.0,1.02,0,Low,97.63
2023-06-16,SUPP002,Surgical Gloves Box,Medical Supplies,North America,367,12.5,1.18,0,High,97.31
2023-06-16,SUPP002,Surgical Gloves Box,Medical Supplies,Europe,1401,12.5,1.13,0,Low,103.58
2023-06-17,DRUG001,Atorvastatin 20mg,Pharmaceuticals,North America,1320,1.25,1.07,0,Medium,102.32
2023-06-17,DRUG001,Atorvastatin 20mg,Pharmaceuticals,Europe,614,1.25,0.93,0,High,95.58
2023-06-17,DRUG002,Amoxicillin 500mg,Pharmaceuticals,North America,1129,0.85,1.03,0,Low,100.07
2023-06-17,DRUG002,Amoxicillin 500mg,Pharmaceuticals,Europe,784,0.85,0.94,0,Medium,97.58
2023-06-17,DRUG003,Insulin Glargine 10ml,Pharmaceuticals,North America,1074,25.0,1.11,0,Medium,102.68
2023-06-17,DRUG003,Insulin Glargine 10ml,Pharmaceuticals,Europe,997,25.0,0.91,0,Low,99.02
2023-06-17,SUPP001,Surgical Masks Box,Medical Supplies,North America,871,10.0,1.1,0,Medium,98.57
2023-06-17,SUPP001,Surgical Masks Box,Medical Supplies,Europe,1289,10.0,1.07,0,Low,104.93
2023-06-17,SUPP002,Surgical Gloves Box,Medical Supplies,North America,889,12.5,1.1,0,Low,97.62
2023-06-17,SUPP002,Surgical Gloves Box,Medical Supplies,Europe,1210,12.5,1.0,0,Medium,100.12
2023-06-18,DRUG001,Atorvastatin 20mg,Pharmaceuticals,North America,1800,1.25,1.18,0,Medium,103.54
2023-06-18,DRUG001,Atorvastatin 20mg,Pharmaceuticals,Europe,1029,1.25,0.97,0,Low,102.32
2023-06-18,DRUG002,Amoxicillin 500mg,Pharmaceuticals,North America,1058,0.85,1.03,0,High,99.7
2023-06-18,DRUG002,Amoxicillin 500mg,Pharmaceuticals,Europe,1161,0.85,0.91,0,Medium,96.24
2023-06-18,DRUG003,Insulin Glargine 10ml,Pharmaceuticals,North America,1573,25.0,1.05,0,High,101.16
2023-06-18,DRUG003,Insulin Glargine 10ml,Pharmaceuticals,Europe,1349,25.0,0.9,0,Medium,100.66
2023-06-18,SUPP001,Surgical Masks Box,Medical Supplies,North America,605,10.0,1.18,0,Medium,95.04
2023-06-18,SUPP001,Surgical Masks Box,Medical Supplies,Europe,1392,10.0,1.18,0,Low,98.33
2023-06-18,SUPP002,Surgical Gloves Box,Medical Supplies,North America,623,12.5,1.08,0,Low,98.2
2023-06-18,SUPP002,Surgical Gloves Box,Medical Supplies,Europe,833,12.5,1.14,0,Medium,101.98
2023-06-19,DRUG001,Atorvastatin 20mg,Pharmaceuticals,North America,810,1.25,0.98,0,High,99.94
2023-06-19,DRUG001,Atorvastatin 20mg,Pharmaceuticals,Europe,910,1.25,0.9,0,Low,100.79
2023-06-19,DRUG002,Amoxicillin 500mg,Pharmaceuticals,North America,1214,0.85,1.13,0,Medium,101.27
2023-06-19,DRUG002,Amoxicillin 500mg,Pharmaceuticals,Europe,929,0.85,1.09,0,Medium,104.86
2023-06-19,DRUG003,Insulin Glargine 10ml,Pharmaceuticals,North America,1261,25.0,1.16,0,Low,99.83
2023-06-19,DRUG003,Insulin Glargine 10ml,Pharmaceuticals,Europe,1219,25.0,1.05,0,Medium,100.71
2023-06-19,SUPP001,Surgical Masks Box,Medical Supplies,North America,832,10.0,1.08,0,Low,100.94
2023-06-19,SUPP001,Surgical Masks Box,Medical Supplies,Europe,1009,10.0,1.08,0,Low,104.8
2023-06-19,SUPP002,Surgical Gloves Box,Medical Supplies,North America,590,12.5,0.95,0,Medium,101.44
2023-06-19,SUPP002,Surgical Gloves Box,Medical Supplies,Europe,840,12.5,0.93,0,Low,98.13
2023-06-20,DRUG001,Atorvastatin 20mg,Pharmaceuticals,North America,314,1.25,1.16,1,Low,103.64
2023-06-20,DRUG001,Atorvastatin 20mg,Pharmaceuticals,Europe,765,1.25,1.13,1,Low,100.77
2023-06-20,DRUG002,Amoxicillin 500mg,Pharmaceuticals,North America,1239,0.85,0.9,0,Low,98.23
2023-06-20,DRUG002,Amoxicillin 500mg,Pharmaceuticals,Europe,833,0.85,1.09,0,Medium,103.53
2023-06-20,DRUG003,Insulin Glargine 10ml,Pharmaceuticals,North America,1042,25.0,1.04,0,Medium,101.62
2023-06-20,DRUG003,Insulin Glargine 10ml,Pharmaceuticals,Europe,482,25.0,1.08,0,Medium,95.67
2023-06-20,SUPP001,Surgical Masks Box,Medical Supplies,North America,1070,10.0,0.98,0,Medium,100.54
2023-06-20,SUPP001,Surgical Masks Box,Medical Supplies,Europe,718,10.0,1.0,0,Medium,98.33
2023-06-20,SUPP002,Surgical Gloves Box,Medical Supplies,North America,1219,12.5,1.09,0,Low,101.97
2023-06-20,SUPP002,Surgical Gloves Box,Medical Supplies,Europe,1376,12.5,1.01,1,High,100.88
2023-06-21,DRUG001,Atorvastatin 20mg,Pharmaceuticals,North America,766,1.25,1.0,0,Low,100.15
2023-06-21,DRUG001,Atorvastatin 20mg,Pharmaceuticals,Europe,804,1.25,0.95,1,Low,104.32
2023-06-21,DRUG002,Amoxicillin 500mg,Pharmaceuticals,North America,1015,0.85,1.12,0,Medium,98.41
2023-06-21,DRUG002,Amoxicillin 500mg,Pharmaceuticals,Europe,1259,0.85,0.99,0,Medium,100.8
2023-06-21,DRUG003,Insulin Glargine 10ml,Pharmaceuticals,North America,736,25.0,0.93,0,Low,95.74
2023-06-21,DRUG003,Insulin Glargine 10ml,Pharmaceuticals,Europe,577,25.0,0.93,0,Low,101.59
2023-06-21,SUPP001,Surgical Masks Box,Medical Supplies,North America,1189,10.0,1.05,0,Medium,98.82
2023-06-21,SUPP001,Surgical Masks Box,Medical Supplies,Europe,883,10.0,1.07,0,High,99.26
2023-06-21,SUPP002,Surgical Gloves Box,Medical Supplies,North America,1394,12.5,1.01,0,Medium,102.2
2023-06-21,SUPP002,Surgical Gloves Box,Medical Supplies,Europe,715,12.5,0.93,0,Medium,97.12
2023-06-22,DRUG001,Atorvastatin 20mg,Pharmaceuticals,North America,869,1.25,1.19,0,Medium,95.3
2023-06-22,DRUG001,Atorvastatin 20mg,Pharmaceuticals,Europe,747,1.25,1.02,0,High,100.17
2023-06-22,DRUG002,Amoxicillin 500mg,Pharmaceuticals,North America,1058,0.85,0.91,0,Medium,104.51
2023-06-22,DRUG002,Amoxicillin 500mg,Pharmaceuticals,Europe,1392,0.85,1.16,0,Low,97.01
2023-06-22,DRUG003,Insulin Glargine 10ml,Pharmaceuticals,North America,841,25.0,1.05,0,Low,100.05
2023-06-22,DRUG003,Insulin Glargine 10ml,Pharmaceuticals,Europe,1405,25.0,0.91,0,High,102.52
2023-06-22,SUPP001,Surgical Masks Box,Medical Supplies,North America,1176,10.0,1.01,0,Medium,102.63
2023-06-22,SUPP001,Surgical Masks Box,Medical Supplies,Europe,204,10.0,1.12,0,Low,99.7
2023-06-22,SUPP002,Surgical Gloves Box,Medical Supplies,North America,1350,12.5,1.0,0,Low,104.8
2023-06-22,SUPP002,Surgical Gloves Box,Medical Supplies,Europe,767,12.5,0.97,0,Medium,95.71
2023-06-23,DRUG001,Atorvastatin 20mg,Pharmaceuticals,North America,1569,1.25,1.05,0,Low,95.86
2023-06-23,DRUG001,Atorvastatin 20mg,Pharmaceuticals,Europe,965,1.25,1.18,0,Medium,102.92
2023-06-23,DRUG002,Amoxicillin 500mg,Pharmaceuticals,North America,1356,0.85,0.94,0,Low,103.11
2023-06-23,DRUG002,Amoxicillin 500mg,Pharmaceuticals,Europe,710,0.85,0.97,0,High,100.28
2023-06-23,DRUG003,Insulin Glargine 10ml,Pharmaceuticals,North America,380,25.0,1.0,0,Medium,104.86
2023-06-23,DRUG003,Insulin Glargine 10ml,Pharmaceuticals,Europe,1636,25.0,1.18,0,High,99.68
2023-06-23,SUPP001,Surgical Masks Box,Medical Supplies,North America,1224,10.0,1.02,1,Medium,101.01
2023-06-23,SUPP001,Surgical Masks Box,Medical Supplies,Europe,1089,10.0,1.11,1,Low,102.46
2023-06-23,SUPP002,Surgical Gloves Box,Medical Supplies,North America,476,12.5,1.13,0,Medium,98.23
2023-06-23,SUPP002,Surgical Gloves Box,Medical Supplies,Europe,1047,12.5,1.04,0,Medium,96.98
2023-06-24,DRUG001,Atorvastatin 20mg,Pharmaceuticals,North America,1004,1.25,1.12,0,Low,99.07
2023-06-24,DRUG001,Atorvastatin 20mg,Pharmaceuticals,Europe,1169,1.25,1.02,0,Medium,99.97
2023-06-24,DRUG002,Amoxicillin 500mg,Pharmaceuticals,North America,996,0.85,0.95,0,High,101.05
2023-06-24,DRUG002,Amoxicillin 500mg,Pharmaceuticals,Europe,663,0.85,1.1,0,High,101.38
2023-06-24,DRUG003,Insulin Glargine 10ml,Pharmaceuticals,North America,811,25.0,1.19,0,High,96.72
2023-06-24,DRUG003,Insulin Glargine 10ml,Pharmaceuticals,Europe,1385,25.0,0.98,0,Low,103.55
2023-06-24,SUPP001,Surgical Masks Box,Medical Supplies,North America,743,10.0,0.97,0,Medium,95.06
2023-06-24,SUPP001,Surgical Masks Box,Medical Supplies,Europe,807,10.0,1.03,0,Low,101.76
2023-06-24,SUPP002,Surgical Gloves Box,Medical Supplies,North America,1317,12.5,1.12,0,High,103.14
2023-06-24,SUPP002,Surgical Gloves Box,Medical Supplies,Europe,1290,12.5,1.17,0,High,103.1
2023-06-25,DRUG001,Atorvastatin 20mg,Pharmaceuticals,North America,1215,1.25,1.18,0,Medium,99.76
2023-06-25,DRUG001,Atorvastatin 20mg,Pharmaceuticals,Europe,1545,1.25,1.18,0,Medium,101.87
2023-06-25,DRUG002,Amoxicillin 500mg,Pharmaceuticals,North America,1115,0.85,1.17,1,Low,99.02
2023-06-25,DRUG002,Amoxicillin 500mg,Pharmaceuticals,Europe,1407,0.85,0.91,0,Medium,104.11
2023-06-25,DRUG003,Insulin Glargine 10ml,Pharmaceuticals,North America,1054,25.0,1.06,0,High,104.27
2023-06-25,DRUG003,Insulin Glargine 10ml,Pharmaceuticals,Europe,749,25.0,1.02,0,Low,102.37
2023-06-25,SUPP001,Surgical Masks Box,Medical Supplies,North America,683,10.0,1.18,0,Medium,98.67
2023-06-25,SUPP001,Surgical Masks Box,Medical Supplies,Europe,979,10.0,0.91,0,Medium,101.9
2023-06-25,SUPP002,Surgical Gloves Box,Medical Supplies,North America,1374,12.5,1.11,0,Medium,104.15
2023-06-25,SUPP002,Surgical Gloves Box,Medical Supplies,Europe,683,12.5,1.05,0,Low,98.08
2023-06-26,DRUG001,Atorvastatin 20mg,Pharmaceuticals,North America,1036,1.25,0.97,0,Medium,98.27
2023-06-26,DRUG001,Atorvastatin 20mg,Pharmaceuticals,Europe,874,1.25,0.97,0,Medium,96.3
2023-06-26,DRUG002,Amoxicillin 500mg,Pharmaceuticals,North America,1136,0.85,1.11,0,High,95.45
2023-06-26,DRUG002,Amoxicillin 500mg,Pharmaceuticals,Europe,86,0.85,0.99,0,Low,97.89
2023-06-26,DRUG003,Insulin Glargine 10ml,Pharmaceuticals,North America,1067,25.0,1.1,0,Medium,98.36
2023-06-26,DRUG003,Insulin Glargine 10ml,Pharmaceuticals,Europe,416,25.0,0.99,0,Low,95.8
2023-06-26,SUPP001,Surgical Masks Box,Medical Supplies,North America,1190,10.0,1.12,0,High,102.32
2023-06-26,SUPP001,Surgical Masks Box,Medical Supplies,Europe,964,10.0,1.08,0,Medium,97.22
2023-06-26,SUPP002,Surgical Gloves Box,Medical Supplies,North America,1882,12.5,1.06,0,High,104.02
2023-06-26,SUPP002,Surgical Gloves Box,Medical Supplies,Europe,1217,12.5,1.16,0,High,95.98
2023-06-27,DRUG001,Atorvastatin 20mg,Pharmaceuticals,North America,989,1.25,1.15,0,Medium,96.39
2023-06-27,DRUG001,Atorvastatin 20mg,Pharmaceuticals,Europe,478,1.25,0.98,0,Low,98.51
2023-06-27,DRUG002,Amoxicillin 500mg,Pharmaceuticals,North America,753,0.85,1.11,0,Medium,96.0
2023-06-27,DRUG002,Amoxicillin 500mg,Pharmaceuticals,Europe,613,0.85,1.14,0,Medium,102.25
2023-06-27,DRUG003,Insulin Glargine 10ml,Pharmaceuticals,North America,1091,25.0,1.08,0,Low,104.42
2023-06-27,DRUG003,Insulin Glargine 10ml,Pharmaceuticals,Europe,930,25.0,1.13,0,Low,103.1
2023-06-27,SUPP001,Surgical Masks Box,Medical Supplies,North America,1311,10.0,1.03,0,Low,97.11
2023-06-27,SUPP001,Surgical Masks Box,Medical Supplies,Europe,1229,10.0,1.09,1,Low,99.61
2023-06-27,SUPP002,Surgical Gloves Box,Medical Supplies,North America,1141,12.5,1.15,0,Low,104.98
2023-06-27,SUPP002,Surgical Gloves Box,Medical Supplies,Europe,1591,12.5,1.13,0,Medium,103.56
2023-06-28,DRUG001,Atorvastatin 20mg,Pharmaceuticals,North America,906,1.25,1.16,0,Low,102.88
2023-06-28,DRUG001,Atorvastatin 20mg,Pharmaceuticals,Europe,761,1.25,1.15,0,High,101.87
2023-06-28,DRUG002,Amoxicillin 500mg,Pharmaceuticals,North America,1384,0.85,1.03,0,Low,100.05
2023-06-28,DRUG002,Amoxicillin 500mg,Pharmaceuticals,Europe,1023,0.85,1.06,0,Medium,100.81
2023-06-28,DRUG003,Insulin Glargine 10ml,Pharmaceuticals,North America,810,25.0,0.92,0,Low,97.47
2023-06-28,DRUG003,Insulin Glargine 10ml,Pharmaceuticals,Europe,1172,25.0,1.11,0,High,97.98
2023-06-28,SUPP001,Surgical Masks Box,Medical Supplies,North America,437,10.0,1.06,0,High,97.66
2023-06-28,SUPP001,Surgical Masks Box,Medical Supplies,Europe,1353,10.0,1.04,0,High,104.99
2023-06-28,SUPP002,Surgical Gloves Box,Medical Supplies,North America,1234,12.5,1.01,0,Low,99.61
2023-06-28,SUPP002,Surgical Gloves Box,Medical Supplies,Europe,726,12.5,1.05,0,Medium,97.94
2023-06-29,DRUG001,Atorvastatin 20mg,Pharmaceuticals,North America,461,1.25,0.95,0,Low,100.35
2023-06-29,DRUG001,Atorvastatin 20mg,Pharmaceuticals,Europe,1161,1.25,0.96,0,Low,101.71
2023-06-29,DRUG002,Amoxicillin 500mg,Pharmaceuticals,North America,864,0.85,1.04,0,Medium,97.64
2023-06-29,DRUG002,Amoxicillin 500mg,Pharmaceuticals,Europe,1088,0.85,1.06,0,High,100.49
2023-06-29,DRUG003,Insulin Glargine 10ml,Pharmaceuticals,North America,465,25.0,1.18,0,Low,103.44
2023-06-29,DRUG003,Insulin Glargine 10ml,Pharmaceuticals,Europe,1450,25.0,1.03,0,High,96.89
2023-06-29,SUPP001,Surgical Masks Box,Medical Supplies,North America,680,10.0,0.99,0,Medium,97.3
2023-06-29,SUPP001,Surgical Masks Box,Medical Supplies,Europe,1306,10.0,0.9,0,Low,96.04
2023-06-29,SUPP002,Surgical Gloves Box,Medical Supplies,North America,814,12.5,1.04,0,High,102.16
2023-06-29,SUPP002,Surgical Gloves Box,Medical Supplies,Europe,595,12.5,1.0,0,Medium,101.26
2023-06-30,DRUG001,Atorvastatin 20mg,Pharmaceuticals,North America,903,1.25,1.16,0,Low,103.71
2023-06-30,DRUG001,Atorvastatin 20mg,Pharmaceuticals,Europe,889,1.25,1.1,0,Medium,95.2
2023-06-30,DRUG002,Amoxicillin 500mg,Pharmaceuticals,North America,971,0.85,1.14,1,High,104.09
2023-06-30,DRUG002,Amoxicillin 500mg,Pharmaceuticals,Europe,1519,0.85,1.05,0,Medium,101.9
2023-06-30,DRUG003,Insulin Glargine 10ml,Pharmaceuticals,North America,932,25.0,1.18,0,High,103.8
2023-06-30,DRUG003,Insulin Glargine 10ml,Pharmaceuticals,Europe,1088,25.0,0.98,0,Low,97.91
2023-06-30,SUPP001,Surgical Masks Box,Medical Supplies,North America,1368,10.0,1.17,0,Low,96.86
2023-06-30,SUPP001,Surgical Masks Box,Medical Supplies,Europe,1138,10.0,0.93,0,Medium,95.43
2023-06-30,SUPP002,Surgical Gloves Box,Medical Supplies,North America,682,12.5,1.09,0,Medium,99.28
2023-06-30,SUPP002,Surgical Gloves Box,Medical Supplies,Europe,849,12.5,1.19,0,Medium,102.36
2023-07-01,DRUG001,Atorvastatin 20mg,Pharmaceuticals,North America,1226,1.25,1.01,0,Low,101.09
2023-07-01,DRUG001,Atorvastatin 20mg,Pharmaceuticals,Europe,1029,1.25,0.99,0,Medium,100.32
2023-07-01,DRUG002,Amoxicillin 500mg,Pharmaceuticals,North America,1065,0.85,1.09,0,Medium,102.2
2023-07-01,DRUG002,Amoxicillin 500mg,Pharmaceuticals,Europe,860,0.85,1.06,0,Low,101.1
2023-07-01,DRUG003,Insulin Glargine 10ml,Pharmaceuticals,North America,1052,25.0,0.92,0,High,95.94
2023-07-01,DRUG003,Insulin Glargine 10ml,Pharmaceuticals,Europe,1135,25.0,1.2,1,Low,104.33
2023-07-01,SUPP001,Surgical Masks Box,Medical Supplies,North America,1304,10.0,1.03,0,Medium,102.74
2023-07-01,SUPP001,Surgical Masks Box,Medical Supplies,Europe,878,10.0,0.91,0,Low,98.46
2023-07-01,SUPP002,Surgical Gloves Box,Medical Supplies,North America,870,12.5,1.0,0,Low,95.33
2023-07-01,SUPP002,Surgical Gloves Box,Medical Supplies,Europe,363,12.5,1.04,1,Low,104.46
2023-07-02,DRUG001,Atorvastatin 20mg,Pharmaceuticals,North America,1238,1.25,1.09,0,Low,100.05
2023-07-02,DRUG001,Atorvastatin 20mg,Pharmaceuticals,Europe,1404,1.25,1.11,0,High,95.72
2023-07-02,DRUG002,Amoxicillin 500mg,Pharmaceuticals,North America,1102,0.85,1.01,0,Medium,103.91
2023-07-02,DRUG002,Amoxicillin 500mg,Pharmaceuticals,Europe,1575,0.85,1.05,0,Medium,96.02
2023-07-02,DRUG003,Insulin Glargine 10ml,Pharmaceuticals,North America,540,25.0,1.12,0,Low,97.21
2023-07-02,DRUG003,Insulin Glargine 10ml,Pharmaceuticals,Europe,661,25.0,0.98,0,Low,96.34
2023-07-02,SUPP001,Surgical Masks Box,Medical Supplies,North America,892,10.0,1.01,0,Medium,96.28
2023-07-02,SUPP001,Surgical Masks Box,Medical Supplies,Europe,632,10.0,1.12,0,Low,98.75
2023-07-02,SUPP002,Surgical Gloves Box,Medical Supplies,North America,354,12.5,0.97,0,Low,102.72
2023-07-02,SUPP002,Surgical Gloves Box,Medical Supplies,Europe,990,12.5,0.95,0,Medium,102.74
2023-07-03,DRUG001,Atorvastatin 20mg,Pharmaceuticals,North America,991,1.25,0.96,0,Medium,97.46
2023-07-03,DRUG001,Atorvastatin 20mg,Pharmaceuticals,Europe,1409,1.25,1.17,0,High,103.6
2023-07-03,DRUG002,Amoxicillin 500mg,Pharmaceuticals,North America,1118,0.85,1.12,0,Medium,95.72
2023-07-03,DRUG002,Amoxicillin 500mg,Pharmaceuticals,Europe,1050,0.85,1.02,0,Low,98.3
2023-07-03,DRUG003,Insulin Glargine 10ml,Pharmaceuticals,North America,1298,25.0,0.91,0,Low,101.95
2023-07-03,DRUG003,Insulin Glargine 10ml,Pharmaceuticals,Europe,1076,25.0,0.93,0,Low,96.99
2023-07-03,SUPP001,Surgical Masks Box,Medical Supplies,North America,887,10.0,1.05,0,Low,96.32
2023-07-03,SUPP001,Surgical Masks Box,Medical Supplies,Europe,985,10.0,1.01,0,Medium,100.31
2023-07-03,SUPP002,Surgical Gloves Box,Medical Supplies,North America,606,12.5,0.99,0,Low,97.25
2023-07-03,SUPP002,Surgical Gloves Box,Medical Supplies,Europe,1118,12.5,1.06,0,High,96.96
2023-07-04,DRUG001,Atorvastatin 20mg,Pharmaceuticals,North America,1330,1.25,1.07,0,Low,95.39
2023-07-04,DRUG001,Atorvastatin 20mg,Pharmaceuticals,Europe,1147,1.25,0.99,0,Low,97.19
2023-07-04,DRUG002,Amoxicillin 500mg,Pharmaceuticals,North America,1289,0.85,1.04,0,Low,96.6
2023-07-04,DRUG002,Amoxicillin 500mg,Pharmaceuticals,Europe,1211,0.85,1.02,0,High,95.69
2023-07-04,DRUG003,Insulin Glargine 10ml,Pharmaceuticals,North America,379,25.0,1.05,0,Low,103.2
2023-07-04,DRUG003,Insulin Glargine 10ml,Pharmaceuticals,Europe,1026,25.0,1.07,0,Low,97.98
2023-07-04,SUPP001,Surgical Masks Box,Medical Supplies,North America,1331,10.0,1.19,0,Low,103.47
2023-07-04,SUPP001,Surgical Masks Box,Medical Supplies,Europe,884,10.0,1.03,0,Low,102.44
2023-07-04,SUPP002,Surgical Gloves Box,Medical Supplies,North America,1411,12.5,1.13,0,Medium,103.0
2023-07-04,SUPP002,Surgical Gloves Box,Medical Supplies,Europe,1042,12.5,1.0,0,Low,99.51
2023-07-05,DRUG001,Atorvastatin 20mg,Pharmaceuticals,North America,1224,1.25,0.96,0,Low,97.26
2023-07-05,DRUG001,Atorvastatin 20mg,Pharmaceuticals,Europe,395,1.25,1.04,0,Low,97.72
2023-07-05,DRUG002,Amoxicillin 500mg,Pharmaceuticals,North America,1159,0.85,1.13,0,Medium,102.36
2023-07-05,DRUG002,Amoxicillin 500mg,Pharmaceuticals,Europe,758,0.85,0.94,1,High,97.04
2023-07-05,DRUG003,Insulin Glargine 10ml,Pharmaceuticals,North America,929,25.0,0.94,0,Medium,102.83
2023-07-05,DRUG003,Insulin Glargine 10ml,Pharmaceuticals,Europe,941,25.0,1.12,0,Medium,95.18
2023-07-05,SUPP001,Surgical Masks Box,Medical Supplies,North America,1309,10.0,0.9,0,High,101.84
2023-07-05,SUPP001,Surgical Masks Box,Medical Supplies,Europe,577,10.0,0.98,0,Medium,98.07
2023-07-05,SUPP002,Surgical Gloves Box,Medical Supplies,North America,771,12.5,1.05,0,Low,97.69
2023-07-05,SUPP002,Surgical Gloves Box,Medical Supplies,Europe,910,12.5,0.97,1,Low,100.76
2023-07-06,DRUG001,Atorvastatin 20mg,Pharmaceuticals,North America,925,1.25,1.09,0,High,96.8
2023-07-06,DRUG001,Atorvastatin 20mg,Pharmaceuticals,Europe,1099,1.25,1.13,0,Low,99.21
2023-07-06,DRUG002,Amoxicillin 500mg,Pharmaceuticals,North America,948,0.85,1.06,1,Low,101.15
2023-07-06,DRUG002,Amoxicillin 500mg,Pharmaceuticals,Europe,1431,0.85,1.01,0,Medium,104.38
2023-07-06,DRUG003,Insulin Glargine 10ml,Pharmaceuticals,North America,1462,25.0,0.93,0,Medium,95.2
2023-07-06,DRUG003,Insulin Glargine 10ml,Pharmaceuticals,Europe,1073,25.0,0.98,0,Low,97.65
2023-07-06,SUPP001,Surgical Masks Box,Medical Supplies,North America,1813,10.0,1.18,0,Medium,104.3
2023-07-06,SUPP001,Surgical Masks Box,Medical Supplies,Europe,1155,10.0,1.14,0,Low,101.76
2023-07-06,SUPP002,Surgical Gloves Box,Medical Supplies,North America,1425,12.5,1.12,0,High,100.34
2023-07-06,SUPP002,Surgical Gloves Box,Medical Supplies,Europe,1088,12.5,0.93,0,Low,102.77
2023-07-07,DRUG001,Atorvastatin 20mg,Pharmaceuticals,North America,1016,1.25,1.08,0,Low,98.53
2023-07-07,DRUG001,Atorvastatin 20mg,Pharmaceuticals,Europe,1037,1.25,1.09,0,Medium,96.98
2023-07-07,DRUG002,Amoxicillin 500mg,Pharmaceuticals,North America,1440,0.85,1.04,0,Medium,101.61
2023-07-07,DRUG002,Amoxicillin 500mg,Pharmaceuticals,Europe,990,0.85,1.02,0,Low,104.96
2023-07-07,DRUG003,Insulin Glargine 10ml,Pharmaceuticals,North America,912,25.0,1.12,0,High,104.92
2023-07-07,DRUG003,Insulin Glargine 10ml,Pharmaceuticals,Europe,1133,25.0,0.99,0,Low,99.07
2023-07-07,SUPP001,Surgical Masks Box,Medical Supplies,North America,884,10.0,1.08,0,Medium,104.73
2023-07-07,SUPP001,Surgical Masks Box,Medical Supplies,Europe,1304,10.0,0.92,0,High,99.81
2023-07-07,SUPP002,Surgical Gloves Box,Medical Supplies,North America,1034,12.5,1.0,0,High,100.22
2023-07-07,SUPP002,Surgical Gloves Box,Medical Supplies,Europe,761,12.5,1.18,0,Medium,95.05
2023-07-08,DRUG001,Atorvastatin 20mg,Pharmaceuticals,North America,597,1.25,1.17,0,Low,100.17
2023-07-08,DRUG001,Atorvastatin 20mg,Pharmaceuticals,Europe,904,1.25,0.98,0,Medium,95.89
2023-07-08,DRUG002,Amoxicillin 500mg,Pharmaceuticals,North America,951,0.85,1.12,0,Medium,100.66
2023-07-08,DRUG002,Amoxicillin 500mg,Pharmaceuticals,Europe,833,0.85,1.01,1,Low,101.73
2023-07-08,DRUG003,Insulin Glargine 10ml,Pharmaceuticals,North America,1035,25.0,0.96,0,Medium,95.84
2023-07-08,DRUG003,Insulin Glargine 10ml,Pharmaceuticals,Europe,1045,25.0,1.14,0,Medium,96.0
2023-07-08,SUPP001,Surgical Masks Box,Medical Supplies,North America,1288,10.0,1.15,0,Low,98.73
2023-07-08,SUPP001,Surgical Masks Box,Medical Supplies,Europe,1349,10.0,0.94,0,High,98.91
2023-07-08,SUPP002,Surgical Gloves Box,Medical Supplies,North America,1192,12.5,0.93,0,Medium,104.38
2023-07-08,SUPP002,Surgical Gloves Box,Medical Supplies,Europe,918,12.5,0.94,0,Low,99.34
2023-07-09,DRUG001,Atorvastatin 20mg,Pharmaceuticals,North America,1197,1.25,1.08,0,Medium,95.92
2023-07-09,DRUG001,Atorvastatin 20mg,Pharmaceuticals,Europe,881,1.25,1.03,1,High,103.93
2023-07-09,DRUG002,Amoxicillin 500mg,Pharmaceuticals,North America,804,0.85,1.04,0,High,102.49
2023-07-09,DRUG002,Amoxicillin 500mg,Pharmaceuticals,Europe,902,0.85,1.18,0,Low,101.61
2023-07-09,DRUG003,Insulin Glargine 10ml,Pharmaceuticals,North America,699,25.0,1.0,0,Medium,99.4
2023-07-09,DRUG003,Insulin Glargine 10ml,Pharmaceuticals,Europe,743,25.0,1.05,0,Low,97.51
2023-07-09,SUPP001,Surgical Masks Box,Medical Supplies,North America,862,10.0,1.12,0,Medium,97.34
2023-07-09,SUPP001,Surgical Masks Box,Medical Supplies,Europe,694,10.0,1.08,0,Medium,100.5
2023-07-09,SUPP002,Surgical Gloves Box,Medical Supplies,North America,1847,12.5,1.11,0,Medium,96.36
2023-07-09,SUPP002,Surgical Gloves Box,Medical Supplies,Europe,893,12.5,0.92,1,High,95.6
2023-07-10,DRUG001,Atorvastatin 20mg,Pharmaceuticals,North America,603,1.25,1.05,0,High,101.34
2023-07-10,DRUG001,Atorvastatin 20mg,Pharmaceuticals,Europe,928,1.25,1.01,0,Low,104.1
2023-07-10,DRUG002,Amoxicillin 500mg,Pharmaceuticals,North America,1049,0.85,1.0,0,Low,103.16
2023-07-10,DRUG002,Amoxicillin 500mg,Pharmaceuticals,Europe,1317,0.85,1.04,0,Medium,103.19
2023-07-10,DRUG003,Insulin Glargine 10ml,Pharmaceuticals,North America,597,25.0,1.01,0,Low,101.07
2023-07-10,DRUG003,Insulin Glargine 10ml,Pharmaceuticals,Europe,854,25.0,1.04,0,Low,101.44
2023-07-10,SUPP001,Surgical Masks Box,Medical Supplies,North America,1231,10.0,1.17,0,High,98.33
2023-07-10,SUPP001,Surgical Masks Box,Medical Supplies,Europe,1234,10.0,1.05,0,Low,97.4
2023-07-10,SUPP002,Surgical Gloves Box,Medical Supplies,North America,917,12.5,0.95,0,High,95.08
2023-07-10,SUPP002,Surgical Gloves Box,Medical Supplies,Europe,862,12.5,1.12,0,High,103.93
2023-07-11,DRUG001,Atorvastatin 20mg,Pharmaceuticals,North America,1393,1.25,0.9,1,High,103.95
2023-07-11,DRUG001,Atorvastatin 20mg,Pharmaceuticals,Europe,1351,1.25,1.1,0,High,97.92
2023-07-11,DRUG002,Amoxicillin 500mg,Pharmaceuticals,North America,728,0.85,1.18,0,Low,100.58
2023-07-11,DRUG002,Amoxicillin 500mg,Pharmaceuticals,Europe,1042,0.85,1.13,0,Low,95.01
2023-07-11,DRUG003,Insulin Glargine 10ml,Pharmaceuticals,North America,947,25.0,1.17,0,Medium,99.77
2023-07-11,DRUG003,Insulin Glargine 10ml,Pharmaceuticals,Europe,1408,25.0,1.03,0,Medium,98.17
2023-07-11,SUPP001,Surgical Masks Box,Medical Supplies,North America,566,10.0,0.94,0,Medium,102.52
2023-07-11,SUPP001,Surgical Masks Box,Medical Supplies,Europe,1133,10.0,1.05,0,High,103.07
2023-07-11,SUPP002,Surgical Gloves Box,Medical Supplies,North America,575,12.5,1.19,0,Low,99.42
2023-07-11,SUPP002,Surgical Gloves Box,Medical Supplies,Europe,1293,12.5,0.92,1,Medium,100.57
2023-07-12,DRUG001,Atorvastatin 20mg,Pharmaceuticals,North America,987,1.25,0.91,0,Medium,99.17
2023-07-12,DRUG001,Atorvastatin 20mg,Pharmaceuticals,Europe,1647,1.25,1.13,0,Low,96.61
2023-07-12,DRUG002,Amoxicillin 500mg,Pharmaceuticals,North America,1309,0.85,1.15,0,Medium,102.21
2023-07-12,DRUG002,Amoxicillin 500mg,Pharmaceuticals,Europe,885,0.85,0.97,0,High,101.18
2023-07-12,DRUG003,Insulin Glargine 10ml,Pharmaceuticals,North America,703,25.0,0.98,0,Low,96.68
2023-07-12,DRUG003,Insulin Glargine 10ml,Pharmaceuticals,Europe,1216,25.0,0.98,0,Medium,99.92
2023-07-12,SUPP001,Surgical Masks Box,Medical Supplies,North America,1071,10.0,0.93,0,Low,97.49
2023-07-12,SUPP001,Surgical Masks Box,Medical Supplies,Europe,747,10.0,1.17,0,Low,103.21
2023-07-12,SUPP002,Surgical Gloves Box,Medical Supplies,North America,1362,12.5,1.08,0,High,97.32
2023-07-12,SUPP002,Surgical Gloves Box,Medical Supplies,Europe,992,12.5,1.09,0,Low,95.14
2023-07-13,DRUG001,Atorvastatin 20mg,Pharmaceuticals,North America,1098,1.25,1.07,0,Low,99.69
2023-07-13,DRUG001,Atorvastatin 20mg,Pharmaceuticals,Europe,749,1.25,1.18,0,Medium,102.8
2023-07-13,DRUG002,Amoxicillin 500mg,Pharmaceuticals,North America,1030,0.85,1.16,0,High,97.4
2023-07-13,DRUG002,Amoxicillin 500mg,Pharmaceuticals,Europe,1449,0.85,0.98,0,Medium,99.17
2023-07-13,DRUG003,Insulin Glargine 10ml,Pharmaceuticals,North America,780,25.0,1.17,0,Medium,101.16
2023-07-13,DRUG003,Insulin Glargine 10ml,Pharmaceuticals,Europe,777,25.0,1.04,0,High,96.26
2023-07-13,SUPP001,Surgical Masks Box,Medical Supplies,North America,456,10.0,1.05,0,Medium,96.4
2023-07-13,SUPP001,Surgical Masks Box,Medical Supplies,Europe,714,10.0,1.05,0,Low,95.65
2023-07-13,SUPP002,Surgical Gloves Box,Medical Supplies,North America,875,12.5,1.09,0,Medium,99.71
2023-07-13,SUPP002,Surgical Gloves Box,Medical Supplies,Europe,1450,12.5,1.02,0,Medium,99.95
2023-07-14,DRUG001,Atorvastatin 20mg,Pharmaceuticals,North America,939,1.25,1.09,0,Low,103.89
2023-07-14,DRUG001,Atorvastatin 20mg,Pharmaceuticals,Europe,945,1.25,0.97,1,Medium,102.63
2023-07-14,DRUG002,Amoxicillin 500mg,Pharmaceuticals,North America,811,0.85,1.06,0,Low,98.21
2023-07-14,DRUG002,Amoxicillin 500mg,Pharmaceuticals,Europe,787,0.85,0.95,0,Medium,96.67
2023-07-14,DRUG003,Insulin Glargine 10ml,Pharmaceuticals,North America,1023,25.0,1.19,0,Low,100.7
2023-07-14,DRUG003,Insulin Glargine 10ml,Pharmaceuticals,Europe,913,25.0,1.17,0,Medium,98.15
2023-07-14,SUPP001,Surgical Masks Box,Medical Supplies,North America,735,10.0,1.1,0,High,97.6
2023-07-14,SUPP001,Surgical Masks Box,Medical Supplies,Europe,1027,10.0,0.91,0,Medium,102.9
2023-07-14,SUPP002,Surgical Gloves Box,Medical Supplies,North America,814,12.5,1.05,0,High,99.74
2023-07-14,SUPP002,Surgical Gloves Box,Medical Supplies,Europe,761,12.5,1.14,0,Medium,98.33
2023-07-15,DRUG001,Atorvastatin 20mg,Pharmaceuticals,North America,841,1.25,1.06,0,Medium,98.18
2023-07-15,DRUG001,Atorvastatin 20mg,Pharmaceuticals,Europe,1233,1.25,0.98,1,Low,102.87
2023-07-15,DRUG002,Amoxicillin 500mg,Pharmaceuticals,North America,684,0.85,0.91,0,High,95.12
2023-07-15,DRUG002,Amoxicillin 500mg,Pharmaceuticals,Europe,1253,0.85,1.08,0,High,95.84
2023-07-15,DRUG003,Insulin Glargine 10ml,Pharmaceuticals,North America,1346,25.0,1.1,1,High,95.42
2023-07-15,DRUG003,Insulin Glargine 10ml,Pharmaceuticals,Europe,1348,25.0,1.04,0,Low,99.51
2023-07-15,SUPP001,Surgical Masks Box,Medical Supplies,North America,652,10.0,1.19,0,High,99.8
2023-07-15,SUPP001,Surgical Masks Box,Medical Supplies,Europe,405,10.0,1.09,0,Low,99.3
2023-07-15,SUPP002,Surgical Gloves Box,Medical Supplies,North America,472,12.5,1.18,0,Low,96.08
2023-07-15,SUPP002,Surgical Gloves Box,Medical Supplies,Europe,619,12.5,1.03,0,Medium,96.44
2023-07-16,DRUG001,Atorvastatin 20mg,Pharmaceuticals,North America,930,1.25,0.99,0,Medium,104.78
2023-07-16,DRUG001,Atorvastatin 20mg,Pharmaceuticals,Europe,1003,1.25,1.16,0,Low,103.46
2023-07-16,DRUG002,Amoxicillin 500mg,Pharmaceuticals,North America,1263,0.85,1.17,0,High,98.09
2023-07-16,DRUG002,Amoxicillin 500mg,Pharmaceuticals,Europe,716,0.85,1.19,0,High,95.54
2023-07-16,DRUG003,Insulin Glargine 10ml,Pharmaceuticals,North America,1084,25.0,1.04,0,Medium,96.91
2023-07-16,DRUG003,Insulin Glargine 10ml,Pharmaceuticals,Europe,1549,25.0,1.07,0,High,95.29
2023-07-16,SUPP001,Surgical Masks Box,Medical Supplies,North America,810,10.0,1.02,0,Medium,103.72
2023-07-16,SUPP001,Surgical Masks Box,Medical Supplies,Europe,779,10.0,1.11,0,Low,101.94
2023-07-16,SUPP002,Surgical Gloves Box,Medical Supplies,North America,1140,12.5,0.98,0,Low,103.59
2023-07-16,SUPP002,Surgical Gloves Box,Medical Supplies,Europe,836,12.5,0.94,0,Low,102.05
2023-07-17,DRUG001,Atorvastatin 20mg,Pharmaceuticals,North America,957,1.25,1.05,1,Medium,99.88
2023-07-17,DRUG001,Atorvastatin 20mg,Pharmaceuticals,Europe,1263,1.25,1.07,0,Low,103.21
2023-07-17,DRUG002,Amoxicillin 500mg,Pharmaceuticals,North America,774,0.85,1.14,0,Low,101.34
2023-07-17,DRUG002,Amoxicillin 500mg,Pharmaceuticals,Europe,965,0.85,1.16,0,High,103.68
2023-07-17,DRUG003,Insulin Glargine 10ml,Pharmaceuticals,North America,858,25.0,1.08,0,Low,104.04
2023-07-17,DRUG003,Insulin Glargine 10ml,Pharmaceuticals,Europe,1336,25.0,1.05,0,High,99.94
2023-07-17,SUPP001,Surgical Masks Box,Medical Supplies,North America,1016,10.0,1.14,0,Medium,102.08
2023-07-17,SUPP001,Surgical Masks Box,Medical Supplies,Europe,602,10.0,0.98,0,High,96.94
2023-07-17,SUPP002,Surgical Gloves Box,Medical Supplies,North America,1032,12.5,1.09,0,Low,102.46
2023-07-17,SUPP002,Surgical Gloves Box,Medical Supplies,Europe,1299,12.5,1.05,0,Medium,99.92
2023-07-18,DRUG001,Atorvastatin 20mg,Pharmaceuticals,North America,837,1.25,0.95,0,High,96.53
2023-07-18,DRUG001,Atorvastatin 20mg,Pharmaceuticals,Europe,759,1.25,0.98,0,Medium,96.54
2023-07-18,DRUG002,Amoxicillin 500mg,Pharmaceuticals,North America,1186,0.85,0.97,0,High,103.26
2023-07-18,DRUG002,Amoxicillin 500mg,Pharmaceuticals,Europe,1192,0.85,1.11,0,Medium,100.59
2023-07-18,DRUG003,Insulin Glargine 10ml,Pharmaceuticals,North America,933,25.0,1.08,0,Medium,103.4
2023-07-18,DRUG003,Insulin Glargine 10ml,Pharmaceuticals,Europe,600,25.0,1.0,0,Low,103.38
2023-07-18,SUPP001,Surgical Masks Box,Medical Supplies,North America,870,10.0,1.17,0,Low,100.01
2023-07-18,SUPP001,Surgical Masks Box,Medical Supplies,Europe,1655,10.0,1.04,0,Medium,102.6
2023-07-18,SUPP002,Surgical Gloves Box,Medical Supplies,North America,1274,12.5,1.02,0,Medium,104.94
2023-07-18,SUPP002,Surgical Gloves Box,Medical Supplies,Europe,703,12.5,1.12,1,High,104.03
2023-07-19,DRUG001,Atorvastatin 20mg,Pharmaceuticals,North America,947,1.25,0.98,0,Low,100.24
2023-07-19,DRUG001,Atorvastatin 20mg,Pharmaceuticals,Europe,1401,1.25,1.05,0,High,104.11
2023-07-19,DRUG002,Amoxicillin 500mg,Pharmaceuticals,North America,877,0.85,1.03,0,Medium,100.24
2023-07-19,DRUG002,Amoxicillin 500mg,Pharmaceuticals,Europe,683,0.85,1.07,0,High,96.32
2023-07-19,DRUG003,Insulin Glargine 10ml,Pharmaceuticals,North America,844,25.0,0.99,0,Medium,98.55
2023-07-19,DRUG003,Insulin Glargine 10ml,Pharmaceuticals,Europe,1515,25.0,0.98,0,Medium,97.45
2023-07-19,SUPP001,Surgical Masks Box,Medical Supplies,North America,557,10.0,0.97,0,Low,96.38
2023-07-19,SUPP001,Surgical Masks Box,Medical Supplies,Europe,1317,10.0,1.08,0,Medium,100.9
2023-07-19,SUPP002,Surgical Gloves Box,Medical Supplies,North America,740,12.5,1.14,0,Medium,100.13
2023-07-19,SUPP002,Surgical Gloves Box,Medical Supplies,Europe,1340,12.5,1.11,0,Low,100.56
2023-07-20,DRUG001,Atorvastatin 20mg,Pharmaceuticals,North America,809,1.25,1.09,0,Medium,100.44
2023-07-20,DRUG001,Atorvastatin 20mg,Pharmaceuticals,Europe,428,1.25,1.12,0,Medium,101.79
2023-07-20,DRUG002,Amoxicillin 500mg,Pharmaceuticals,North America,943,0.85,1.02,0,Medium,95.71
2023-07-20,DRUG002,Amoxicillin 500mg,Pharmaceuticals,Europe,1309,0.85,1.17,0,Medium,102.59
2023-07-20,DRUG003,Insulin Glargine 10ml,Pharmaceuticals,North America,572,25.0,1.0,0,Medium,99.79
2023-07-20,DRUG003,Insulin Glargine 10ml,Pharmaceuticals,Europe,1573,25.0,0.93,0,Medium,102.67
2023-07-20,SUPP001,Surgical Masks Box,Medical Supplies,North America,943,10.0,1.19,0,Low,96.59
2023-07-20,SUPP001,Surgical Masks Box,Medical Supplies,Europe,1252,10.0,1.03,0,Medium,100.83
2023-07-20,SUPP002,Surgical Gloves Box,Medical Supplies,North America,1019,12.5,0.93,0,Low,104.71
2023-07-20,SUPP002,Surgical Gloves Box,Medical Supplies,Europe,1498,12.5,0.94,1,Low,97.31
2023-07-21,DRUG001,Atorvastatin 20mg,Pharmaceuticals,North America,1016,1.25,1.16,0,High,100.9
2023-07-21,DRUG001,Atorvastatin 20mg,Pharmaceuticals,Europe,962,1.25,1.09,0,Low,98.54
2023-07-21,DRUG002,Amoxicillin 500mg,Pharmaceuticals,North America,1044,0.85,1.02,1,Medium,100.54
2023-07-21,DRUG002,Amoxicillin 500mg,Pharmaceuticals,Europe,948,0.85,1.06,0,Low,103.96
2023-07-21,DRUG003,Insulin Glargine 10ml,Pharmaceuticals,North America,887,25.0,1.13,0,Medium,97.54
2023-07-21,DRUG003,Insulin Glargine 10ml,Pharmaceuticals,Europe,1094,25.0,1.16,0,Medium,101.1
2023-07-21,SUPP001,Surgical Masks Box,Medical Supplies,North America,982,10.0,0.96,0,Medium,104.11
2023-07-21,SUPP001,Surgical Masks Box,Medical Supplies,Europe,732,10.0,1.02,0,Medium,103.71
2023-07-21,SUPP002,Surgical Gloves Box,Medical Supplies,North America,1170,12.5,1.06,0,Low,98.48
2023-07-21,SUPP002,Surgical Gloves Box,Medical Supplies,Europe,1114,12.5,1.02,0,High,103.74
2023-07-22,DRUG001,Atorvastatin 20mg,Pharmaceuticals,North America,944,1.25,1.01,0,Medium,104.03
2023-07-22,DRUG001,Atorvastatin 20mg,Pharmaceuticals,Europe,938,1.25,1.19,0,High,100.25
2023-07-22,DRUG002,Amoxicillin 500mg,Pharmaceuticals,North America,1037,0.85,1.07,0,Low,98.68
2023-07-22,DRUG002,Amoxicillin 500mg,Pharmaceuticals,Europe,562,0.85,1.01,1,Medium,102.55
2023-07-22,DRUG003,Insulin Glargine 10ml,Pharmaceuticals,North America,748,25.0,1.07,0,Medium,104.45
2023-07-22,DRUG003,Insulin Glargine 10ml,Pharmaceuticals,Europe,1268,25.0,0.96,0,High,103.48
2023-07-22,SUPP001,Surgical Masks Box,Medical Supplies,North America,1070,10.0,1.01,1,Medium,100.39
2023-07-22,SUPP001,Surgical Masks Box,Medical Supplies,Europe,1349,10.0,1.03,0,Medium,95.48
2023-07-22,SUPP002,Surgical Gloves Box,Medical Supplies,North America,956,12.5,1.08,0,Low,97.45
2023-07-22,SUPP002,Surgical Gloves Box,Medical Supplies,Europe,1301,12.5,1.11,0,High,97.15
2023-07-23,DRUG001,Atorvastatin 20mg,Pharmaceuticals,North America,835,1.25,0.9,0,High,101.14
2023-07-23,DRUG001,Atorvastatin 20mg,Pharmaceuticals,Europe,846,1.25,0.96,0,Medium,104.54
2023-07-23,DRUG002,Amoxicillin 500mg,Pharmaceuticals,North America,1249,0.85,1.03,0,Medium,95.71
2023-07-23,DRUG002,Amoxicillin 500mg,Pharmaceuticals,Europe,728,0.85,1.14,0,Medium,95.68
2023-07-23,DRUG003,Insulin Glargine 10ml,Pharmaceuticals,North America,1047,25.0,1.19,0,Medium,98.71
2023-07-23,DRUG003,Insulin Glargine 10ml,Pharmaceuticals,Europe,1058,25.0,0.96,0,Low,104.82
2023-07-23,SUPP001,Surgical Masks Box,Medical Supplies,North America,1056,10.0,1.09,0,Medium,96.16
2023-07-23,SUPP001,Surgical Masks Box,Medical Supplies,Europe,744,10.0,1.07,0,High,102.62
2023-07-23,SUPP002,Surgical Gloves Box,Medical Supplies,North America,734,12.5,0.9,0,Medium,97.31
2023-07-23,SUPP002,Surgical Gloves Box,Medical Supplies,Europe,812,12.5,1.05,0,Medium,98.95
2023-07-24,DRUG001,Atorvastatin 20mg,Pharmaceuticals,North America,774,1.25,0.95,0,Low,103.52
2023-07-24,DRUG001,Atorvastatin 20mg,Pharmaceuticals,Europe,351,1.25,1.13,0,Low,97.1
2023-07-24,DRUG002,Amoxicillin 500mg,Pharmaceuticals,North America,977,0.85,0.97,0,Low,102.77
2023-07-24,DRUG002,Amoxicillin 500mg,Pharmaceuticals,Europe,1461,0.85,0.97,0,Medium,100.8
2023-07-24,DRUG003,Insulin Glargine 10ml,Pharmaceuticals,North America,903,25.0,1.03,0,Medium,101.51
2023-07-24,DRUG003,Insulin Glargine 10ml,Pharmaceuticals,Europe,990,25.0,0.95,0,Low,102.51
2023-07-24,SUPP001,Surgical Masks Box,Medical Supplies,North America,1379,10.0,0.91,0,Medium,97.27
2023-07-24,SUPP001,Surgical Masks Box,Medical Supplies,Europe,708,10.0,1.14,0,Medium,98.54
2023-07-24,SUPP002,Surgical Gloves Box,Medical Supplies,North America,1751,12.5,1.04,0,Medium,97.02
2023-07-24,SUPP002,Surgical Gloves Box,Medical Supplies,Europe,864,12.5,0.96,0,Low,102.49
2023-07-25,DRUG001,Atorvastatin 20mg,Pharmaceuticals,North America,819,1.25,1.19,0,High,102.07
2023-07-25,DRUG001,Atorvastatin 20mg,Pharmaceuticals,Europe,1178,1.25,1.12,0,Low,95.09
2023-07-25,DRUG002,Amoxicillin 500mg,Pharmaceuticals,North America,721,0.85,1.14,0,High,96.31
2023-07-25,DRUG002,Amoxicillin 500mg,Pharmaceuticals,Europe,1386,0.85,0.95,0,Medium,98.49
2023-07-25,DRUG003,Insulin Glargine 10ml,Pharmaceuticals,North America,902,25.0,1.01,0,Low,104.42
2023-07-25,DRUG003,Insulin Glargine 10ml,Pharmaceuticals,Europe,1063,25.0,1.2,0,Low,98.72
2023-07-25,SUPP001,Surgical Masks Box,Medical Supplies,North America,1144,10.0,1.09,0,Low,103.33
2023-07-25,SUPP001,Surgical Masks Box,Medical Supplies,Europe,1414,10.0,1.11,0,High,102.0
2023-07-25,SUPP002,Surgical Gloves Box,Medical Supplies,North America,903,12.5,1.05,0,High,96.29
2023-07-25,SUPP002,Surgical Gloves Box,Medical Supplies,Europe,591,12.5,1.11,0,Low,104.25
2023-07-26,DRUG001,Atorvastatin 20mg,Pharmaceuticals,North America,1024,1.25,0.97,0,Low,97.55
2023-07-26,DRUG001,Atorvastatin 20mg,Pharmaceuticals,Europe,1353,1.25,1.05,1,Medium,103.9
2023-07-26,DRUG002,Amoxicillin 500mg,Pharmaceuticals,North America,894,0.85,1.16,0,High,97.92
2023-07-26,DRUG002,Amoxicillin 500mg,Pharmaceuticals,Europe,1644,0.85,0.94,0,Medium,103.89
2023-07-26,DRUG003,Insulin Glargine 10ml,Pharmaceuticals,North America,293,25.0,1.09,0,Low,100.57
2023-07-26,DRUG003,Insulin Glargine 10ml,Pharmaceuticals,Europe,1005,25.0,1.11,0,High,101.06
2023-07-26,SUPP001,Surgical Masks Box,Medical Supplies,North America,956,10.0,0.93,0,Low,104.7
2023-07-26,SUPP001,Surgical Masks Box,Medical Supplies,Europe,1121,10.0,0.91,0,Medium,98.69
2023-07-26,SUPP002,Surgical Gloves Box,Medical Supplies,North America,1052,12.5,1.08,0,High,98.04
2023-07-26,SUPP002,Surgical Gloves Box,Medical Supplies,Europe,814,12.5,1.03,0,Low,104.32
2023-07-27,DRUG001,Atorvastatin 20mg,Pharmaceuticals,North America,790,1.25,1.02,0,Medium,101.95
2023-07-27,DRUG001,Atorvastatin 20mg,Pharmaceuticals,Europe,937,1.25,0.92,0,High,95.8
2023-07-27,DRUG002,Amoxicillin 500mg,Pharmaceuticals,North America,869,0.85,1.08,0,Low,97.16
2023-07-27,DRUG002,Amoxicillin 500mg,Pharmaceuticals,Europe,1314,0.85,0.94,0,Medium,100.89
2023-07-27,DRUG003,Insulin Glargine 10ml,Pharmaceuticals,North America,1183,25.0,1.08,0,Medium,99.15
2023-07-27,DRUG003,Insulin Glargine 10ml,Pharmaceuticals,Europe,1341,25.0,1.15,0,Low,101.51
2023-07-27,SUPP001,Surgical Masks Box,Medical Supplies,North America,1065,10.0,1.16,0,Low,99.95
2023-07-27,SUPP001,Surgical Masks Box,Medical Supplies,Europe,949,10.0,1.08,0,Medium,100.95
2023-07-27,SUPP002,Surgical Gloves Box,Medical Supplies,North America,762,12.5,1.15,0,Medium,103.73
2023-07-27,SUPP002,Surgical Gloves Box,Medical Supplies,Europe,1207,12.5,1.16,0,Low,102.75
2023-07-28,DRUG001,Atorvastatin 20mg,Pharmaceuticals,North America,601,1.25,1.17,0,Low,95.2
2023-07-28,DRUG001,Atorvastatin 20mg,Pharmaceuticals,Europe,913,1.25,1.09,0,Low,98.2
2023-07-28,DRUG002,Amoxicillin 500mg,Pharmaceuticals,North America,1382,0.85,0.92,1,Low,105.0
2023-07-28,DRUG002,Amoxicillin 500mg,Pharmaceuticals,Europe,659,0.85,0.95,0,Low,95.81
2023-07-28,DRUG003,Insulin Glargine 10ml,Pharmaceuticals,North America,1485,25.0,1.07,0,Low,100.24
2023-07-28,DRUG003,Insulin Glargine 10ml,Pharmaceuticals,Europe,768,25.0,1.05,0,High,96.66
2023-07-28,SUPP001,Surgical Masks Box,Medical Supplies,North America,1074,10.0,1.1,0,Low,104.47
2023-07-28,SUPP001,Surgical Masks Box,Medical Supplies,Europe,662,10.0,0.97,0,Medium,99.48
2023-07-28,SUPP002,Surgical Gloves Box,Medical Supplies,North America,1020,12.5,1.04,0,Medium,100.92
2023-07-28,SUPP002,Surgical Gloves Box,Medical Supplies,Europe,1037,12.5,1.16,0,Low,97.14
2023-07-29,DRUG001,Atorvastatin 20mg,Pharmaceuticals,North America,1115,1.25,1.1,0,High,99.8
2023-07-29,DRUG001,Atorvastatin 20mg,Pharmaceuticals,Europe,1239,1.25,1.16,0,High,101.99
2023-07-29,DRUG002,Amoxicillin 500mg,Pharmaceuticals,North America,1127,0.85,1.06,0,Medium,98.15
2023-07-29,DRUG002,Amoxicillin 500mg,Pharmaceuticals,Europe,518,0.85,0.92,1,Medium,103.77
2023-07-29,DRUG003,Insulin Glargine 10ml,Pharmaceuticals,North America,663,25.0,1.05,0,High,97.54
2023-07-29,DRUG003,Insulin Glargine 10ml,Pharmaceuticals,Europe,1414,25.0,1.16,1,Medium,104.31
2023-07-29,SUPP001,Surgical Masks Box,Medical Supplies,North America,1159,10.0,1.11,0,High,99.84
2023-07-29,SUPP001,Surgical Masks Box,Medical Supplies,Europe,964,10.0,1.04,0,Low,99.69
2023-07-29,SUPP002,Surgical Gloves Box,Medical Supplies,North America,1477,12.5,1.14,1,Medium,97.55
2023-07-29,SUPP002,Surgical Gloves Box,Medical Supplies,Europe,823,12.5,1.18,0,Medium,101.96
2023-07-30,DRUG001,Atorvastatin 20mg,Pharmaceuticals,North America,1061,1.25,1.01,0,Low,98.86
2023-07-30,DRUG001,Atorvastatin 20mg,Pharmaceuticals,Europe,1122,1.25,1.02,0,Low,96.33
2023-07-30,DRUG002,Amoxicillin 500mg,Pharmaceuticals,North America,1332,0.85,1.2,0,Medium,104.37
2023-07-30,DRUG002,Amoxicillin 500mg,Pharmaceuticals,Europe,1169,0.85,0.95,0,Medium,95.89
2023-07-30,DRUG003,Insulin Glargine 10ml,Pharmaceuticals,North America,1083,25.0,0.91,0,Low,98.35
2023-07-30,DRUG003,Insulin Glargine 10ml,Pharmaceuticals,Europe,1096,25.0,1.05,0,Low,104.12
2023-07-30,SUPP001,Surgical Masks Box,Medical Supplies,North America,864,10.0,0.99,0,Medium,97.74
2023-07-30,SUPP001,Surgical Masks Box,Medical Supplies,Europe,960,10.0,0.94,0,High,98.3
2023-07-30,SUPP002,Surgical Gloves Box,Medical Supplies,North America,1443,12.5,1.12,0,High,100.6
2023-07-30,SUPP002,Surgical Gloves Box,Medical Supplies,Europe,555,12.5,1.04,0,High,102.95
2023-07-31,DRUG001,Atorvastatin 20mg,Pharmaceuticals,North America,970,1.25,1.04,0,Medium,103.26
2023-07-31,DRUG001,Atorvastatin 20mg,Pharmaceuticals,Europe,918,1.25,1.12,1,Low,103.75
2023-07-31,DRUG002,Amoxicillin 500mg,Pharmaceuticals,North America,803,0.85,1.12,0,Medium,100.32
2023-07-31,DRUG002,Amoxicillin 500mg,Pharmaceuticals,Europe,1380,0.85,0.99,0,Medium,97.09
2023-07-31,DRUG003,Insulin Glargine 10ml,Pharmaceuticals,North America,980,25.0,1.07,0,High,100.29
2023-07-31,DRUG003,Insulin Glargine 10ml,Pharmaceuticals,Europe,863,25.0,1.13,0,Medium,97.05
2023-07-31,SUPP001,Surgical Masks Box,Medical Supplies,North America,1430,10.0,0.91,0,High,98.99
2023-07-31,SUPP001,Surgical Masks Box,Medical Supplies,Europe,586,10.0,1.03,0,Medium,97.88
2023-07-31,SUPP002,Surgical Gloves Box,Medical Supplies,North America,1355,12.5,1.07,0,Low,104.0
2023-07-31,SUPP002,Surgical Gloves Box,Medical Supplies,Europe,650,12.5,1.11,1,Medium,104.42
2023-08-01,DRUG001,Atorvastatin 20mg,Pharmaceuticals,North America,1203,1.25,0.91,0,Medium,98.47
2023-08-01,DRUG001,Atorvastatin 20mg,Pharmaceuticals,Europe,786,1.25,1.16,0,Low,101.1
2023-08-01,DRUG002,Amoxicillin 500mg,Pharmaceuticals,North America,652,0.85,1.15,0,High,96.8
2023-08-01,DRUG002,Amoxicillin 500mg,Pharmaceuticals,Europe,455,0.85,1.1,0,Low,98.25
2023-08-01,DRUG003,Insulin Glargine 10ml,Pharmaceuticals,North America,1148,25.0,1.0,0,Low,97.09
2023-08-01,DRUG003,Insulin Glargine 10ml,Pharmaceuticals,Europe,1190,25.0,1.05,0,High,102.18
2023-08-01,SUPP001,Surgical Masks Box,Medical Supplies,North America,1043,10.0,1.18,0,Medium,104.77
2023-08-01,SUPP001,Surgical Masks Box,Medical Supplies,Europe,1099,10.0,1.09,0,Medium,104.05
2023-08-01,SUPP002,Surgical Gloves Box,Medical Supplies,North America,1114,12.5,1.1,1,Low,101.67
2023-08-01,SUPP002,Surgical Gloves Box,Medical Supplies,Europe,1402,12.5,0.99,0,Medium,96.53
2023-08-02,DRUG001,Atorvastatin 20mg,Pharmaceuticals,North America,1154,1.25,0.94,0,High,98.27
2023-08-02,DRUG001,Atorvastatin 20mg,Pharmaceuticals,Europe,626,1.25,1.05,1,Low,98.9
2023-08-02,DRUG002,Amoxicillin 500mg,Pharmaceuticals,North America,1426,0.85,1.17,1,Medium,97.28
2023-08-02,DRUG002,Amoxicillin 500mg,Pharmaceuticals,Europe,1177,0.85,0.91,0,Low,102.1
2023-08-02,DRUG003,Insulin Glargine 10ml,Pharmaceuticals,North America,896,25.0,1.15,0,Medium,101.68
2023-08-02,DRUG003,Insulin Glargine 10ml,Pharmaceuticals,Europe,1036,25.0,1.03,0,Low,99.01
2023-08-02,SUPP001,Surgical Masks Box,Medical Supplies,North America,1062,10.0,1.02,0,Medium,104.43
2023-08-02,SUPP001,Surgical Masks Box,Medical Supplies,Europe,1039,10.0,0.98,0,Medium,101.1
2023-08-02,SUPP002,Surgical Gloves Box,Medical Supplies,North America,1083,12.5,0.96,0,Medium,103.76
2023-08-02,SUPP002,Surgical Gloves Box,Medical Supplies,Europe,745,12.5,1.04,0,Low,103.74
2023-08-03,DRUG001,Atorvastatin 20mg,Pharmaceuticals,North America,917,1.25,0.96,0,Medium,98.51
2023-08-03,DRUG001,Atorvastatin 20mg,Pharmaceuticals,Europe,632,1.25,1.01,0,Medium,102.18
2023-08-03,DRUG002,Amoxicillin 500mg,Pharmaceuticals,North America,1101,0.85,0.91,0,High,97.75
2023-08-03,DRUG002,Amoxicillin 500mg,Pharmaceuticals,Europe,961,0.85,0.98,0,Medium,99.38
2023-08-03,DRUG003,Insulin Glargine 10ml,Pharmaceuticals,North America,1159,25.0,1.1,0,High,97.64
2023-08-03,DRUG003,Insulin Glargine 10ml,Pharmaceuticals,Europe,1091,25.0,0.94,0,Medium,96.14
2023-08-03,SUPP001,Surgical Masks Box,Medical Supplies,North America,872,10.0,0.98,0,High,102.61
2023-08-03,SUPP001,Surgical Masks Box,Medical Supplies,Europe,770,10.0,0.98,0,High,95.08
2023-08-03,SUPP002,Surgical Gloves Box,Medical Supplies,North America,933,12.5,1.18,0,Medium,102.07
2023-08-03,SUPP002,Surgical Gloves Box,Medical Supplies,Europe,1084,12.5,1.08,0,Medium,102.31
2023-08-04,DRUG001,Atorvastatin 20mg,Pharmaceuticals,North America,673,1.25,1.1,0,Medium,96.98
2023-08-04,DRUG001,Atorvastatin 20mg,Pharmaceuticals,Europe,962,1.25,1.06,0,Low,95.51
2023-08-04,DRUG002,Amoxicillin 500mg,Pharmaceuticals,North America,890,0.85,0.93,0,Medium,104.52
2023-08-04,DRUG002,Amoxicillin 500mg,Pharmaceuticals,Europe,1053,0.85,1.18,0,Medium,99.55
2023-08-04,DRUG003,Insulin Glargine 10ml,Pharmaceuticals,North America,1142,25.0,1.08,0,Low,95.47
2023-08-04,DRUG003,Insulin Glargine 10ml,Pharmaceuticals,Europe,954,25.0,1.18,0,Medium,96.15
2023-08-04,SUPP001,Surgical Masks Box,Medical Supplies,North America,940,10.0,1.17,0,Low,100.66
2023-08-04,SUPP001,Surgical Masks Box,Medical Supplies,Europe,1055,10.0,0.99,0,High,99.04
2023-08-04,SUPP002,Surgical Gloves Box,Medical Supplies,North America,651,12.5,1.01,0,Low,104.52
2023-08-04,SUPP002,Surgical Gloves Box,Medical Supplies,Europe,892,12.5,1.18,0,Low,103.63
2023-08-05,DRUG001,Atorvastatin 20mg,Pharmaceuticals,North America,1200,1.25,1.14,0,Low,104.22
2023-08-05,DRUG001,Atorvastatin 20mg,Pharmaceuticals,Europe,536,1.25,1.13,0,Medium,99.29
2023-08-05,DRUG002,Amoxicillin 500mg,Pharmaceuticals,North America,802,0.85,0.97,0,Medium,104.81
2023-08-05,DRUG002,Amoxicillin 500mg,Pharmaceuticals,Europe,1398,0.85,1.0,1,High,97.42
2023-08-05,DRUG003,Insulin Glargine 10ml,Pharmaceuticals,North America,907,25.0,1.18,0,Medium,99.67
2023-08-05,DRUG003,Insulin Glargine 10ml,Pharmaceuticals,Europe,1410,25.0,0.97,0,Medium,102.55
2023-08-05,SUPP001,Surgical Masks Box,Medical Supplies,North America,1480,10.0,0.98,0,Low,103.18
2023-08-05,SUPP001,Surgical Masks Box,Medical Supplies,Europe,1267,10.0,1.2,0,Low,96.7
2023-08-05,SUPP002,Surgical Gloves Box,Medical Supplies,North America,1350,12.5,1.14,0,Medium,101.88
2023-08-05,SUPP002,Surgical Gloves Box,Medical Supplies,Europe,1476,12.5,1.0,0,Low,99.53
2023-08-06,DRUG001,Atorvastatin 20mg,Pharmaceuticals,North America,939,1.25,1.15,0,Low,100.81
2023-08-06,DRUG001,Atorvastatin 20mg,Pharmaceuticals,Europe,1294,1.25,1.05,0,Low,99.17
2023-08-06,DRUG002,Amoxicillin 500mg,Pharmaceuticals,North America,489,0.85,1.18,0,Medium,100.3
2023-08-06,DRUG002,Amoxicillin 500mg,Pharmaceuticals,Europe,779,0.85,1.11,0,High,100.3
2023-08-06,DRUG003,Insulin Glargine 10ml,Pharmaceuticals,North America,869,25.0,0.93,0,Low,99.75
2023-08-06,DRUG003,Insulin Glargine 10ml,Pharmaceuticals,Europe,1321,25.0,0.96,0,High,99.64
2023-08-06,SUPP001,Surgical Masks Box,Medical Supplies,North America,1009,10.0,1.05,1,High,102.86
2023-08-06,SUPP001,Surgical Masks Box,Medical Supplies,Europe,1404,10.0,0.99,0,Low,99.44
2023-08-06,SUPP002,Surgical Gloves Box,Medical Supplies,North America,1383,12.5,1.17,0,Low,103.62
2023-08-06,SUPP002,Surgical Gloves Box,Medical Supplies,Europe,981,12.5,0.95,0,Low,99.0
2023-08-07,DRUG001,Atorvastatin 20mg,Pharmaceuticals,North America,476,1.25,1.17,0,Low,95.81
2023-08-07,DRUG001,Atorvastatin 20mg,Pharmaceuticals,Europe,792,1.25,1.09,0,Medium,95.32
2023-08-07,DRUG002,Amoxicillin 500mg,Pharmaceuticals,North America,1120,0.85,0.96,0,Low,97.15
2023-08-07,DRUG002,Amoxicillin 500mg,Pharmaceuticals,Europe,763,0.85,1.2,0,Medium,96.83
2023-08-07,DRUG003,Insulin Glargine 10ml,Pharmaceuticals,North America,1447,25.0,0.99,0,Medium,98.89
2023-08-07,DRUG003,Insulin Glargine 10ml,Pharmaceuticals,Europe,1217,25.0,1.07,0,Low,99.03
2023-08-07,SUPP001,Surgical Masks Box,Medical Supplies,North America,680,10.0,1.13,0,High,97.94
2023-08-07,SUPP001,Surgical Masks Box,Medical Supplies,Europe,494,10.0,1.02,0,Medium,100.47
2023-08-07,SUPP002,Surgical Gloves Box,Medical Supplies,North America,960,12.5,0.98,1,Low,103.84
2023-08-07,SUPP002,Surgical Gloves Box,Medical Supplies,Europe,826,12.5,1.1,0,Medium,103.41
2023-08-08,DRUG001,Atorvastatin 20mg,Pharmaceuticals,North America,621,1.25,0.91,0,High,98.82
2023-08-08,DRUG001,Atorvastatin 20mg,Pharmaceuticals,Europe,631,1.25,1.12,0,Low,96.41
2023-08-08,DRUG002,Amoxicillin 500mg,Pharmaceuticals,North America,1227,0.85,1.11,0,Low,95.69
2023-08-08,DRUG002,Amoxicillin 500mg,Pharmaceuticals,Europe,1134,0.85,1.07,0,Low,103.38
2023-08-08,DRUG003,Insulin Glargine 10ml,Pharmaceuticals,North America,1554,25.0,1.19,0,High,96.26
2023-08-08,DRUG003,Insulin Glargine 10ml,Pharmaceuticals,Europe,1162,25.0,1.02,0,High,100.06
2023-08-08,SUPP001,Surgical Masks Box,Medical Supplies,North America,1483,10.0,1.15,0,High,99.81
2023-08-08,SUPP001,Surgical Masks Box,Medical Supplies,Europe,1218,10.0,1.04,0,Medium,104.45
2023-08-08,SUPP002,Surgical Gloves Box,Medical Supplies,North America,1181,12.5,0.95,0,High,101.79
2023-08-08,SUPP002,Surgical Gloves Box,Medical Supplies,Europe,1019,12.5,1.08,0,High,103.22
2023-08-09,DRUG001,Atorvastatin 20mg,Pharmaceuticals,North America,543,1.25,1.16,0,High,97.63
2023-08-09,DRUG001,Atorvastatin 20mg,Pharmaceuticals,Europe,840,1.25,0.9,0,Low,102.54
2023-08-09,DRUG002,Amoxicillin 500mg,Pharmaceuticals,North America,871,0.85,0.93,0,Medium,96.52
2023-08-09,DRUG002,Amoxicillin 500mg,Pharmaceuticals,Europe,488,0.85,1.09,1,Medium,103.11
2023-08-09,DRUG003,Insulin Glargine 10ml,Pharmaceuticals,North America,911,25.0,1.17,0,Medium,101.64
2023-08-09,DRUG003,Insulin Glargine 10ml,Pharmaceuticals,Europe,861,25.0,1.02,0,Medium,101.79
2023-08-09,SUPP001,Surgical Masks Box,Medical Supplies,North America,1281,10.0,1.0,0,High,102.97
2023-08-09,SUPP001,Surgical Masks Box,Medical Supplies,Europe,980,10.0,1.05,0,Low,101.56
2023-08-09,SUPP002,Surgical Gloves Box,Medical Supplies,North America,1331,12.5,1.18,0,Low,102.89
2023-08-09,SUPP002,Surgical Gloves Box,Medical Supplies,Europe,886,12.5,1.01,0,Low,98.86
2023-08-10,DRUG001,Atorvastatin 20mg,Pharmaceuticals,North America,935,1.25,0.96,1,Low,102.86
2023-08-10,DRUG001,Atorvastatin 20mg,Pharmaceuticals,Europe,1100,1.25,1.0,0,High,96.4
2023-08-10,DRUG002,Amoxicillin 500mg,Pharmaceuticals,North America,487,0.85,0.92,0,Low,95.71
2023-08-10,DRUG002,Amoxicillin 500mg,Pharmaceuticals,Europe,1117,0.85,1.13,0,Low,99.18
2023-08-10,DRUG003,Insulin Glargine 10ml,Pharmaceuticals,North America,1185,25.0,1.0,0,Medium,101.24
2023-08-10,DRUG003,Insulin Glargine 10ml,Pharmaceuticals,Europe,1103,25.0,1.04,0,High,103.21
2023-08-10,SUPP001,Surgical Masks Box,Medical Supplies,North America,1499,10.0,0.98,0,Low,99.03
2023-08-10,SUPP001,Surgical Masks Box,Medical Supplies,Europe,857,10.0,0.9,0,Low,100.8
2023-08-10,SUPP002,Surgical Gloves Box,Medical Supplies,North America,1074,12.5,1.19,1,Low,97.99
2023-08-10,SUPP002,Surgical Gloves Box,Medical Supplies,Europe,1265,12.5,1.16,1,Medium,102.95
2023-08-11,DRUG001,Atorvastatin 20mg,Pharmaceuticals,North America,814,1.25,1.07,0,Medium,95.21
2023-08-11,DRUG001,Atorvastatin 20mg,Pharmaceuticals,Europe,1360,1.25,1.0,0,Low,104.05
2023-08-11,DRUG002,Amoxicillin 500mg,Pharmaceuticals,North America,1281,0.85,1.06,0,Low,97.37
2023-08-11,DRUG002,Amoxicillin 500mg,Pharmaceuticals,Europe,541,0.85,1.05,0,High,99.64
2023-08-11,DRUG003,Insulin Glargine 10ml,Pharmaceuticals,North America,1020,25.0,1.0,0,Low,100.71
2023-08-11,DRUG003,Insulin Glargine 10ml,Pharmaceuticals,Europe,960,25.0,1.13,1,Low,98.35
2023-08-11,SUPP001,Surgical Masks Box,Medical Supplies,North America,1234,10.0,1.17,0,Low,99.96
2023-08-11,SUPP001,Surgical Masks Box,Medical Supplies,Europe,980,10.0,0.93,0,Low,101.36
2023-08-11,SUPP002,Surgical Gloves Box,Medical Supplies,North America,1398,12.5,1.16,0,Medium,99.09
2023-08-11,SUPP002,Surgical Gloves Box,Medical Supplies,Europe,497,12.5,0.96,0,Low,101.95
2023-08-12,DRUG001,Atorvastatin 20mg,Pharmaceuticals,North America,749,1.25,0.94,0,Medium,100.72
2023-08-12,DRUG001,Atorvastatin 20mg,Pharmaceuticals,Europe,671,1.25,1.07,0,Low,102.45
2023-08-12,DRUG002,Amoxicillin 500mg,Pharmaceuticals,North America,720,0.85,0.99,0,Medium,102.09
2023-08-12,DRUG002,Amoxicillin 500mg,Pharmaceuticals,Europe,1202,0.85,1.09,0,Medium,97.93
2023-08-12,DRUG003,Insulin Glargine 10ml,Pharmaceuticals,North America,804,25.0,0.99,1,High,96.65
2023-08-12,DRUG003,Insulin Glargine 10ml,Pharmaceuticals,Europe,439,25.0,0.9,0,Low,96.14
2023-08-12,SUPP001,Surgical Masks Box,Medical Supplies,North America,1343,10.0,1.12,0,Low,100.08
2023-08-12,SUPP001,Surgical Masks Box,Medical Supplies,Europe,1031,10.0,1.14,0,High,100.09
2023-08-12,SUPP002,Surgical Gloves Box,Medical Supplies,North America,798,12.5,1.07,0,Medium,101.34
2023-08-12,SUPP002,Surgical Gloves Box,Medical Supplies,Europe,1100,12.5,0.98,0,Low,95.22
2023-08-13,DRUG001,Atorvastatin 20mg,Pharmaceuticals,North America,772,1.25,1.2,0,Low,100.46
2023-08-13,DRUG001,Atorvastatin 20mg,Pharmaceuticals,Europe,786,1.25,1.16,0,Low,100.62
2023-08-13,DRUG002,Amoxicillin 500mg,Pharmaceuticals,North America,1298,0.85,1.1,0,High,100.79
2023-08-13,DRUG002,Amoxicillin 500mg,Pharmaceuticals,Europe,1281,0.85,1.03,0,High,95.06
2023-08-13,DRUG003,Insulin Glargine 10ml,Pharmaceuticals,North America,1323,25.0,0.97,0,Low,98.95
2023-08-13,DRUG003,Insulin Glargine 10ml,Pharmaceuticals,Europe,974,25.0,0.95,0,Low,104.93
2023-08-13,SUPP001,Surgical Masks Box,Medical Supplies,North America,865,10.0,0.97,0,Medium,97.22
2023-08-13,SUPP001,Surgical Masks Box,Medical Supplies,Europe,878,10.0,1.13,0,High,101.57
2023-08-13,SUPP002,Surgical Gloves Box,Medical Supplies,North America,1423,12.5,1.15,0,Low,104.36
2023-08-13,SUPP002,Surgical Gloves Box,Medical Supplies,Europe,907,12.5,0.95,0,Medium,103.01
2023-08-14,DRUG001,Atorvastatin 20mg,Pharmaceuticals,North America,1009,1.25,1.06,0,Medium,102.78
2023-08-14,DRUG001,Atorvastatin 20mg,Pharmaceuticals,Europe,1006,1.25,0.93,0,Low,100.94
2023-08-14,DRUG002,Amoxicillin 500mg,Pharmaceuticals,North America,1099,0.85,1.19,0,High,103.14
2023-08-14,DRUG002,Amoxicillin 500mg,Pharmaceuticals,Europe,1224,0.85,0.99,1,Low,103.89
2023-08-14,DRUG003,Insulin Glargine 10ml,Pharmaceuticals,North America,1097,25.0,1.07,0,Medium,98.57
2023-08-14,DRUG003,Insulin Glargine 10ml,Pharmaceuticals,Europe,1143,25.0,1.14,0,High,95.15
2023-08-14,SUPP001,Surgical Masks Box,Medical Supplies,North America,881,10.0,0.92,0,Medium,101.3
2023-08-14,SUPP001,Surgical Masks Box,Medical Supplies,Europe,1092,10.0,1.2,0,Low,101.24
2023-08-14,SUPP002,Surgical Gloves Box,Medical Supplies,North America,903,12.5,1.09,0,Medium,97.17
2023-08-14,SUPP002,Surgical Gloves Box,Medical Supplies,Europe,1400,12.5,0.95,0,Medium,96.11
2023-08-15,DRUG001,Atorvastatin 20mg,Pharmaceuticals,North America,757,1.25,1.07,0,Medium,95.56
2023-08-15,DRUG001,Atorvastatin 20mg,Pharmaceuticals,Europe,692,1.25,0.94,0,Low,97.96
2023-08-15,DRUG002,Amoxicillin 500mg,Pharmaceuticals,North America,783,0.85,0.92,1,Medium,99.17
2023-08-15,DRUG002,Amoxicillin 500mg,Pharmaceuticals,Europe,1109,0.85,1.11,0,Medium,99.78
2023-08-15,DRUG003,Insulin Glargine 10ml,Pharmaceuticals,North America,934,25.0,1.18,0,Low,104.2
2023-08-15,DRUG003,Insulin Glargine 10ml,Pharmaceuticals,Europe,990,25.0,1.17,1,High,104.98
2023-08-15,SUPP001,Surgical Masks Box,Medical Supplies,North America,1191,10.0,1.15,0,Low,104.79
2023-08-15,SUPP001,Surgical Masks Box,Medical Supplies,Europe,857,10.0,0.99,0,Low,95.21
2023-08-15,SUPP002,Surgical Gloves Box,Medical Supplies,North America,523,12.5,1.11,0,Low,96.63
2023-08-15,SUPP002,Surgical Gloves Box,Medical Supplies,Europe,937,12.5,1.02,0,Medium,99.16
2023-08-16,DRUG001,Atorvastatin 20mg,Pharmaceuticals,North America,989,1.25,0.93,0,Low,103.6
2023-08-16,DRUG001,Atorvastatin 20mg,Pharmaceuticals,Europe,727,1.25,1.18,0,Low,97.72
2023-08-16,DRUG002,Amoxicillin 500mg,Pharmaceuticals,North America,1520,0.85,1.2,0,Low,101.94
2023-08-16,DRUG002,Amoxicillin 500mg,Pharmaceuticals,Europe,1115,0.85,1.15,0,Medium,104.54
2023-08-16,DRUG003,Insulin Glargine 10ml,Pharmaceuticals,North America,1260,25.0,1.19,0,Low,96.96
2023-08-16,DRUG003,Insulin Glargine 10ml,Pharmaceuticals,Europe,1006,25.0,1.06,0,High,96.0
2023-08-16,SUPP001,Surgical Masks Box,Medical Supplies,North America,1258,10.0,0.93,0,Low,101.23
2023-08-16,SUPP001,Surgical Masks Box,Medical Supplies,Europe,750,10.0,0.95,0,Medium,104.17
2023-08-16,SUPP002,Surgical Gloves Box,Medical Supplies,North America,472,12.5,0.94,0,Medium,96.07
2023-08-16,SUPP002,Surgical Gloves Box,Medical Supplies,Europe,924,12.5,1.02,0,Low,96.75
2023-08-17,DRUG001,Atorvastatin 20mg,Pharmaceuticals,North America,885,1.25,1.18,0,Medium,95.8
2023-08-17,DRUG001,Atorvastatin 20mg,Pharmaceuticals,Europe,1222,1.25,0.97,0,Medium,104.28
2023-08-17,DRUG002,Amoxicillin 500mg,Pharmaceuticals,North America,1313,0.85,1.03,1,High,98.29
2023-08-17,DRUG002,Amoxicillin 500mg,Pharmaceuticals,Europe,939,0.85,1.17,0,Low,101.24
2023-08-17,DRUG003,Insulin Glargine 10ml,Pharmaceuticals,North America,1430,25.0,1.16,1,Medium,95.6
2023-08-17,DRUG003,Insulin Glargine 10ml,Pharmaceuticals,Europe,442,25.0,1.12,0,Medium,98.09
2023-08-17,SUPP001,Surgical Masks Box,Medical Supplies,North America,361,10.0,1.13,0,High,100.44
2023-08-17,SUPP001,Surgical Masks Box,Medical Supplies,Europe,1009,10.0,0.97,0,Medium,97.07
2023-08-17,SUPP002,Surgical Gloves Box,Medical Supplies,North America,552,12.5,1.15,0,Medium,95.96
2023-08-17,SUPP002,Surgical Gloves Box,Medical Supplies,Europe,1388,12.5,1.02,1,High,96.6
2023-08-18,DRUG001,Atorvastatin 20mg,Pharmaceuticals,North America,722,1.25,1.1,0,Medium,100.1
2023-08-18,DRUG001,Atorvastatin 20mg,Pharmaceuticals,Europe,637,1.25,1.14,0,Low,100.64
2023-08-18,DRUG002,Amoxicillin 500mg,Pharmaceuticals,North America,1554,0.85,1.18,0,Low,104.77
2023-08-18,DRUG002,Amoxicillin 500mg,Pharmaceuticals,Europe,1297,0.85,1.16,0,Medium,99.15
2023-08-18,DRUG003,Insulin Glargine 10ml,Pharmaceuticals,North America,1293,25.0,0.96,0,Low,102.64
2023-08-18,DRUG003,Insulin Glargine 10ml,Pharmaceuticals,Europe,925,25.0,1.07,0,Low,97.11
2023-08-18,SUPP001,Surgical Masks Box,Medical Supplies,North America,939,10.0,1.09,0,Medium,100.49
2023-08-18,SUPP001,Surgical Masks Box,Medical Supplies,Europe,878,10.0,0.98,0,Low,103.49
2023-08-18,SUPP002,Surgical Gloves Box,Medical Supplies,North America,643,12.5,0.95,0,Medium,101.59
2023-08-18,SUPP002,Surgical Gloves Box,Medical Supplies,Europe,1132,12.5,1.02,0,High,102.97
2023-08-19,DRUG001,Atorvastatin 20mg,Pharmaceuticals,North America,1246,1.25,1.13,0,Medium,96.86
2023-08-19,DRUG001,Atorvastatin 20mg,Pharmaceuticals,Europe,859,1.25,0.93,0,Low,103.2
2023-08-19,DRUG002,Amoxicillin 500mg,Pharmaceuticals,North America,1422,0.85,1.14,0,Low,99.54
2023-08-19,DRUG002,Amoxicillin 500mg,Pharmaceuticals,Europe,962,0.85,1.08,1,Low,104.23
2023-08-19,DRUG003,Insulin Glargine 10ml,Pharmaceuticals,North America,870,25.0,1.08,0,Low,96.14
2023-08-19,DRUG003,Insulin Glargine 10ml,Pharmaceuticals,Europe,1602,25.0,0.93,0,Medium,101.08
2023-08-19,SUPP001,Surgical Masks Box,Medical Supplies,North America,1141,10.0,1.1,0,Medium,101.48
2023-08-19,SUPP001,Surgical Masks Box,Medical Supplies,Europe,1031,10.0,0.91,0,Low,97.52
2023-08-19,SUPP002,Surgical Gloves Box,Medical Supplies,North America,853,12.5,0.94,0,Medium,97.94
2023-08-19,SUPP002,Surgical Gloves Box,Medical Supplies,Europe,176,12.5,0.9,0,Low,96.54
2023-08-20,DRUG001,Atorvastatin 20mg,Pharmaceuticals,North America,1439,1.25,1.06,0,Low,101.14
2023-08-20,DRUG001,Atorvastatin 20mg,Pharmaceuticals,Europe,577,1.25,1.16,0,Medium,98.62
2023-08-20,DRUG002,Amoxicillin 500mg,Pharmaceuticals,North America,1262,0.85,0.91,1,Medium,101.81
2023-08-20,DRUG002,Amoxicillin 500mg,Pharmaceuticals,Europe,906,0.85,0.91,0,Medium,96.06
2023-08-20,DRUG003,Insulin Glargine 10ml,Pharmaceuticals,North America,1170,25.0,1.06,0,Low,102.14
2023-08-20,DRUG003,Insulin Glargine 10ml,Pharmaceuticals,Europe,902,25.0,1.11,0,Medium,99.34
2023-08-20,SUPP001,Surgical Masks Box,Medical Supplies,North America,572,10.0,1.18,0,Low,99.5
2023-08-20,SUPP001,Surgical Masks Box,Medical Supplies,Europe,1149,10.0,1.14,0,Low,101.8
2023-08-20,SUPP002,Surgical Gloves Box,Medical Supplies,North America,1308,12.5,0.94,0,Low,95.13
2023-08-20,SUPP002,Surgical Gloves Box,Medical Supplies,Europe,805,12.5,1.17,0,Low,97.33
2023-08-21,DRUG001,Atorvastatin 20mg,Pharmaceuticals,North America,1055,1.25,1.2,1,Medium,99.43
2023-08-21,DRUG001,Atorvastatin 20mg,Pharmaceuticals,Europe,1720,1.25,1.05,0,Low,98.28
2023-08-21,DRUG002,Amoxicillin 500mg,Pharmaceuticals,North America,979,0.85,1.14,0,Low,95.82
2023-08-21,DRUG002,Amoxicillin 500mg,Pharmaceuticals,Europe,577,0.85,1.07,0,Medium,104.77
2023-08-21,DRUG003,Insulin Glargine 10ml,Pharmaceuticals,North America,934,25.0,1.04,1,Medium,103.98
2023-08-21,DRUG003,Insulin Glargine 10ml,Pharmaceuticals,Europe,912,25.0,1.0,1,Low,95.53
2023-08-21,SUPP001,Surgical Masks Box,Medical Supplies,North America,1337,10.0,1.13,0,Medium,100.96
2023-08-21,SUPP001,Surgical Masks Box,Medical Supplies,Europe,1203,10.0,0.99,0,Medium,103.23
2023-08-21,SUPP002,Surgical Gloves Box,Medical Supplies,North America,984,12.5,1.13,0,Medium,98.71
2023-08-21,SUPP002,Surgical Gloves Box,Medical Supplies,Europe,1084,12.5,0.91,0,Medium,96.19
2023-08-22,DRUG001,Atorvastatin 20mg,Pharmaceuticals,North America,1056,1.25,1.0,0,Medium,101.01
2023-08-22,DRUG001,Atorvastatin 20mg,Pharmaceuticals,Europe,1116,1.25,1.1,0,Medium,104.9
2023-08-22,DRUG002,Amoxicillin 500mg,Pharmaceuticals,North America,880,0.85,0.99,0,Medium,97.92
2023-08-22,DRUG002,Amoxicillin 500mg,Pharmaceuticals,Europe,584,0.85,0.92,0,Medium,99.1
2023-08-22,DRUG003,Insulin Glargine 10ml,Pharmaceuticals,North America,994,25.0,0.98,0,Medium,100.99
2023-08-22,DRUG003,Insulin Glargine 10ml,Pharmaceuticals,Europe,1087,25.0,0.93,0,High,100.9
2023-08-22,SUPP001,Surgical Masks Box,Medical Supplies,North America,1361,10.0,1.17,0,Medium,104.59
2023-08-22,SUPP001,Surgical Masks Box,Medical Supplies,Europe,553,10.0,0.95,0,Medium,101.8
2023-08-22,SUPP002,Surgical Gloves Box,Medical Supplies,North America,596,12.5,1.11,0,Medium,96.88
2023-08-22,SUPP002,Surgical Gloves Box,Medical Supplies,Europe,677,12.5,0.9,1,Medium,104.69
2023-08-23,DRUG001,Atorvastatin 20mg,Pharmaceuticals,North America,1077,1.25,0.96,0,Medium,96.13
2023-08-23,DRUG001,Atorvastatin 20mg,Pharmaceuticals,Europe,680,1.25,1.17,0,Medium,104.86
2023-08-23,DRUG002,Amoxicillin 500mg,Pharmaceuticals,North America,774,0.85,0.96,0,Medium,96.5
2023-08-23,DRUG002,Amoxicillin 500mg,Pharmaceuticals,Europe,910,0.85,1.1,0,Low,101.62
2023-08-23,DRUG003,Insulin Glargine 10ml,Pharmaceuticals,North America,1407,25.0,0.95,0,Low,96.94
2023-08-23,DRUG003,Insulin Glargine 10ml,Pharmaceuticals,Europe,956,25.0,1.1,0,Low,98.27
2023-08-23,SUPP001,Surgical Masks Box,Medical Supplies,North America,561,10.0,1.14,0,Low,99.64
2023-08-23,SUPP001,Surgical Masks Box,Medical Supplies,Europe,1056,10.0,1.13,0,Medium,95.5
2023-08-23,SUPP002,Surgical Gloves Box,Medical Supplies,North America,677,12.5,1.15,0,Low,103.41
2023-08-23,SUPP002,Surgical Gloves Box,Medical Supplies,Europe,1100,12.5,0.92,0,Low,97.85
2023-08-24,DRUG001,Atorvastatin 20mg,Pharmaceuticals,North America,1059,1.25,0.92,0,Medium,104.01
2023-08-24,DRUG001,Atorvastatin 20mg,Pharmaceuticals,Europe,1097,1.25,0.99,0,Medium,99.9
2023-08-24,DRUG002,Amoxicillin 500mg,Pharmaceuticals,North America,572,0.85,1.13,0,High,97.61
2023-08-24,DRUG002,Amoxicillin 500mg,Pharmaceuticals,Europe,936,0.85,1.1,1,Medium,103.71
2023-08-24,DRUG003,Insulin Glargine 10ml,Pharmaceuticals,North America,862,25.0,1.08,0,Medium,97.3
2023-08-24,DRUG003,Insulin Glargine 10ml,Pharmaceuticals,Europe,1321,25.0,1.12,0,Medium,97.69
2023-08-24,SUPP001,Surgical Masks Box,Medical Supplies,North America,1246,10.0,0.96,1,Low,96.01
2023-08-24,SUPP001,Surgical Masks Box,Medical Supplies,Europe,1100,10.0,0.93,0,Medium,98.67
2023-08-24,SUPP002,Surgical Gloves Box,Medical Supplies,North America,984,12.5,0.95,0,Medium,103.32
2023-08-24,SUPP002,Surgical Gloves Box,Medical Supplies,Europe,1112,12.5,1.04,0,Low,101.46
2023-08-25,DRUG001,Atorvastatin 20mg,Pharmaceuticals,North America,1047,1.25,0.98,1,Medium,98.32
2023-08-25,DRUG001,Atorvastatin 20mg,Pharmaceuticals,Europe,1292,1.25,0.95,0,High,101.14
2023-08-25,DRUG002,Amoxicillin 500mg,Pharmaceuticals,North America,960,0.85,0.94,0,Medium,104.98
2023-08-25,DRUG002,Amoxicillin 500mg,Pharmaceuticals,Europe,1061,0.85,1.11,0,High,102.82
2023-08-25,DRUG003,Insulin Glargine 10ml,Pharmaceuticals,North America,758,25.0,0.97,0,Medium,97.89
2023-08-25,DRUG003,Insulin Glargine 10ml,Pharmaceuticals,Europe,862,25.0,0.95,0,High,102.78
2023-08-25,SUPP001,Surgical Masks Box,Medical Supplies,North America,694,10.0,0.97,0,Medium,101.05
2023-08-25,SUPP001,Surgical Masks Box,Medical Supplies,Europe,755,10.0,1.11,0,Low,98.3
2023-08-25,SUPP002,Surgical Gloves Box,Medical Supplies,North America,667,12.5,0.96,0,Low,95.88
2023-08-25,SUPP002,Surgical Gloves Box,Medical Supplies,Europe,1400,12.5,1.15,0,Low,95.65
2023-08-26,DRUG001,Atorvastatin 20mg,Pharmaceuticals,North America,751,1.25,1.02,0,Low,102.93
2023-08-26,DRUG001,Atorvastatin 20mg,Pharmaceuticals,Europe,1205,1.25,1.14,0,Low,96.34
2023-08-26,DRUG002,Amoxicillin 500mg,Pharmaceuticals,North America,1166,0.85,1.13,0,High,95.17
2023-08-26,DRUG002,Amoxicillin 500mg,Pharmaceuticals,Europe,1616,0.85,0.96,0,Low,104.82
2023-08-26,DRUG003,Insulin Glargine 10ml,Pharmaceuticals,North America,1096,25.0,0.96,0,Low,104.9
2023-08-26,DRUG003,Insulin Glargine 10ml,Pharmaceuticals,Europe,1034,25.0,0.95,0,Medium,99.33
2023-08-26,SUPP001,Surgical Masks Box,Medical Supplies,North America,1095,10.0,1.03,0,Low,103.42
2023-08-26,SUPP001,Surgical Masks Box,Medical Supplies,Europe,993,10.0,1.09,0,Low,100.92
2023-08-26,SUPP002,Surgical Gloves Box,Medical Supplies,North America,640,12.5,0.96,0,Low,98.13
2023-08-26,SUPP002,Surgical Gloves Box,Medical Supplies,Europe,1134,12.5,0.94,0,Medium,102.21
2023-08-27,DRUG001,Atorvastatin 20mg,Pharmaceuticals,North America,891,1.25,0.92,0,High,97.18
2023-08-27,DRUG001,Atorvastatin 20mg,Pharmaceuticals,Europe,935,1.25,0.98,0,Medium,101.8
2023-08-27,DRUG002,Amoxicillin 500mg,Pharmaceuticals,North America,1280,0.85,1.05,0,Low,101.62
2023-08-27,DRUG002,Amoxicillin 500mg,Pharmaceuticals,Europe,1110,0.85,1.08,0,Medium,101.37
2023-08-27,DRUG003,Insulin Glargine 10ml,Pharmaceuticals,North America,1065,25.0,1.13,0,Medium,104.02
2023-08-27,DRUG003,Insulin Glargine 10ml,Pharmaceuticals,Europe,1290,25.0,1.02,0,Medium,95.6
2023-08-27,SUPP001,Surgical Masks Box,Medical Supplies,North America,691,10.0,1.19,0,Low,96.22
2023-08-27,SUPP001,Surgical Masks Box,Medical Supplies,Europe,1068,10.0,1.08,0,Low,100.42
2023-08-27,SUPP002,Surgical Gloves Box,Medical Supplies,North America,749,12.5,1.14,1,Medium,103.22
2023-08-27,SUPP002,Surgical Gloves Box,Medical Supplies,Europe,929,12.5,0.96,0,Low,102.65
2023-08-28,DRUG001,Atorvastatin 20mg,Pharmaceuticals,North America,1017,1.25,1.16,0,Low,99.26
2023-08-28,DRUG001,Atorvastatin 20mg,Pharmaceuticals,Europe,1037,1.25,0.92,0,Medium,99.38
2023-08-28,DRUG002,Amoxicillin 500mg,Pharmaceuticals,North America,1606,0.85,0.98,0,Medium,98.88
2023-08-28,DRUG002,Amoxicillin 500mg,Pharmaceuticals,Europe,1549,0.85,1.15,0,Medium,103.96
2023-08-28,DRUG003,Insulin Glargine 10ml,Pharmaceuticals,North America,733,25.0,1.17,0,Low,96.35
2023-08-28,DRUG003,Insulin Glargine 10ml,Pharmaceuticals,Europe,711,25.0,0.95,0,Medium,103.6
2023-08-28,SUPP001,Surgical Masks Box,Medical Supplies,North America,678,10.0,1.01,1,Medium,102.38
2023-08-28,SUPP001,Surgical Masks Box,Medical Supplies,Europe,764,10.0,1.05,0,Low,100.38
2023-08-28,SUPP002,Surgical Gloves Box,Medical Supplies,North America,726,12.5,1.12,0,Medium,102.46
2023-08-28,SUPP002,Surgical Gloves Box,Medical Supplies,Europe,1210,12.5,1.02,0,Medium,104.92
2023-08-29,DRUG001,Atorvastatin 20mg,Pharmaceuticals,North America,696,1.25,0.95,0,Medium,104.17
2023-08-29,DRUG001,Atorvastatin 20mg,Pharmaceuticals,Europe,472,1.25,1.02,0,Low,99.55
2023-08-29,DRUG002,Amoxicillin 500mg,Pharmaceuticals,North America,705,0.85,1.12,0,Medium,102.94
2023-08-29,DRUG002,Amoxicillin 500mg,Pharmaceuticals,Europe,768,0.85,0.98,0,Medium,101.55
2023-08-29,DRUG003,Insulin Glargine 10ml,Pharmaceuticals,North America,400,25.0,1.15,0,Low,96.03
2023-08-29,DRUG003,Insulin Glargine 10ml,Pharmaceuticals,Europe,788,25.0,0.92,0,Medium,95.52
2023-08-29,SUPP001,Surgical Masks Box,Medical Supplies,North America,1359,10.0,0.99,0,Medium,97.46
2023-08-29,SUPP001,Surgical Masks Box,Medical Supplies,Europe,768,10.0,1.12,0,Low,97.1
2023-08-29,SUPP002,Surgical Gloves Box,Medical Supplies,North America,1246,12.5,1.09,0,Medium,99.27
2023-08-29,SUPP002,Surgical Gloves Box,Medical Supplies,Europe,1012,12.5,1.08,0,Medium,103.14
2023-08-30,DRUG001,Atorvastatin 20mg,Pharmaceuticals,North America,1229,1.25,0.95,0,High,96.37
2023-08-30,DRUG001,Atorvastatin 20mg,Pharmaceuticals,Europe,1443,1.25,1.05,0,Medium,102.22
2023-08-30,DRUG002,Amoxicillin 500mg,Pharmaceuticals,North America,1151,0.85,1.04,0,Low,96.68
2023-08-30,DRUG002,Amoxicillin 500mg,Pharmaceuticals,Europe,837,0.85,1.1,0,Low,96.13
2023-08-30,DRUG003,Insulin Glargine 10ml,Pharmaceuticals,North America,1037,25.0,1.11,0,Medium,95.85
2023-08-30,DRUG003,Insulin Glargine 10ml,Pharmaceuticals,Europe,934,25.0,1.17,1,Medium,104.26
2023-08-30,SUPP001,Surgical Masks Box,Medical Supplies,North America,1137,10.0,1.07,0,Low,98.27
2023-08-30,SUPP001,Surgical Masks Box,Medical Supplies,Europe,1130,10.0,1.09,0,Low,99.68
2023-08-30,SUPP002,Surgical Gloves Box,Medical Supplies,North America,1143,12.5,1.18,0,Medium,100.83
2023-08-30,SUPP002,Surgical Gloves Box,Medical Supplies,Europe,568,12.5,1.05,0,High,97.49
2023-08-31,DRUG001,Atorvastatin 20mg,Pharmaceuticals,North America,1064,1.25,0.95,0,Low,96.37
2023-08-31,DRUG001,Atorvastatin 20mg,Pharmaceuticals,Europe,894,1.25,0.95,0,Medium,103.37
2023-08-31,DRUG002,Amoxicillin 500mg,Pharmaceuticals,North America,1275,0.85,0.96,0,Low,101.21
2023-08-31,DRUG002,Amoxicillin 500mg,Pharmaceuticals,Europe,906,0.85,1.03,0,Medium,100.46
2023-08-31,DRUG003,Insulin Glargine 10ml,Pharmaceuticals,North America,1179,25.0,0.99,0,Medium,101.11
2023-08-31,DRUG003,Insulin Glargine 10ml,Pharmaceuticals,Europe,1052,25.0,0.95,0,Medium,99.19
2023-08-31,SUPP001,Surgical Masks Box,Medical Supplies,North America,965,10.0,1.1,0,Low,97.5
2023-08-31,SUPP001,Surgical Masks Box,Medical Supplies,Europe,1479,10.0,1.06,0,Low,104.84
2023-08-31,SUPP002,Surgical Gloves Box,Medical Supplies,North America,369,12.5,0.99,0,Medium,104.55
2023-08-31,SUPP002,Surgical Gloves Box,Medical Supplies,Europe,797,12.5,1.02,1,High,99.81
2023-09-01,DRUG001,Atorvastatin 20mg,Pharmaceuticals,North America,791,1.25,1.07,0,Medium,95.53
2023-09-01,DRUG001,Atorvastatin 20mg,Pharmaceuticals,Europe,1559,1.25,1.15,0,Low,98.24
2023-09-01,DRUG002,Amoxicillin 500mg,Pharmaceuticals,North America,1750,0.85,0.99,0,Low,95.55
2023-09-01,DRUG002,Amoxicillin 500mg,Pharmaceuticals,Europe,854,0.85,0.9,0,Medium,104.61
2023-09-01,DRUG003,Insulin Glargine 10ml,Pharmaceuticals,North America,1141,25.0,0.94,0,Low,101.11
2023-09-01,DRUG003,Insulin Glargine 10ml,Pharmaceuticals,Europe,183,25.0,1.18,0,Medium,95.24
2023-09-01,SUPP001,Surgical Masks Box,Medical Supplies,North America,743,10.0,1.01,0,Low,99.18
2023-09-01,SUPP001,Surgical Masks Box,Medical Supplies,Europe,917,10.0,0.99,0,High,99.01
2023-09-01,SUPP002,Surgical Gloves Box,Medical Supplies,North America,815,12.5,1.16,0,Medium,96.5
2023-09-01,SUPP002,Surgical Gloves Box,Medical Supplies,Europe,752,12.5,1.03,0,High,103.84
2023-09-02,DRUG001,Atorvastatin 20mg,Pharmaceuticals,North America,1010,1.25,0.97,0,High,100.28
2023-09-02,DRUG001,Atorvastatin 20mg,Pharmaceuticals,Europe,743,1.25,1.0,0,High,101.25
2023-09-02,DRUG002,Amoxicillin 500mg,Pharmaceuticals,North America,552,0.85,1.0,1,Medium,99.01
2023-09-02,DRUG002,Amoxicillin 500mg,Pharmaceuticals,Europe,949,0.85,1.06,0,Low,96.79
2023-09-02,DRUG003,Insulin Glargine 10ml,Pharmaceuticals,North America,1530,25.0,1.11,0,Low,95.75
2023-09-02,DRUG003,Insulin Glargine 10ml,Pharmaceuticals,Europe,1272,25.0,1.19,0,Medium,101.66
2023-09-02,SUPP001,Surgical Masks Box,Medical Supplies,North America,574,10.0,1.13,0,Medium,99.89
2023-09-02,SUPP001,Surgical Masks Box,Medical Supplies,Europe,1067,10.0,0.93,0,Low,98.11
2023-09-02,SUPP002,Surgical Gloves Box,Medical Supplies,North America,1070,12.5,0.95,1,Low,96.07
2023-09-02,SUPP002,Surgical Gloves Box,Medical Supplies,Europe,1635,12.5,1.05,0,High,95.11
2023-09-03,DRUG001,Atorvastatin 20mg,Pharmaceuticals,North America,899,1.25,0.91,0,High,100.96
2023-09-03,DRUG001,Atorvastatin 20mg,Pharmaceuticals,Europe,1169,1.25,1.07,0,Medium,103.9
2023-09-03,DRUG002,Amoxicillin 500mg,Pharmaceuticals,North America,1146,0.85,1.2,0,High,100.0
2023-09-03,DRUG002,Amoxicillin 500mg,Pharmaceuticals,Europe,1016,0.85,1.02,0,Low,100.06
2023-09-03,DRUG003,Insulin Glargine 10ml,Pharmaceuticals,North America,906,25.0,1.03,1,Medium,98.58
2023-09-03,DRUG003,Insulin Glargine 10ml,Pharmaceuticals,Europe,1120,25.0,1.03,0,Medium,103.01
2023-09-03,SUPP001,Surgical Masks Box,Medical Supplies,North America,1394,10.0,1.06,0,Medium,102.18
2023-09-03,SUPP001,Surgical Masks Box,Medical Supplies,Europe,940,10.0,1.07,0,Low,97.85
2023-09-03,SUPP002,Surgical Gloves Box,Medical Supplies,North America,1286,12.5,0.91,0,Low,98.1
2023-09-03,SUPP002,Surgical Gloves Box,Medical Supplies,Europe,640,12.5,1.06,0,High,95.85
2023-09-04,DRUG001,Atorvastatin 20mg,Pharmaceuticals,North America,1348,1.25,1.08,0,Medium,102.07
2023-09-04,DRUG001,Atorvastatin 20mg,Pharmaceuticals,Europe,944,1.25,1.19,0,Low,104.98
2023-09-04,DRUG002,Amoxicillin 500mg,Pharmaceuticals,North America,856,0.85,0.92,0,Medium,102.31
2023-09-04,DRUG002,Amoxicillin 500mg,Pharmaceuticals,Europe,1154,0.85,1.09,0,Medium,104.26
2023-09-04,DRUG003,Insulin Glargine 10ml,Pharmaceuticals,North America,832,25.0,1.19,0,Low,95.35
2023-09-04,DRUG003,Insulin Glargine 10ml,Pharmaceuticals,Europe,1298,25.0,0.95,0,Low,100.11
2023-09-04,SUPP001,Surgical Masks Box,Medical Supplies,North America,1205,10.0,1.18,0,Medium,95.25
2023-09-04,SUPP001,Surgical Masks Box,Medical Supplies,Europe,921,10.0,1.17,0,Low,96.1
2023-09-04,SUPP002,Surgical Gloves Box,Medical Supplies,North America,1177,12.5,1.11,0,Low,95.43
2023-09-04,SUPP002,Surgical Gloves Box,Medical Supplies,Europe,953,12.5,1.19,0,High,98.69
2023-09-05,DRUG001,Atorvastatin 20mg,Pharmaceuticals,North America,889,1.25,1.07,0,Medium,96.81
2023-09-05,DRUG001,Atorvastatin 20mg,Pharmaceuticals,Europe,882,1.25,1.19,0,High,100.4
2023-09-05,DRUG002,Amoxicillin 500mg,Pharmaceuticals,North America,1103,0.85,1.07,0,High,101.75
2023-09-05,DRUG002,Amoxicillin 500mg,Pharmaceuticals,Europe,981,0.85,1.06,0,Low,97.01
2023-09-05,DRUG003,Insulin Glargine 10ml,Pharmaceuticals,North America,823,25.0,0.99,0,Medium,95.99
2023-09-05,DRUG003,Insulin Glargine 10ml,Pharmaceuticals,Europe,774,25.0,0.91,0,Medium,99.44
2023-09-05,SUPP001,Surgical Masks Box,Medical Supplies,North America,1325,10.0,1.03,0,High,103.4
2023-09-05,SUPP001,Surgical Masks Box,Medical Supplies,Europe,1133,10.0,1.03,0,Low,100.61
2023-09-05,SUPP002,Surgical Gloves Box,Medical Supplies,North America,1004,12.5,1.18,0,High,100.79
2023-09-05,SUPP002,Surgical Gloves Box,Medical Supplies,Europe,1115,12.5,0.91,0,Low,95.32
2023-09-06,DRUG001,Atorvastatin 20mg,Pharmaceuticals,North America,829,1.25,1.14,0,Low,104.74
2023-09-06,DRUG001,Atorvastatin 20mg,Pharmaceuticals,Europe,1243,1.25,1.01,0,Medium,100.6
2023-09-06,DRUG002,Amoxicillin 500mg,Pharmaceuticals,North America,1075,0.85,1.02,0,Low,100.44
2023-09-06,DRUG002,Amoxicillin 500mg,Pharmaceuticals,Europe,1179,0.85,1.19,0,High,101.54
2023-09-06,DRUG003,Insulin Glargine 10ml,Pharmaceuticals,North America,767,25.0,1.05,0,Low,95.04
2023-09-06,DRUG003,Insulin Glargine 10ml,Pharmaceuticals,Europe,840,25.0,1.0,1,Medium,99.01
2023-09-06,SUPP001,Surgical Masks Box,Medical Supplies,North America,841,10.0,0.95,0,High,104.98
2023-09-06,SUPP001,Surgical Masks Box,Medical Supplies,Europe,661,10.0,0.95,0,Low,99.62
2023-09-06,SUPP002,Surgical Gloves Box,Medical Supplies,North America,804,12.5,0.96,0,Medium,101.35
2023-09-06,SUPP002,Surgical Gloves Box,Medical Supplies,Europe,709,12.5,1.02,1,High,96.74
2023-09-07,DRUG001,Atorvastatin 20mg,Pharmaceuticals,North America,1042,1.25,0.93,0,Medium,100.22
2023-09-07,DRUG001,Atorvastatin 20mg,Pharmaceuticals,Europe,542,1.25,1.0,0,High,97.06
2023-09-07,DRUG002,Amoxicillin 500mg,Pharmaceuticals,North America,891,0.85,0.92,0,Low,95.22
2023-09-07,DRUG002,Amoxicillin 500mg,Pharmaceuticals,Europe,1036,0.85,0.95,0,Medium,97.02
2023-09-07,DRUG003,Insulin Glargine 10ml,Pharmaceuticals,North America,695,25.0,1.08,0,Medium,104.95
2023-09-07,DRUG003,Insulin Glargine 10ml,Pharmaceuticals,Europe,1161,25.0,1.18,0,High,95.66
2023-09-07,SUPP001,Surgical Masks Box,Medical Supplies,North America,767,10.0,0.93,0,High,101.11
2023-09-07,SUPP001,Surgical Masks Box,Medical Supplies,Europe,932,10.0,1.11,0,Low,95.45
2023-09-07,SUPP002,Surgical Gloves Box,Medical Supplies,North America,948,12.5,1.17,0,Medium,100.93
2023-09-07,SUPP002,Surgical Gloves Box,Medical Supplies,Europe,956,12.5,1.06,0,Low,95.51
2023-09-08,DRUG001,Atorvastatin 20mg,Pharmaceuticals,North America,631,1.25,1.07,0,Medium,99.34
2023-09-08,DRUG001,Atorvastatin 20mg,Pharmaceuticals,Europe,876,1.25,1.02,0,Low,102.34
2023-09-08,DRUG002,Amoxicillin 500mg,Pharmaceuticals,North America,858,0.85,0.99,0,Low,95.46
2023-09-08,DRUG002,Amoxicillin 500mg,Pharmaceuticals,Europe,1449,0.85,0.93,0,Medium,103.49
2023-09-08,DRUG003,Insulin Glargine 10ml,Pharmaceuticals,North America,873,25.0,0.92,0,Medium,103.5
2023-09-08,DRUG003,Insulin Glargine 10ml,Pharmaceuticals,Europe,1313,25.0,1.2,0,Low,96.86
2023-09-08,SUPP001,Surgical Masks Box,Medical Supplies,North America,1001,10.0,1.07,0,Medium,104.16
2023-09-08,SUPP001,Surgical Masks Box,Medical Supplies,Europe,941,10.0,1.09,0,Low,103.55
2023-09-08,SUPP002,Surgical Gloves Box,Medical Supplies,North America,713,12.5,0.96,1,Low,99.63
2023-09-08,SUPP002,Surgical Gloves Box,Medical Supplies,Europe,1152,12.5,0.99,0,High,98.6
2023-09-09,DRUG001,Atorvastatin 20mg,Pharmaceuticals,North America,1094,1.25,1.14,0,Medium,97.34
2023-09-09,DRUG001,Atorvastatin 20mg,Pharmaceuticals,Europe,985,1.25,1.02,0,Low,97.7
2023-09-09,DRUG002,Amoxicillin 500mg,Pharmaceuticals,North America,973,0.85,1.15,0,Medium,104.32
2023-09-09,DRUG002,Amoxicillin 500mg,Pharmaceuticals,Europe,825,0.85,0.97,0,High,104.62
2023-09-09,DRUG003,Insulin Glargine 10ml,Pharmaceuticals,North America,897,25.0,0.94,0,Medium,101.74
2023-09-09,DRUG003,Insulin Glargine 10ml,Pharmaceuticals,Europe,932,25.0,1.0,0,Medium,99.84
2023-09-09,SUPP001,Surgical Masks Box,Medical Supplies,North America,871,10.0,1.0,0,Low,97.66
2023-09-09,SUPP001,Surgical Masks Box,Medical Supplies,Europe,1503,10.0,0.93,0,Low,96.86
2023-09-09,SUPP002,Surgical Gloves Box,Medical Supplies,North America,754,12.5,1.1,0,Medium,104.59
2023-09-09,SUPP002,Surgical Gloves Box,Medical Supplies,Europe,1347,12.5,0.91,0,High,103.62
2023-09-10,DRUG001,Atorvastatin 20mg,Pharmaceuticals,North America,850,1.25,0.95,0,Medium,98.17
2023-09-10,DRUG001,Atorvastatin 20mg,Pharmaceuticals,Europe,714,1.25,1.06,0,Medium,103.54
2023-09-10,DRUG002,Amoxicillin 500mg,Pharmaceuticals,North America,598,0.85,1.07,1,High,99.05
2023-09-10,DRUG002,Amoxicillin 500mg,Pharmaceuticals,Europe,1183,0.85,0.99,0,Medium,96.14
2023-09-10,DRUG003,Insulin Glargine 10ml,Pharmaceuticals,North America,673,25.0,1.19,0,Low,95.93
2023-09-10,DRUG003,Insulin Glargine 10ml,Pharmaceuticals,Europe,794,25.0,1.06,0,Medium,103.35
2023-09-10,SUPP001,Surgical Masks Box,Medical Supplies,North America,1462,10.0,1.06,1,High,100.13
2023-09-10,SUPP001,Surgical Masks Box,Medical Supplies,Europe,1400,10.0,0.99,0,Low,101.36
2023-09-10,SUPP002,Surgical Gloves Box,Medical Supplies,North America,711,12.5,0.96,0,High,100.66
2023-09-10,SUPP002,Surgical Gloves Box,Medical Supplies,Europe,1000,12.5,1.1,0,Medium,99.47
2023-09-11,DRUG001,Atorvastatin 20mg,Pharmaceuticals,North America,876,1.25,1.05,0,Low,104.61
2023-09-11,DRUG001,Atorvastatin 20mg,Pharmaceuticals,Europe,1043,1.25,0.95,0,Medium,103.63
2023-09-11,DRUG002,Amoxicillin 500mg,Pharmaceuticals,North America,1462,0.85,1.16,0,Low,98.57
2023-09-11,DRUG002,Amoxicillin 500mg,Pharmaceuticals,Europe,842,0.85,1.15,0,Low,101.79
2023-09-11,DRUG003,Insulin Glargine 10ml,Pharmaceuticals,North America,454,25.0,1.06,0,Medium,100.02
2023-09-11,DRUG003,Insulin Glargine 10ml,Pharmaceuticals,Europe,1560,25.0,1.17,0,High,101.44
2023-09-11,SUPP001,Surgical Masks Box,Medical Supplies,North America,883,10.0,0.98,0,Low,98.72
2023-09-11,SUPP001,Surgical Masks Box,Medical Supplies,Europe,1213,10.0,1.0,0,Low,103.46
2023-09-11,SUPP002,Surgical Gloves Box,Medical Supplies,North America,969,12.5,1.16,0,Low,101.19
2023-09-11,SUPP002,Surgical Gloves Box,Medical Supplies,Europe,1409,12.5,1.04,0,High,104.7
2023-09-12,DRUG001,Atorvastatin 20mg,Pharmaceuticals,North America,1386,1.25,0.93,0,Medium,99.31
2023-09-12,DRUG001,Atorvastatin 20mg,Pharmaceuticals,Europe,1196,1.25,1.03,0,Medium,96.85
2023-09-12,DRUG002,Amoxicillin 500mg,Pharmaceuticals,North America,666,0.85,0.92,0,Low,103.89
2023-09-12,DRUG002,Amoxicillin 500mg,Pharmaceuticals,Europe,1129,0.85,0.92,0,Medium,99.81
2023-09-12,DRUG003,Insulin Glargine 10ml,Pharmaceuticals,North America,853,25.0,0.98,0,Medium,103.83
2023-09-12,DRUG003,Insulin Glargine 10ml,Pharmaceuticals,Europe,334,25.0,0.96,0,Low,97.15
2023-09-12,SUPP001,Surgical Masks Box,Medical Supplies,North America,975,10.0,0.92,1,High,102.55
2023-09-12,SUPP001,Surgical Masks Box,Medical Supplies,Europe,1250,10.0,1.18,0,High,101.9
2023-09-12,SUPP002,Surgical Gloves Box,Medical Supplies,North America,1086,12.5,1.0,0,Low,98.29
2023-09-12,SUPP002,Surgical Gloves Box,Medical Supplies,Europe,1107,12.5,0.93,1,Low,100.21
2023-09-13,DRUG001,Atorvastatin 20mg,Pharmaceuticals,North America,1138,1.25,1.0,0,High,99.36
2023-09-13,DRUG001,Atorvastatin 20mg,Pharmaceuticals,Europe,967,1.25,1.01,0,High,102.55
2023-09-13,DRUG002,Amoxicillin 500mg,Pharmaceuticals,North America,1112,0.85,1.02,0,High,96.88
2023-09-13,DRUG002,Amoxicillin 500mg,Pharmaceuticals,Europe,921,0.85,1.14,0,High,96.72
2023-09-13,DRUG003,Insulin Glargine 10ml,Pharmaceuticals,North America,1359,25.0,0.91,0,High,97.8
2023-09-13,DRUG003,Insulin Glargine 10ml,Pharmaceuticals,Europe,914,25.0,1.19,0,Low,102.53
2023-09-13,SUPP001,Surgical Masks Box,Medical Supplies,North America,1279,10.0,1.06,0,Low,99.42
2023-09-13,SUPP001,Surgical Masks Box,Medical Supplies,Europe,1543,10.0,0.95,0,Low,98.34
2023-09-13,SUPP002,Surgical Gloves Box,Medical Supplies,North America,861,12.5,0.93,0,Medium,103.65
2023-09-13,SUPP002,Surgical Gloves Box,Medical Supplies,Europe,991,12.5,1.11,0,Medium,95.94
2023-09-14,DRUG001,Atorvastatin 20mg,Pharmaceuticals,North America,1589,1.25,0.97,0,High,96.67
2023-09-14,DRUG001,Atorvastatin 20mg,Pharmaceuticals,Europe,1100,1.25,0.98,0,Medium,98.76
2023-09-14,DRUG002,Amoxicillin 500mg,Pharmaceuticals,North America,1430,0.85,0.97,0,Low,95.56
2023-09-14,DRUG002,Amoxicillin 500mg,Pharmaceuticals,Europe,734,0.85,0.94,1,Medium,102.96
2023-09-14,DRUG003,Insulin Glargine 10ml,Pharmaceuticals,North America,1284,25.0,1.05,1,Medium,102.31
2023-09-14,DRUG003,Insulin Glargine 10ml,Pharmaceuticals,Europe,485,25.0,0.91,0,Medium,104.28
2023-09-14,SUPP001,Surgical Masks Box,Medical Supplies,North America,738,10.0,1.02,0,Low,103.57
2023-09-14,SUPP001,Surgical Masks Box,Medical Supplies,Europe,723,10.0,1.07,0,High,97.82
2023-09-14,SUPP002,Surgical Gloves Box,Medical Supplies,North America,750,12.5,1.17,0,Low,98.03
2023-09-14,SUPP002,Surgical Gloves Box,Medical Supplies,Europe,1028,12.5,1.04,0,Low,103.0
2023-09-15,DRUG001,Atorvastatin 20mg,Pharmaceuticals,North America,846,1.25,1.04,0,Low,103.89
2023-09-15,DRUG001,Atorvastatin 20mg,Pharmaceuticals,Europe,1261,1.25,0.97,0,Medium,100.53
2023-09-15,DRUG002,Amoxicillin 500mg,Pharmaceuticals,North America,1156,0.85,1.14,0,High,99.0
2023-09-15,DRUG002,Amoxicillin 500mg,Pharmaceuticals,Europe,374,0.85,0.96,0,Low,100.15
2023-09-15,DRUG003,Insulin Glargine 10ml,Pharmaceuticals,North America,945,25.0,1.08,0,Medium,99.29
2023-09-15,DRUG003,Insulin Glargine 10ml,Pharmaceuticals,Europe,833,25.0,0.97,0,High,103.5
2023-09-15,SUPP001,Surgical Masks Box,Medical Supplies,North America,1013,10.0,1.06,0,Low,99.82
2023-09-15,SUPP001,Surgical Masks Box,Medical Supplies,Europe,1224,10.0,1.19,0,Low,96.33
2023-09-15,SUPP002,Surgical Gloves Box,Medical Supplies,North America,1191,12.5,0.99,0,High,96.7
2023-09-15,SUPP002,Surgical Gloves Box,Medical Supplies,Europe,787,12.5,0.9,0,Low,99.22
2023-09-16,DRUG001,Atorvastatin 20mg,Pharmaceuticals,North America,312,1.25,1.07,0,Low,104.39
2023-09-16,DRUG001,Atorvastatin 20mg,Pharmaceuticals,Europe,667,1.25,0.96,0,Medium,99.92
2023-09-16,DRUG002,Amoxicillin 500mg,Pharmaceuticals,North America,1452,0.85,0.97,0,Medium,103.89
2023-09-16,DRUG002,Amoxicillin 500mg,Pharmaceuticals,Europe,699,0.85,1.0,0,Medium,102.47
2023-09-16,DRUG003,Insulin Glargine 10ml,Pharmaceuticals,North America,945,25.0,0.91,0,Medium,97.98
2023-09-16,DRUG003,Insulin Glargine 10ml,Pharmaceuticals,Europe,717,25.0,1.15,0,Medium,99.08
2023-09-16,SUPP001,Surgical Masks Box,Medical Supplies,North America,825,10.0,1.17,1,Low,96.2
2023-09-16,SUPP001,Surgical Masks Box,Medical Supplies,Europe,998,10.0,0.94,0,Medium,103.48
2023-09-16,SUPP002,Surgical Gloves Box,Medical Supplies,North America,904,12.5,1.08,0,Medium,99.76
2023-09-16,SUPP002,Surgical Gloves Box,Medical Supplies,Europe,1480,12.5,1.09,0,Medium,101.13
2023-09-17,DRUG001,Atorvastatin 20mg,Pharmaceuticals,North America,1263,1.25,1.06,0,Medium,97.42
2023-09-17,DRUG001,Atorvastatin 20mg,Pharmaceuticals,Europe,1404,1.25,0.9,0,Medium,104.72
2023-09-17,DRUG002,Amoxicillin 500mg,Pharmaceuticals,North America,626,0.85,0.96,0,Medium,97.5
2023-09-17,DRUG002,Amoxicillin 500mg,Pharmaceuticals,Europe,510,0.85,1.08,0,Medium,103.76
2023-09-17,DRUG003,Insulin Glargine 10ml,Pharmaceuticals,North America,477,25.0,1.17,0,Low,95.26
2023-09-17,DRUG003,Insulin Glargine 10ml,Pharmaceuticals,Europe,863,25.0,0.93,0,High,100.59
2023-09-17,SUPP001,Surgical Masks Box,Medical Supplies,North America,1255,10.0,1.04,0,High,103.5
2023-09-17,SUPP001,Surgical Masks Box,Medical Supplies,Europe,916,10.0,1.15,0,Medium,96.79
2023-09-17,SUPP002,Surgical Gloves Box,Medical Supplies,North America,1087,12.5,0.99,0,Medium,95.4
2023-09-17,SUPP002,Surgical Gloves Box,Medical Supplies,Europe,1013,12.5,1.13,0,Medium,95.86
2023-09-18,DRUG001,Atorvastatin 20mg,Pharmaceuticals,North America,969,1.25,0.97,0,High,102.12
2023-09-18,DRUG001,Atorvastatin 20mg,Pharmaceuticals,Europe,1064,1.25,1.12,0,Medium,96.1
2023-09-18,DRUG002,Amoxicillin 500mg,Pharmaceuticals,North America,527,0.85,1.19,0,Medium,96.51
2023-09-18,DRUG002,Amoxicillin 500mg,Pharmaceuticals,Europe,1111,0.85,1.14,0,Low,97.12
2023-09-18,DRUG003,Insulin Glargine 10ml,Pharmaceuticals,North America,1430,25.0,0.99,0,Medium,102.48
2023-09-18,DRUG003,Insulin Glargine 10ml,Pharmaceuticals,Europe,1085,25.0,0.97,0,High,104.54
2023-09-18,SUPP001,Surgical Masks Box,Medical Supplies,North America,835,10.0,1.0,0,High,102.89
2023-09-18,SUPP001,Surgical Masks Box,Medical Supplies,Europe,821,10.0,1.12,0,High,103.28
2023-09-18,SUPP002,Surgical Gloves Box,Medical Supplies,North America,885,12.5,1.1,0,Low,98.19
2023-09-18,SUPP002,Surgical Gloves Box,Medical Supplies,Europe,937,12.5,1.2,0,Medium,97.13
2023-09-19,DRUG001,Atorvastatin 20mg,Pharmaceuticals,North America,938,1.25,0.97,0,Low,100.75
2023-09-19,DRUG001,Atorvastatin 20mg,Pharmaceuticals,Europe,884,1.25,1.0,0,Low,99.65
2023-09-19,DRUG002,Amoxicillin 500mg,Pharmaceuticals,North America,996,0.85,0.92,1,Medium,99.9
2023-09-19,DRUG002,Amoxicillin 500mg,Pharmaceuticals,Europe,901,0.85,0.93,0,Medium,96.91
2023-09-19,DRUG003,Insulin Glargine 10ml,Pharmaceuticals,North America,1389,25.0,1.13,0,High,104.38
2023-09-19,DRUG003,Insulin Glargine 10ml,Pharmaceuticals,Europe,1084,25.0,1.02,0,Medium,101.97
2023-09-19,SUPP001,Surgical Masks Box,Medical Supplies,North America,598,10.0,0.98,0,Medium,95.85
2023-09-19,SUPP001,Surgical Masks Box,Medical Supplies,Europe,734,10.0,1.12,0,Low,97.53
2023-09-19,SUPP002,Surgical Gloves Box,Medical Supplies,North America,1394,12.5,1.16,0,High,100.81
2023-09-19,SUPP002,Surgical Gloves Box,Medical Supplies,Europe,1194,12.5,1.17,0,High,95.12
2023-09-20,DRUG001,Atorvastatin 20mg,Pharmaceuticals,North America,991,1.25,1.14,0,Low,97.71
2023-09-20,DRUG001,Atorvastatin 20mg,Pharmaceuticals,Europe,1157,1.25,0.99,0,High,95.09
2023-09-20,DRUG002,Amoxicillin 500mg,Pharmaceuticals,North America,722,0.85,1.08,0,Low,99.88
2023-09-20,DRUG002,Amoxicillin 500mg,Pharmaceuticals,Europe,839,0.85,1.1,0,Low,97.47
2023-09-20,DRUG003,Insulin Glargine 10ml,Pharmaceuticals,North America,977,25.0,1.08,0,Medium,95.74
2023-09-20,DRUG003,Insulin Glargine 10ml,Pharmaceuticals,Europe,1103,25.0,0.91,0,Low,96.37
2023-09-20,SUPP001,Surgical Masks Box,Medical Supplies,North America,1487,10.0,1.19,0,Medium,102.37
2023-09-20,SUPP001,Surgical Masks Box,Medical Supplies,Europe,591,10.0,0.94,0,Low,96.61
2023-09-20,SUPP002,Surgical Gloves Box,Medical Supplies,North America,686,12.5,1.11,0,Medium,96.46
2023-09-20,SUPP002,Surgical Gloves Box,Medical Supplies,Europe,937,12.5,0.94,0,High,95.96
2023-09-21,DRUG001,Atorvastatin 20mg,Pharmaceuticals,North America,1206,1.25,0.92,0,Medium,99.08
2023-09-21,DRUG001,Atorvastatin 20mg,Pharmaceuticals,Europe,880,1.25,0.99,0,Low,103.85
2023-09-21,DRUG002,Amoxicillin 500mg,Pharmaceuticals,North America,1275,0.85,1.14,0,Medium,99.6
2023-09-21,DRUG002,Amoxicillin 500mg,Pharmaceuticals,Europe,1363,0.85,1.13,0,Medium,103.82
2023-09-21,DRUG003,Insulin Glargine 10ml,Pharmaceuticals,North America,798,25.0,1.05,0,Medium,104.51
2023-09-21,DRUG003,Insulin Glargine 10ml,Pharmaceuticals,Europe,954,25.0,1.05,0,Medium,96.03
2023-09-21,SUPP001,Surgical Masks Box,Medical Supplies,North America,1086,10.0,1.1,0,Low,101.83
2023-09-21,SUPP001,Surgical Masks Box,Medical Supplies,Europe,948,10.0,1.13,0,Low,104.31
2023-09-21,SUPP002,Surgical Gloves Box,Medical Supplies,North America,1549,12.5,1.08,0,High,96.23
2023-09-21,SUPP002,Surgical Gloves Box,Medical Supplies,Europe,1147,12.5,0.98,0,Medium,103.38
2023-09-22,DRUG001,Atorvastatin 20mg,Pharmaceuticals,North America,297,1.25,1.18,0,High,97.31
2023-09-22,DRUG001,Atorvastatin 20mg,Pharmaceuticals,Europe,1089,1.25,1.15,0,Medium,103.88
2023-09-22,DRUG002,Amoxicillin 500mg,Pharmaceuticals,North America,1499,0.85,1.14,0,High,99.47
2023-09-22,DRUG002,Amoxicillin 500mg,Pharmaceuticals,Europe,946,0.85,0.95,0,Low,96.43
2023-09-22,DRUG003,Insulin Glargine 10ml,Pharmaceuticals,North America,606,25.0,0.91,0,High,100.91
2023-09-22,DRUG003,Insulin Glargine 10ml,Pharmaceuticals,Europe,1072,25.0,1.01,0,Low,104.8
2023-09-22,SUPP001,Surgical Masks Box,Medical Supplies,North America,646,10.0,1.1,0,Medium,103.62
2023-09-22,SUPP001,Surgical Masks Box,Medical Supplies,Europe,1129,10.0,0.95,0,Low,97.11
2023-09-22,SUPP002,Surgical Gloves Box,Medical Supplies,North America,1062,12.5,0.92,0,Medium,103.99
2023-09-22,SUPP002,Surgical Gloves Box,Medical Supplies,Europe,961,12.5,1.2,0,High,102.87
2023-09-23,DRUG001,Atorvastatin 20mg,Pharmaceuticals,North America,947,1.25,1.09,0,Low,100.77
2023-09-23,DRUG001,Atorvastatin 20mg,Pharmaceuticals,Europe,775,1.25,1.18,0,Medium,102.23
2023-09-23,DRUG002,Amoxicillin 500mg,Pharmaceuticals,North America,1037,0.85,0.96,0,Medium,103.96
2023-09-23,DRUG002,Amoxicillin 500mg,Pharmaceuticals,Europe,1479,0.85,1.14,0,Medium,98.32
2023-09-23,DRUG003,Insulin Glargine 10ml,Pharmaceuticals,North America,736,25.0,1.19,0,Low,97.84
2023-09-23,DRUG003,Insulin Glargine 10ml,Pharmaceuticals,Europe,704,25.0,0.94,0,Low,100.93
2023-09-23,SUPP001,Surgical Masks Box,Medical Supplies,North America,848,10.0,1.16,0,High,99.98
2023-09-23,SUPP001,Surgical Masks Box,Medical Supplies,Europe,660,10.0,1.02,0,Low,95.89
2023-09-23,SUPP002,Surgical Gloves Box,Medical Supplies,North America,944,12.5,1.14,1,Low,100.96
2023-09-23,SUPP002,Surgical Gloves Box,Medical Supplies,Europe,1651,12.5,1.05,1,High,104.12
2023-09-24,DRUG001,Atorvastatin 20mg,Pharmaceuticals,North America,1247,1.25,0.98,0,High,95.19
2023-09-24,DRUG001,Atorvastatin 20mg,Pharmaceuticals,Europe,776,1.25,1.19,0,High,97.76
2023-09-24,DRUG002,Amoxicillin 500mg,Pharmaceuticals,North America,645,0.85,1.08,0,Medium,95.16
2023-09-24,DRUG002,Amoxicillin 500mg,Pharmaceuticals,Europe,813,0.85,0.92,0,Medium,103.15
2023-09-24,DRUG003,Insulin Glargine 10ml,Pharmaceuticals,North America,910,25.0,1.07,0,Low,99.09
2023-09-24,DRUG003,Insulin Glargine 10ml,Pharmaceuticals,Europe,1135,25.0,1.06,0,Low,96.53
2023-09-24,SUPP001,Surgical Masks Box,Medical Supplies,North America,803,10.0,0.96,0,Low,96.92
2023-09-24,SUPP001,Surgical Masks Box,Medical Supplies,Europe,1058,10.0,1.17,0,Medium,98.84
2023-09-24,SUPP002,Surgical Gloves Box,Medical Supplies,North America,1266,12.5,0.97,0,Medium,103.23
2023-09-24,SUPP002,Surgical Gloves Box,Medical Supplies,Europe,1519,12.5,1.02,1,Medium,104.66
2023-09-25,DRUG001,Atorvastatin 20mg,Pharmaceuticals,North America,115,1.25,1.13,0,High,98.25
2023-09-25,DRUG001,Atorvastatin 20mg,Pharmaceuticals,Europe,1481,1.25,1.14,0,Medium,96.8
2023-09-25,DRUG002,Amoxicillin 500mg,Pharmaceuticals,North America,1168,0.85,0.94,0,Medium,96.21
2023-09-25,DRUG002,Amoxicillin 500mg,Pharmaceuticals,Europe,940,0.85,1.0,0,Low,103.01
2023-09-25,DRUG003,Insulin Glargine 10ml,Pharmaceuticals,North America,942,25.0,1.12,0,Low,100.41
2023-09-25,DRUG003,Insulin Glargine 10ml,Pharmaceuticals,Europe,598,25.0,1.19,0,Medium,104.69
2023-09-25,SUPP001,Surgical Masks Box,Medical Supplies,North America,1327,10.0,1.07,1,Medium,103.95
2023-09-25,SUPP001,Surgical Masks Box,Medical Supplies,Europe,1291,10.0,1.11,0,Low,98.03
2023-09-25,SUPP002,Surgical Gloves Box,Medical Supplies,North America,789,12.5,1.07,0,High,96.11
2023-09-25,SUPP002,Surgical Gloves Box,Medical Supplies,Europe,1292,12.5,1.15,0,Low,100.42
2023-09-26,DRUG001,Atorvastatin 20mg,Pharmaceuticals,North America,712,1.25,1.01,0,High,95.32
2023-09-26,DRUG001,Atorvastatin 20mg,Pharmaceuticals,Europe,645,1.25,1.1,0,Medium,98.56
2023-09-26,DRUG002,Amoxicillin 500mg,Pharmaceuticals,North America,1355,0.85,1.11,0,Medium,97.8
2023-09-26,DRUG002,Amoxicillin 500mg,Pharmaceuticals,Europe,1269,0.85,0.91,0,Medium,99.67
2023-09-26,DRUG003,Insulin Glargine 10ml,Pharmaceuticals,North America,688,25.0,0.99,0,Medium,100.68
2023-09-26,DRUG003,Insulin Glargine 10ml,Pharmaceuticals,Europe,1333,25.0,1.0,0,Medium,99.69
2023-09-26,SUPP001,Surgical Masks Box,Medical Supplies,North America,1680,10.0,1.1,0,Low,96.57
2023-09-26,SUPP001,Surgical Masks Box,Medical Supplies,Europe,1056,10.0,1.09,0,Medium,96.7
2023-09-26,SUPP002,Surgical Gloves Box,Medical Supplies,North America,1198,12.5,1.16,0,High,95.15
2023-09-26,SUPP002,Surgical Gloves Box,Medical Supplies,Europe,1153,12.5,0.93,0,Medium,95.7
2023-09-27,DRUG001,Atorvastatin 20mg,Pharmaceuticals,North America,0,1.25,0.99,0,Low,98.52
2023-09-27,DRUG001,Atorvastatin 20mg,Pharmaceuticals,Europe,865,1.25,1.13,0,Medium,103.16
2023-09-27,DRUG002,Amoxicillin 500mg,Pharmaceuticals,North America,1247,0.85,0.92,0,Low,98.15
2023-09-27,DRUG002,Amoxicillin 500mg,Pharmaceuticals,Europe,482,0.85,1.16,0,Medium,99.33
2023-09-27,DRUG003,Insulin Glargine 10ml,Pharmaceuticals,North America,1145,25.0,0.99,0,Medium,95.61
2023-09-27,DRUG003,Insulin Glargine 10ml,Pharmaceuticals,Europe,987,25.0,1.05,0,Low,95.7
2023-09-27,SUPP001,Surgical Masks Box,Medical Supplies,North America,1135,10.0,1.12,0,Medium,103.88
2023-09-27,SUPP001,Surgical Masks Box,Medical Supplies,Europe,823,10.0,1.13,0,High,101.43
2023-09-27,SUPP002,Surgical Gloves Box,Medical Supplies,North America,1331,12.5,1.18,0,Low,104.59
2023-09-27,SUPP002,Surgical Gloves Box,Medical Supplies,Europe,961,12.5,0.98,0,Low,96.19
2023-09-28,DRUG001,Atorvastatin 20mg,Pharmaceuticals,North America,977,1.25,1.11,1,Medium,100.18
2023-09-28,DRUG001,Atorvastatin 20mg,Pharmaceuticals,Europe,501,1.25,1.06,0,Medium,95.09
2023-09-28,DRUG002,Amoxicillin 500mg,Pharmaceuticals,North America,1090,0.85,0.96,0,High,104.76
2023-09-28,DRUG002,Amoxicillin 500mg,Pharmaceuticals,Europe,823,0.85,1.18,0,Medium,96.75
2023-09-28,DRUG003,Insulin Glargine 10ml,Pharmaceuticals,North America,1049,25.0,1.16,0,Medium,95.98
2023-09-28,DRUG003,Insulin Glargine 10ml,Pharmaceuticals,Europe,1038,25.0,0.91,0,Medium,104.96
2023-09-28,SUPP001,Surgical Masks Box,Medical Supplies,North America,1389,10.0,1.15,1,Low,104.5
2023-09-28,SUPP001,Surgical Masks Box,Medical Supplies,Europe,976,10.0,0.95,0,Medium,103.28
2023-09-28,SUPP002,Surgical Gloves Box,Medical Supplies,North America,1385,12.5,1.12,0,High,95.61
2023-09-28,SUPP002,Surgical Gloves Box,Medical Supplies,Europe,968,12.5,1.17,0,Medium,99.22
2023-09-29,DRUG001,Atorvastatin 20mg,Pharmaceuticals,North America,862,1.25,0.96,0,Low,99.89
2023-09-29,DRUG001,Atorvastatin 20mg,Pharmaceuticals,Europe,681,1.25,1.14,0,High,101.37
2023-09-29,DRUG002,Amoxicillin 500mg,Pharmaceuticals,North America,1328,0.85,1.03,0,Low,103.6
2023-09-29,DRUG002,Amoxicillin 500mg,Pharmaceuticals,Europe,1370,0.85,1.13,0,Medium,95.13
2023-09-29,DRUG003,Insulin Glargine 10ml,Pharmaceuticals,North America,1212,25.0,1.14,0,Medium,102.05
2023-09-29,DRUG003,Insulin Glargine 10ml,Pharmaceuticals,Europe,1232,25.0,0.95,0,Low,96.81
2023-09-29,SUPP001,Surgical Masks Box,Medical Supplies,North America,1640,10.0,0.94,0,Low,97.39
2023-09-29,SUPP001,Surgical Masks Box,Medical Supplies,Europe,899,10.0,0.97,0,Medium,99.38
2023-09-29,SUPP002,Surgical Gloves Box,Medical Supplies,North America,1220,12.5,0.94,0,High,95.8
2023-09-29,SUPP002,Surgical Gloves Box,Medical Supplies,Europe,1277,12.5,0.94,0,Medium,100.82
2023-09-30,DRUG001,Atorvastatin 20mg,Pharmaceuticals,North America,468,1.25,0.99,0,Low,96.32
2023-09-30,DRUG001,Atorvastatin 20mg,Pharmaceuticals,Europe,631,1.25,0.93,0,Low,104.62
2023-09-30,DRUG002,Amoxicillin 500mg,Pharmaceuticals,North America,1065,0.85,1.01,0,Low,96.83
2023-09-30,DRUG002,Amoxicillin 500mg,Pharmaceuticals,Europe,1010,0.85,0.94,1,High,95.45
2023-09-30,DRUG003,Insulin Glargine 10ml,Pharmaceuticals,North America,925,25.0,0.96,0,Low,99.57
2023-09-30,DRUG003,Insulin Glargine 10ml,Pharmaceuticals,Europe,661,25.0,0.98,0,Low,99.28
2023-09-30,SUPP001,Surgical Masks Box,Medical Supplies,North America,1272,10.0,0.92,0,High,102.7
2023-09-30,SUPP001,Surgical Masks Box,Medical Supplies,Europe,1121,10.0,1.19,0,High,102.07
2023-09-30,SUPP002,Surgical Gloves Box,Medical Supplies,North America,1042,12.5,1.18,0,High,101.73
2023-09-30,SUPP002,Surgical Gloves Box,Medical Supplies,Europe,1481,12.5,0.99,0,High,100.86
2023-10-01,DRUG001,Atorvastatin 20mg,Pharmaceuticals,North America,760,1.25,1.15,0,High,101.45
2023-10-01,DRUG001,Atorvastatin 20mg,Pharmaceuticals,Europe,862,1.25,1.01,0,Low,103.34
2023-10-01,DRUG002,Amoxicillin 500mg,Pharmaceuticals,North America,1068,0.85,1.05,0,High,95.32
2023-10-01,DRUG002,Amoxicillin 500mg,Pharmaceuticals,Europe,782,0.85,1.13,0,Low,99.3
2023-10-01,DRUG003,Insulin Glargine 10ml,Pharmaceuticals,North America,855,25.0,0.91,0,High,99.38
2023-10-01,DRUG003,Insulin Glargine 10ml,Pharmaceuticals,Europe,1009,25.0,1.07,0,Medium,97.25
2023-10-01,SUPP001,Surgical Masks Box,Medical Supplies,North America,1466,10.0,1.12,0,High,96.97
2023-10-01,SUPP001,Surgical Masks Box,Medical Supplies,Europe,1410,10.0,1.19,0,Medium,95.99
2023-10-01,SUPP002,Surgical Gloves Box,Medical Supplies,North America,1398,12.5,1.11,0,Medium,95.88
2023-10-01,SUPP002,Surgical Gloves Box,Medical Supplies,Europe,823,12.5,1.2,0,Low,103.59
2023-10-02,DRUG001,Atorvastatin 20mg,Pharmaceuticals,North America,932,1.25,1.12,0,Medium,98.4
2023-10-02,DRUG001,Atorvastatin 20mg,Pharmaceuticals,Europe,1194,1.25,1.0,0,Low,103.31
2023-10-02,DRUG002,Amoxicillin 500mg,Pharmaceuticals,North America,667,0.85,1.17,0,Medium,104.56
2023-10-02,DRUG002,Amoxicillin 500mg,Pharmaceuticals,Europe,495,0.85,1.17,0,Medium,104.71
2023-10-02,DRUG003,Insulin Glargine 10ml,Pharmaceuticals,North America,571,25.0,0.96,0,Medium,102.7
2023-10-02,DRUG003,Insulin Glargine 10ml,Pharmaceuticals,Europe,573,25.0,1.19,0,Low,95.4
2023-10-02,SUPP001,Surgical Masks Box,Medical Supplies,North America,1181,10.0,1.08,0,High,104.93
2023-10-02,SUPP001,Surgical Masks Box,Medical Supplies,Europe,915,10.0,0.93,0,Low,100.24
2023-10-02,SUPP002,Surgical Gloves Box,Medical Supplies,North America,749,12.5,0.92,0,Low,99.12
2023-10-02,SUPP002,Surgical Gloves Box,Medical Supplies,Europe,792,12.5,0.92,0,Low,103.35
2023-10-03,DRUG001,Atorvastatin 20mg,Pharmaceuticals,North America,808,1.25,1.16,0,Low,95.72
2023-10-03,DRUG001,Atorvastatin 20mg,Pharmaceuticals,Europe,675,1.25,1.11,0,Medium,99.45
2023-10-03,DRUG002,Amoxicillin 500mg,Pharmaceuticals,North America,807,0.85,1.12,1,Low,100.24
2023-10-03,DRUG002,Amoxicillin 500mg,Pharmaceuticals,Europe,392,0.85,0.91,0,High,98.62
2023-10-03,DRUG003,Insulin Glargine 10ml,Pharmaceuticals,North America,1055,25.0,1.18,0,Low,97.31
2023-10-03,DRUG003,Insulin Glargine 10ml,Pharmaceuticals,Europe,1182,25.0,1.02,0,Medium,99.71
2023-10-03,SUPP001,Surgical Masks Box,Medical Supplies,North America,975,10.0,1.14,1,High,97.09
2023-10-03,SUPP001,Surgical Masks Box,Medical Supplies,Europe,1169,10.0,1.05,0,Low,98.61
2023-10-03,SUPP002,Surgical Gloves Box,Medical Supplies,North America,943,12.5,1.06,1,Low,99.88
2023-10-03,SUPP002,Surgical Gloves Box,Medical Supplies,Europe,1382,12.5,1.13,0,Medium,97.39
2023-10-04,DRUG001,Atorvastatin 20mg,Pharmaceuticals,North America,883,1.25,1.0,0,Low,97.85
2023-10-04,DRUG001,Atorvastatin 20mg,Pharmaceuticals,Europe,1247,1.25,1.02,0,Medium,101.0
2023-10-04,DRUG002,Amoxicillin 500mg,Pharmaceuticals,North America,1575,0.85,0.99,0,Medium,103.51
2023-10-04,DRUG002,Amoxicillin 500mg,Pharmaceuticals,Europe,1248,0.85,0.98,0,Medium,100.33
2023-10-04,DRUG003,Insulin Glargine 10ml,Pharmaceuticals,North America,902,25.0,1.12,0,Medium,103.28
2023-10-04,DRUG003,Insulin Glargine 10ml,Pharmaceuticals,Europe,1034,25.0,1.04,0,High,103.89
2023-10-04,SUPP001,Surgical Masks Box,Medical Supplies,North America,860,10.0,0.96,1,Medium,103.52
2023-10-04,SUPP001,Surgical Masks Box,Medical Supplies,Europe,1427,10.0,1.0,0,High,100.22
2023-10-04,SUPP002,Surgical Gloves Box,Medical Supplies,North America,887,12.5,1.04,0,Medium,99.19
2023-10-04,SUPP002,Surgical Gloves Box,Medical Supplies,Europe,855,12.5,1.13,0,High,96.81
2023-10-05,DRUG001,Atorvastatin 20mg,Pharmaceuticals,North America,755,1.25,1.12,1,High,100.56
2023-10-05,DRUG001,Atorvastatin 20mg,Pharmaceuticals,Europe,1054,1.25,1.05,0,High,104.89
2023-10-05,DRUG002,Amoxicillin 500mg,Pharmaceuticals,North America,857,0.85,0.93,0,Medium,103.53
2023-10-05,DRUG002,Amoxicillin 500mg,Pharmaceuticals,Europe,800,0.85,1.13,0,Medium,102.09
2023-10-05,DRUG003,Insulin Glargine 10ml,Pharmaceuticals,North America,1329,25.0,1.1,0,Medium,103.85
2023-10-05,DRUG003,Insulin Glargine 10ml,Pharmaceuticals,Europe,894,25.0,0.98,0,Medium,99.93
2023-10-05,SUPP001,Surgical Masks Box,Medical Supplies,North America,907,10.0,1.01,0,Medium,100.16
2023-10-05,SUPP001,Surgical Masks Box,Medical Supplies,Europe,1235,10.0,1.0,0,Medium,96.2
2023-10-05,SUPP002,Surgical Gloves Box,Medical Supplies,North America,1087,12.5,0.96,0,Medium,96.85
2023-10-05,SUPP002,Surgical Gloves Box,Medical Supplies,Europe,1118,12.5,0.98,0,Medium,101.39
2023-10-06,DRUG001,Atorvastatin 20mg,Pharmaceuticals,North America,1467,1.25,1.13,0,Medium,98.34
2023-10-06,DRUG001,Atorvastatin 20mg,Pharmaceuticals,Europe,1056,1.25,1.16,0,High,100.46
2023-10-06,DRUG002,Amoxicillin 500mg,Pharmaceuticals,North America,1067,0.85,1.01,0,Medium,103.36
2023-10-06,DRUG002,Amoxicillin 500mg,Pharmaceuticals,Europe,554,0.85,1.1,0,Low,104.84
2023-10-06,DRUG003,Insulin Glargine 10ml,Pharmaceuticals,North America,1129,25.0,1.0,0,Low,100.38
2023-10-06,DRUG003,Insulin Glargine 10ml,Pharmaceuticals,Europe,1152,25.0,0.94,0,Medium,98.9
2023-10-06,SUPP001,Surgical Masks Box,Medical Supplies,North America,1320,10.0,0.93,0,Low,95.37
2023-10-06,SUPP001,Surgical Masks Box,Medical Supplies,Europe,998,10.0,0.96,0,Medium,103.73
2023-10-06,SUPP002,Surgical Gloves Box,Medical Supplies,North America,874,12.5,1.12,0,Medium,96.68
2023-10-06,SUPP002,Surgical Gloves Box,Medical Supplies,Europe,1006,12.5,1.0,0,High,98.71
2023-10-07,DRUG001,Atorvastatin 20mg,Pharmaceuticals,North America,869,1.25,1.14,0,Low,98.03
2023-10-07,DRUG001,Atorvastatin 20mg,Pharmaceuticals,Europe,1139,1.25,0.94,0,Low,101.44
2023-10-07,DRUG002,Amoxicillin 500mg,Pharmaceuticals,North America,1699,0.85,1.17,0,Medium,99.72
2023-10-07,DRUG002,Amoxicillin 500mg,Pharmaceuticals,Europe,1388,0.85,0.98,0,Medium,95.53
2023-10-07,DRUG003,Insulin Glargine 10ml,Pharmaceuticals,North America,443,25.0,1.06,0,High,103.95
2023-10-07,DRUG003,Insulin Glargine 10ml,Pharmaceuticals,Europe,1145,25.0,0.96,0,Medium,95.96
2023-10-07,SUPP001,Surgical Masks Box,Medical Supplies,North America,615,10.0,1.17,0,Medium,100.2
2023-10-07,SUPP001,Surgical Masks Box,Medical Supplies,Europe,775,10.0,1.18,1,High,96.25
2023-10-07,SUPP002,Surgical Gloves Box,Medical Supplies,North America,1143,12.5,1.06,0,Low,103.88
2023-10-07,SUPP002,Surgical Gloves Box,Medical Supplies,Europe,724,12.5,1.16,0,High,100.94
2023-10-08,DRUG001,Atorvastatin 20mg,Pharmaceuticals,North America,905,1.25,0.93,0,Medium,100.51
2023-10-08,DRUG001,Atorvastatin 20mg,Pharmaceuticals,Europe,1397,1.25,0.93,1,Low,96.99
2023-10-08,DRUG002,Amoxicillin 500mg,Pharmaceuticals,North America,1752,0.85,1.03,0,Medium,101.1
2023-10-08,DRUG002,Amoxicillin 500mg,Pharmaceuticals,Europe,1542,0.85,1.12,0,Medium,103.84
2023-10-08,DRUG003,Insulin Glargine 10ml,Pharmaceuticals,North America,985,25.0,1.18,0,Medium,104.82
2023-10-08,DRUG003,Insulin Glargine 10ml,Pharmaceuticals,Europe,924,25.0,0.96,0,High,103.68
2023-10-08,SUPP001,Surgical Masks Box,Medical Supplies,North America,1452,10.0,1.15,0,Low,95.17
2023-10-08,SUPP001,Surgical Masks Box,Medical Supplies,Europe,109,10.0,1.04,0,High,104.56
2023-10-08,SUPP002,Surgical Gloves Box,Medical Supplies,North America,1062,12.5,1.03,0,Medium,100.38
2023-10-08,SUPP002,Surgical Gloves Box,Medical Supplies,Europe,1295,12.5,0.93,1,Medium,98.63
2023-10-09,DRUG001,Atorvastatin 20mg,Pharmaceuticals,North America,1439,1.25,0.96,0,Low,96.87
2023-10-09,DRUG001,Atorvastatin 20mg,Pharmaceuticals,Europe,1327,1.25,1.02,0,High,103.09
2023-10-09,DRUG002,Amoxicillin 500mg,Pharmaceuticals,North America,1030,0.85,0.99,0,Medium,104.71
2023-10-09,DRUG002,Amoxicillin 500mg,Pharmaceuticals,Europe,773,0.85,0.98,0,Medium,97.39
2023-10-09,DRUG003,Insulin Glargine 10ml,Pharmaceuticals,North America,602,25.0,1.03,0,Low,100.22
2023-10-09,DRUG003,Insulin Glargine 10ml,Pharmaceuticals,Europe,1631,25.0,1.0,0,Low,97.79
2023-10-09,SUPP001,Surgical Masks Box,Medical Supplies,North America,702,10.0,1.05,0,Medium,103.04
2023-10-09,SUPP001,Surgical Masks Box,Medical Supplies,Europe,913,10.0,1.04,0,High,99.28
2023-10-09,SUPP002,Surgical Gloves Box,Medical Supplies,North America,828,12.5,1.03,0,Low,98.39
2023-10-09,SUPP002,Surgical Gloves Box,Medical Supplies,Europe,1528,12.5,0.97,0,Low,100.79
2023-10-10,DRUG001,Atorvastatin 20mg,Pharmaceuticals,North America,1181,1.25,1.01,1,Medium,98.99
2023-10-10,DRUG001,Atorvastatin 20mg,Pharmaceuticals,Europe,1188,1.25,1.15,0,Medium,96.96
2023-10-10,DRUG002,Amoxicillin 500mg,Pharmaceuticals,North America,1337,0.85,1.05,0,Medium,103.42
2023-10-10,DRUG002,Amoxicillin 500mg,Pharmaceuticals,Europe,970,0.85,0.99,0,Low,101.9
2023-10-10,DRUG003,Insulin Glargine 10ml,Pharmaceuticals,North America,746,25.0,0.94,0,Low,99.16
2023-10-10,DRUG003,Insulin Glargine 10ml,Pharmaceuticals,Europe,1523,25.0,1.02,0,Medium,101.07
2023-10-10,SUPP001,Surgical Masks Box,Medical Supplies,North America,849,10.0,1.07,0,Medium,103.9
2023-10-10,SUPP001,Surgical Masks Box,Medical Supplies,Europe,1159,10.0,1.03,0,High,104.21
2023-10-10,SUPP002,Surgical Gloves Box,Medical Supplies,North America,898,12.5,0.93,0,Low,95.69
2023-10-10,SUPP002,Surgical Gloves Box,Medical Supplies,Europe,1585,12.5,1.06,0,Low,99.23
2023-10-11,DRUG001,Atorvastatin 20mg,Pharmaceuticals,North America,967,1.25,0.92,0,Medium,103.09
2023-10-11,DRUG001,Atorvastatin 20mg,Pharmaceuticals,Europe,965,1.25,1.04,0,Low,95.69
2023-10-11,DRUG002,Amoxicillin 500mg,Pharmaceuticals,North America,1089,0.85,1.12,0,Low,96.18
2023-10-11,DRUG002,Amoxicillin 500mg,Pharmaceuticals,Europe,503,0.85,1.13,0,Medium,100.13
2023-10-11,DRUG003,Insulin Glargine 10ml,Pharmaceuticals,North America,1124,25.0,1.18,0,Medium,97.66
2023-10-11,DRUG003,Insulin Glargine 10ml,Pharmaceuticals,Europe,1072,25.0,1.18,0,Low,99.33
2023-10-11,SUPP001,Surgical Masks Box,Medical Supplies,North America,1002,10.0,1.07,0,Low,104.44
2023-10-11,SUPP001,Surgical Masks Box,Medical Supplies,Europe,675,10.0,1.13,0,Low,102.61
2023-10-11,SUPP002,Surgical Gloves Box,Medical Supplies,North America,570,12.5,0.94,0,Low,104.98
2023-10-11,SUPP002,Surgical Gloves Box,Medical Supplies,Europe,978,12.5,0.91,0,Medium,98.01
2023-10-12,DRUG001,Atorvastatin 20mg,Pharmaceuticals,North America,659,1.25,1.14,0,Medium,102.16
2023-10-12,DRUG001,Atorvastatin 20mg,Pharmaceuticals,Europe,1069,1.25,1.17,0,Medium,98.88
2023-10-12,DRUG002,Amoxicillin 500mg,Pharmaceuticals,North America,1472,0.85,1.16,0,Low,102.76
2023-10-12,DRUG002,Amoxicillin 500mg,Pharmaceuticals,Europe,1005,0.85,1.03,0,Medium,101.03
2023-10-12,DRUG003,Insulin Glargine 10ml,Pharmaceuticals,North America,999,25.0,0.96,0,Low,100.59
2023-10-12,DRUG003,Insulin Glargine 10ml,Pharmaceuticals,Europe,1010,25.0,1.06,0,Medium,102.41
2023-10-12,SUPP001,Surgical Masks Box,Medical Supplies,North America,757,10.0,1.2,0,Medium,99.53
2023-10-12,SUPP001,Surgical Masks Box,Medical Supplies,Europe,624,10.0,1.14,0,Medium,103.55
2023-10-12,SUPP002,Surgical Gloves Box,Medical Supplies,North America,1036,12.5,0.97,0,Medium,101.51
2023-10-12,SUPP002,Surgical Gloves Box,Medical Supplies,Europe,1198,12.5,0.95,0,Medium,97.51
2023-10-13,DRUG001,Atorvastatin 20mg,Pharmaceuticals,North America,1504,1.25,1.07,0,Low,97.19
2023-10-13,DRUG001,Atorvastatin 20mg,Pharmaceuticals,Europe,999,1.25,0.98,0,Medium,97.03
2023-10-13,DRUG002,Amoxicillin 500mg,Pharmaceuticals,North America,993,0.85,1.16,0,Medium,102.07
2023-10-13,DRUG002,Amoxicillin 500mg,Pharmaceuticals,Europe,1103,0.85,0.96,0,Low,103.32
2023-10-13,DRUG003,Insulin Glargine 10ml,Pharmaceuticals,North America,1021,25.0,0.93,0,Low,101.54
2023-10-13,DRUG003,Insulin Glargine 10ml,Pharmaceuticals,Europe,967,25.0,1.05,0,Medium,104.48
2023-10-13,SUPP001,Surgical Masks Box,Medical Supplies,North America,1369,10.0,1.02,0,High,99.15
2023-10-13,SUPP001,Surgical Masks Box,Medical Supplies,Europe,1131,10.0,1.06,0,Low,101.42
2023-10-13,SUPP002,Surgical Gloves Box,Medical Supplies,North America,1186,12.5,0.94,0,Low,99.96
2023-10-13,SUPP002,Surgical Gloves Box,Medical Supplies,Europe,1491,12.5,1.16,0,Low,103.9
2023-10-14,DRUG001,Atorvastatin 20mg,Pharmaceuticals,North America,1502,1.25,0.94,0,Low,99.38
2023-10-14,DRUG001,Atorvastatin 20mg,Pharmaceuticals,Europe,941,1.25,0.91,0,Low,97.4
2023-10-14,DRUG002,Amoxicillin 500mg,Pharmaceuticals,North America,1089,0.85,0.91,0,Low,104.45
2023-10-14,DRUG002,Amoxicillin 500mg,Pharmaceuticals,Europe,812,0.85,1.18,0,Medium,95.28
2023-10-14,DRUG003,Insulin Glargine 10ml,Pharmaceuticals,North America,1012,25.0,0.91,0,Low,98.93
2023-10-14,DRUG003,Insulin Glargine 10ml,Pharmaceuticals,Europe,1228,25.0,1.1,0,Low,96.19
2023-10-14,SUPP001,Surgical Masks Box,Medical Supplies,North America,883,10.0,1.14,0,Medium,98.43
2023-10-14,SUPP001,Surgical Masks Box,Medical Supplies,Europe,925,10.0,0.97,0,Medium,99.0
2023-10-14,SUPP002,Surgical Gloves Box,Medical Supplies,North America,927,12.5,0.99,0,Medium,95.27
2023-10-14,SUPP002,Surgical Gloves Box,Medical Supplies,Europe,1774,12.5,1.04,0,Low,100.61
2023-10-15,DRUG001,Atorvastatin 20mg,Pharmaceuticals,North America,959,1.25,1.07,0,Medium,102.44
2023-10-15,DRUG001,Atorvastatin 20mg,Pharmaceuticals,Europe,784,1.25,1.17,0,Low,103.27
2023-10-15,DRUG002,Amoxicillin 500mg,Pharmaceuticals,North America,1214,0.85,0.92,0,Medium,95.36
2023-10-15,DRUG002,Amoxicillin 500mg,Pharmaceuticals,Europe,1092,0.85,1.05,0,Low,97.73
2023-10-15,DRUG003,Insulin Glargine 10ml,Pharmaceuticals,North America,852,25.0,1.16,0,Low,104.85
2023-10-15,DRUG003,Insulin Glargine 10ml,Pharmaceuticals,Europe,1653,25.0,1.17,0,Medium,96.1
2023-10-15,SUPP001,Surgical Masks Box,Medical Supplies,North America,1237,10.0,1.11,1,Medium,99.18
2023-10-15,SUPP001,Surgical Masks Box,Medical Supplies,Europe,828,10.0,1.11,1,Medium,102.62
2023-10-15,SUPP002,Surgical Gloves Box,Medical Supplies,North America,1236,12.5,1.19,0,Medium,101.81
2023-10-15,SUPP002,Surgical Gloves Box,Medical Supplies,Europe,1137,12.5,0.97,0,Low,98.33
2023-10-16,DRUG001,Atorvastatin 20mg,Pharmaceuticals,North America,1382,1.25,1.03,0,Low,96.59
2023-10-16,DRUG001,Atorvastatin 20mg,Pharmaceuticals,Europe,234,1.25,0.91,0,Medium,102.86
2023-10-16,DRUG002,Amoxicillin 500mg,Pharmaceuticals,North America,750,0.85,1.19,0,Low,97.9
2023-10-16,DRUG002,Amoxicillin 500mg,Pharmaceuticals,Europe,1319,0.85,1.06,0,Low,96.76
2023-10-16,DRUG003,Insulin Glargine 10ml,Pharmaceuticals,North America,1023,25.0,0.9,0,Medium,100.11
2023-10-16,DRUG003,Insulin Glargine 10ml,Pharmaceuticals,Europe,1463,25.0,0.96,0,High,95.73
2023-10-16,SUPP001,Surgical Masks Box,Medical Supplies,North America,710,10.0,0.97,0,High,104.13
2023-10-16,SUPP001,Surgical Masks Box,Medical Supplies,Europe,756,10.0,0.96,0,Medium,100.22
2023-10-16,SUPP002,Surgical Gloves Box,Medical Supplies,North America,601,12.5,1.05,0,Medium,102.64
2023-10-16,SUPP002,Surgical Gloves Box,Medical Supplies,Europe,914,12.5,0.94,0,High,100.36
2023-10-17,DRUG001,Atorvastatin 20mg,Pharmaceuticals,North America,1763,1.25,1.16,0,Low,99.07
2023-10-17,DRUG001,Atorvastatin 20mg,Pharmaceuticals,Europe,1513,1.25,1.16,1,High,104.59
2023-10-17,DRUG002,Amoxicillin 500mg,Pharmaceuticals,North America,878,0.85,1.15,0,Low,101.2
2023-10-17,DRUG002,Amoxicillin 500mg,Pharmaceuticals,Europe,715,0.85,1.18,0,Low,99.58
2023-10-17,DRUG003,Insulin Glargine 10ml,Pharmaceuticals,North America,1352,25.0,1.03,0,High,100.44
2023-10-17,DRUG003,Insulin Glargine 10ml,Pharmaceuticals,Europe,436,25.0,1.04,1,Low,96.89
2023-10-17,SUPP001,Surgical Masks Box,Medical Supplies,North America,816,10.0,1.14,0,Low,100.17
2023-10-17,SUPP001,Surgical Masks Box,Medical Supplies,Europe,1236,10.0,0.96,0,Medium,104.24
2023-10-17,SUPP002,Surgical Gloves Box,Medical Supplies,North America,821,12.5,1.14,0,Medium,103.32
2023-10-17,SUPP002,Surgical Gloves Box,Medical Supplies,Europe,1158,12.5,1.07,0,Medium,97.98
2023-10-18,DRUG001,Atorvastatin 20mg,Pharmaceuticals,North America,1129,1.25,0.97,0,Low,101.08
2023-10-18,DRUG001,Atorvastatin 20mg,Pharmaceuticals,Europe,647,1.25,1.01,0,Low,99.86
2023-10-18,DRUG002,Amoxicillin 500mg,Pharmaceuticals,North America,1520,0.85,1.01,1,High,103.48
2023-10-18,DRUG002,Amoxicillin 500mg,Pharmaceuticals,Europe,678,0.85,1.18,0,Medium,102.42
2023-10-18,DRUG003,Insulin Glargine 10ml,Pharmaceuticals,North America,1196,25.0,1.11,1,Low,103.33
2023-10-18,DRUG003,Insulin Glargine 10ml,Pharmaceuticals,Europe,1098,25.0,1.11,0,Low,102.86
2023-10-18,SUPP001,Surgical Masks Box,Medical Supplies,North America,949,10.0,1.09,0,High,99.79
2023-10-18,SUPP001,Surgical Masks Box,Medical Supplies,Europe,1071,10.0,0.97,0,Medium,95.76
2023-10-18,SUPP002,Surgical Gloves Box,Medical Supplies,North America,1202,12.5,1.16,0,High,101.99
2023-10-18,SUPP002,Surgical Gloves Box,Medical Supplies,Europe,1048,12.5,0.95,0,Low,103.38
2023-10-19,DRUG001,Atorvastatin 20mg,Pharmaceuticals,North America,1148,1.25,1.13,0,Low,103.93
2023-10-19,DRUG001,Atorvastatin 20mg,Pharmaceuticals,Europe,1444,1.25,0.97,0,Medium,96.69
2023-10-19,DRUG002,Amoxicillin 500mg,Pharmaceuticals,North America,996,0.85,0.92,1,Medium,101.99
2023-10-19,DRUG002,Amoxicillin 500mg,Pharmaceuticals,Europe,1131,0.85,1.06,0,Low,97.68
2023-10-19,DRUG003,Insulin Glargine 10ml,Pharmaceuticals,North America,757,25.0,1.11,0,Low,95.03
2023-10-19,DRUG003,Insulin Glargine 10ml,Pharmaceuticals,Europe,982,25.0,1.12,0,Low,100.64
2023-10-19,SUPP001,Surgical Masks Box,Medical Supplies,North America,1176,10.0,0.9,0,Medium,104.18
2023-10-19,SUPP001,Surgical Masks Box,Medical Supplies,Europe,606,10.0,1.01,0,Medium,104.27
2023-10-19,SUPP002,Surgical Gloves Box,Medical Supplies,North America,509,12.5,1.17,0,Low,95.82
2023-10-19,SUPP002,Surgical Gloves Box,Medical Supplies,Europe,724,12.5,1.15,0,High,99.51
2023-10-20,DRUG001,Atorvastatin 20mg,Pharmaceuticals,North America,1139,1.25,1.1,0,Low,101.56
2023-10-20,DRUG001,Atorvastatin 20mg,Pharmaceuticals,Europe,649,1.25,1.15,0,High,97.01
2023-10-20,DRUG002,Amoxicillin 500mg,Pharmaceuticals,North America,901,0.85,0.9,0,High,101.56
2023-10-20,DRUG002,Amoxicillin 500mg,Pharmaceuticals,Europe,1215,0.85,0.97,0,Medium,103.98
2023-10-20,DRUG003,Insulin Glargine 10ml,Pharmaceuticals,North America,1085,25.0,0.99,0,High,99.27
2023-10-20,DRUG003,Insulin Glargine 10ml,Pharmaceuticals,Europe,908,25.0,1.01,0,Medium,101.84
2023-10-20,SUPP001,Surgical Masks Box,Medical Supplies,North America,687,10.0,1.15,0,High,97.51
2023-10-20,SUPP001,Surgical Masks Box,Medical Supplies,Europe,1110,10.0,1.12,0,Low,98.1
2023-10-20,SUPP002,Surgical Gloves Box,Medical Supplies,North America,1110,12.5,1.16,0,Medium,102.53
2023-10-20,SUPP002,Surgical Gloves Box,Medical Supplies,Europe,1480,12.5,0.95,0,Medium,98.56
2023-10-21,DRUG001,Atorvastatin 20mg,Pharmaceuticals,North America,1353,1.25,0.96,0,High,100.65
2023-10-21,DRUG001,Atorvastatin 20mg,Pharmaceuticals,Europe,662,1.25,1.08,0,High,97.85
2023-10-21,DRUG002,Amoxicillin 500mg,Pharmaceuticals,North America,1070,0.85,1.08,0,Medium,95.6
2023-10-21,DRUG002,Amoxicillin 500mg,Pharmaceuticals,Europe,1016,0.85,1.14,0,Medium,95.23
2023-10-21,DRUG003,Insulin Glargine 10ml,Pharmaceuticals,North America,977,25.0,1.05,0,Medium,98.41
2023-10-21,DRUG003,Insulin Glargine 10ml,Pharmaceuticals,Europe,1024,25.0,1.04,0,Medium,98.59
2023-10-21,SUPP001,Surgical Masks Box,Medical Supplies,North America,543,10.0,1.2,0,Low,99.77
2023-10-21,SUPP001,Surgical Masks Box,Medical Supplies,Europe,1115,10.0,1.16,0,Medium,100.48
2023-10-21,SUPP002,Surgical Gloves Box,Medical Supplies,North America,1122,12.5,1.01,0,High,101.39
2023-10-21,SUPP002,Surgical Gloves Box,Medical Supplies,Europe,872,12.5,1.17,0,Medium,103.36
2023-10-22,DRUG001,Atorvastatin 20mg,Pharmaceuticals,North America,802,1.25,1.05,0,Medium,100.47
2023-10-22,DRUG001,Atorvastatin 20mg,Pharmaceuticals,Europe,1052,1.25,1.19,0,Medium,97.12
2023-10-22,DRUG002,Amoxicillin 500mg,Pharmaceuticals,North America,1444,0.85,1.12,0,High,95.77
2023-10-22,DRUG002,Amoxicillin 500mg,Pharmaceuticals,Europe,1227,0.85,1.0,0,Medium,96.91
2023-10-22,DRUG003,Insulin Glargine 10ml,Pharmaceuticals,North America,351,25.0,1.02,0,Medium,95.26
2023-10-22,DRUG003,Insulin Glargine 10ml,Pharmaceuticals,Europe,1369,25.0,0.92,0,High,101.88
2023-10-22,SUPP001,Surgical Masks Box,Medical Supplies,North America,1167,10.0,1.1,0,Medium,98.79
2023-10-22,SUPP001,Surgical Masks Box,Medical Supplies,Europe,948,10.0,1.04,0,Low,102.78
2023-10-22,SUPP002,Surgical Gloves Box,Medical Supplies,North America,1092,12.5,1.04,0,Low,98.74
2023-10-22,SUPP002,Surgical Gloves Box,Medical Supplies,Europe,1163,12.5,1.04,0,Low,104.9
2023-10-23,DRUG001,Atorvastatin 20mg,Pharmaceuticals,North America,1301,1.25,1.06,0,Medium,102.1
2023-10-23,DRUG001,Atorvastatin 20mg,Pharmaceuticals,Europe,882,1.25,1.06,0,Low,101.56
2023-10-23,DRUG002,Amoxicillin 500mg,Pharmaceuticals,North America,1135,0.85,0.99,0,Medium,100.96
2023-10-23,DRUG002,Amoxicillin 500mg,Pharmaceuticals,Europe,920,0.85,1.02,0,Low,102.44
2023-10-23,DRUG003,Insulin Glargine 10ml,Pharmaceuticals,North America,1244,25.0,1.09,0,Low,103.09
2023-10-23,DRUG003,Insulin Glargine 10ml,Pharmaceuticals,Europe,1352,25.0,1.05,0,Low,95.63
2023-10-23,SUPP001,Surgical Masks Box,Medical Supplies,North America,1333,10.0,1.18,0,High,104.08
2023-10-23,SUPP001,Surgical Masks Box,Medical Supplies,Europe,834,10.0,1.06,0,Medium,97.14
2023-10-23,SUPP002,Surgical Gloves Box,Medical Supplies,North America,734,12.5,1.05,0,Low,99.53
2023-10-23,SUPP002,Surgical Gloves Box,Medical Supplies,Europe,768,12.5,1.16,0,High,96.96
2023-10-24,DRUG001,Atorvastatin 20mg,Pharmaceuticals,North America,1081,1.25,1.04,0,Medium,102.51
2023-10-24,DRUG001,Atorvastatin 20mg,Pharmaceuticals,Europe,638,1.25,1.18,0,Low,100.51
2023-10-24,DRUG002,Amoxicillin 500mg,Pharmaceuticals,North America,900,0.85,0.96,0,Low,95.32
2023-10-24,DRUG002,Amoxicillin 500mg,Pharmaceuticals,Europe,816,0.85,1.1,0,Medium,101.6
2023-10-24,DRUG003,Insulin Glargine 10ml,Pharmaceuticals,North America,896,25.0,0.94,0,Medium,97.02
2023-10-24,DRUG003,Insulin Glargine 10ml,Pharmaceuticals,Europe,809,25.0,1.0,1,Medium,103.01
2023-10-24,SUPP001,Surgical Masks Box,Medical Supplies,North America,748,10.0,1.14,0,Medium,100.53
2023-10-24,SUPP001,Surgical Masks Box,Medical Supplies,Europe,795,10.0,1.07,0,Low,98.53
2023-10-24,SUPP002,Surgical Gloves Box,Medical Supplies,North America,883,12.5,1.06,0,High,99.35
2023-10-24,SUPP002,Surgical Gloves Box,Medical Supplies,Europe,1225,12.5,1.03,0,High,102.31
2023-10-25,DRUG001,Atorvastatin 20mg,Pharmaceuticals,North America,406,1.25,1.08,0,High,96.08
2023-10-25,DRUG001,Atorvastatin 20mg,Pharmaceuticals,Europe,875,1.25,1.03,0,High,101.78
2023-10-25,DRUG002,Amoxicillin 500mg,Pharmaceuticals,North America,890,0.85,1.07,0,High,102.53
2023-10-25,DRUG002,Amoxicillin 500mg,Pharmaceuticals,Europe,978,0.85,1.04,0,High,97.88
2023-10-25,DRUG003,Insulin Glargine 10ml,Pharmaceuticals,North America,1146,25.0,0.96,0,Low,97.37
2023-10-25,DRUG003,Insulin Glargine 10ml,Pharmaceuticals,Europe,1141,25.0,1.13,0,Medium,97.52
2023-10-25,SUPP001,Surgical Masks Box,Medical Supplies,North America,1062,10.0,0.97,0,Low,96.1
2023-10-25,SUPP001,Surgical Masks Box,Medical Supplies,Europe,986,10.0,1.05,0,Medium,103.18
2023-10-25,SUPP002,Surgical Gloves Box,Medical Supplies,North America,851,12.5,1.09,0,Medium,101.85
2023-10-25,SUPP002,Surgical Gloves Box,Medical Supplies,Europe,1014,12.5,0.96,0,High,103.13
2023-10-26,DRUG001,Atorvastatin 20mg,Pharmaceuticals,North America,1224,1.25,1.17,0,High,95.09
2023-10-26,DRUG001,Atorvastatin 20mg,Pharmaceuticals,Europe,493,1.25,0.9,0,Medium,102.89
2023-10-26,DRUG002,Amoxicillin 500mg,Pharmaceuticals,North America,1088,0.85,0.95,0,Medium,95.83
2023-10-26,DRUG002,Amoxicillin 500mg,Pharmaceuticals,Europe,941,0.85,0.99,0,High,102.08
2023-10-26,DRUG003,Insulin Glargine 10ml,Pharmaceuticals,North America,976,25.0,0.99,0,Medium,95.29
2023-10-26,DRUG003,Insulin Glargine 10ml,Pharmaceuticals,Europe,1712,25.0,0.96,0,Medium,95.44
2023-10-26,SUPP001,Surgical Masks Box,Medical Supplies,North America,1368,10.0,0.92,1,Low,103.55
2023-10-26,SUPP001,Surgical Masks Box,Medical Supplies,Europe,1660,10.0,0.9,0,Low,102.58
2023-10-26,SUPP002,Surgical Gloves Box,Medical Supplies,North America,1400,12.5,1.02,0,Medium,95.71
2023-10-26,SUPP002,Surgical Gloves Box,Medical Supplies,Europe,767,12.5,1.18,0,Medium,102.23
2023-10-27,DRUG001,Atorvastatin 20mg,Pharmaceuticals,North America,601,1.25,1.13,0,High,98.76
2023-10-27,DRUG001,Atorvastatin 20mg,Pharmaceuticals,Europe,849,1.25,1.05,0,Low,102.51
2023-10-27,DRUG002,Amoxicillin 500mg,Pharmaceuticals,North America,749,0.85,1.02,0,High,101.67
2023-10-27,DRUG002,Amoxicillin 500mg,Pharmaceuticals,Europe,440,0.85,1.04,0,Medium,95.61
2023-10-27,DRUG003,Insulin Glargine 10ml,Pharmaceuticals,North America,1385,25.0,0.99,0,High,103.37
2023-10-27,DRUG003,Insulin Glargine 10ml,Pharmaceuticals,Europe,948,25.0,1.1,0,Low,95.16
2023-10-27,SUPP001,Surgical Masks Box,Medical Supplies,North America,903,10.0,1.07,0,Low,96.81
2023-10-27,SUPP001,Surgical Masks Box,Medical Supplies,Europe,817,10.0,1.09,0,Medium,97.51
2023-10-27,SUPP002,Surgical Gloves Box,Medical Supplies,North America,766,12.5,0.97,0,High,101.48
2023-10-27,SUPP002,Surgical Gloves Box,Medical Supplies,Europe,925,12.5,1.18,0,Low,104.97
2023-10-28,DRUG001,Atorvastatin 20mg,Pharmaceuticals,North America,1088,1.25,0.98,0,Medium,99.36
2023-10-28,DRUG001,Atorvastatin 20mg,Pharmaceuticals,Europe,805,1.25,0.98,0,Low,104.59
2023-10-28,DRUG002,Amoxicillin 500mg,Pharmaceuticals,North America,941,0.85,0.96,0,Low,97.1
2023-10-28,DRUG002,Amoxicillin 500mg,Pharmaceuticals,Europe,1422,0.85,1.01,0,Low,96.22
2023-10-28,DRUG003,Insulin Glargine 10ml,Pharmaceuticals,North America,462,25.0,1.07,0,Medium,96.12
2023-10-28,DRUG003,Insulin Glargine 10ml,Pharmaceuticals,Europe,985,25.0,0.94,0,High,97.35
2023-10-28,SUPP001,Surgical Masks Box,Medical Supplies,North America,1457,10.0,1.01,0,Medium,104.35
2023-10-28,SUPP001,Surgical Masks Box,Medical Supplies,Europe,1230,10.0,0.92,0,Low,103.68
2023-10-28,SUPP002,Surgical Gloves Box,Medical Supplies,North America,1105,12.5,0.93,0,Low,100.61
2023-10-28,SUPP002,Surgical Gloves Box,Medical Supplies,Europe,1412,12.5,0.98,0,Medium,97.99
2023-10-29,DRUG001,Atorvastatin 20mg,Pharmaceuticals,North America,681,1.25,1.14,0,High,99.95
2023-10-29,DRUG001,Atorvastatin 20mg,Pharmaceuticals,Europe,959,1.25,1.18,0,Medium,104.34
2023-10-29,DRUG002,Amoxicillin 500mg,Pharmaceuticals,North America,673,0.85,0.91,0,Medium,102.74
2023-10-29,DRUG002,Amoxicillin 500mg,Pharmaceuticals,Europe,569,0.85,0.94,0,Low,101.62
2023-10-29,DRUG003,Insulin Glargine 10ml,Pharmaceuticals,North America,772,25.0,1.16,0,Low,99.95
2023-10-29,DRUG003,Insulin Glargine 10ml,Pharmaceuticals,Europe,706,25.0,0.93,1,Medium,97.57
2023-10-29,SUPP001,Surgical Masks Box,Medical Supplies,North America,765,10.0,1.14,1,High,98.42
2023-10-29,SUPP001,Surgical Masks Box,Medical Supplies,Europe,1035,10.0,1.0,0,Medium,100.35
2023-10-29,SUPP002,Surgical Gloves Box,Medical Supplies,North America,1266,12.5,0.95,0,Low,97.23
2023-10-29,SUPP002,Surgical Gloves Box,Medical Supplies,Europe,973,12.5,0.91,0,Low,96.8
2023-10-30,DRUG001,Atorvastatin 20mg,Pharmaceuticals,North America,768,1.25,1.11,0,Medium,104.34
2023-10-30,DRUG001,Atorvastatin 20mg,Pharmaceuticals,Europe,1196,1.25,0.91,0,High,100.88
2023-10-30,DRUG002,Amoxicillin 500mg,Pharmaceuticals,North America,789,0.85,1.1,0,Low,95.72
2023-10-30,DRUG002,Amoxicillin 500mg,Pharmaceuticals,Europe,539,0.85,1.0,0,Low,97.21
2023-10-30,DRUG003,Insulin Glargine 10ml,Pharmaceuticals,North America,902,25.0,1.18,0,Low,97.46
2023-10-30,DRUG003,Insulin Glargine 10ml,Pharmaceuticals,Europe,920,25.0,1.18,0,Medium,96.05
2023-10-30,SUPP001,Surgical Masks Box,Medical Supplies,North America,905,10.0,0.98,0,High,102.79
2023-10-30,SUPP001,Surgical Masks Box,Medical Supplies,Europe,1347,10.0,1.17,1,Low,99.24
2023-10-30,SUPP002,Surgical Gloves Box,Medical Supplies,North America,1002,12.5,1.0,0,Low,98.27
2023-10-30,SUPP002,Surgical Gloves Box,Medical Supplies,Europe,997,12.5,1.17,0,Medium,95.31
2023-10-31,DRUG001,Atorvastatin 20mg,Pharmaceuticals,North America,669,1.25,0.98,0,Medium,97.74
2023-10-31,DRUG001,Atorvastatin 20mg,Pharmaceuticals,Europe,869,1.25,1.08,0,Low,100.46
2023-10-31,DRUG002,Amoxicillin 500mg,Pharmaceuticals,North America,1227,0.85,1.05,0,High,96.16
2023-10-31,DRUG002,Amoxicillin 500mg,Pharmaceuticals,Europe,666,0.85,1.0,0,Low,103.1
2023-10-31,DRUG003,Insulin Glargine 10ml,Pharmaceuticals,North America,971,25.0,1.06,0,Medium,102.91
2023-10-31,DRUG003,Insulin Glargine 10ml,Pharmaceuticals,Europe,1483,25.0,1.07,0,Medium,98.61
2023-10-31,SUPP001,Surgical Masks Box,Medical Supplies,North America,753,10.0,1.01,0,High,95.05
2023-10-31,SUPP001,Surgical Masks Box,Medical Supplies,Europe,1890,10.0,1.18,0,Medium,103.56
2023-10-31,SUPP002,Surgical Gloves Box,Medical Supplies,North America,1375,12.5,0.95,0,Medium,103.7
2023-10-31,SUPP002,Surgical Gloves Box,Medical Supplies,Europe,963,12.5,1.17,0,Medium,98.31
2023-11-01,DRUG001,Atorvastatin 20mg,Pharmaceuticals,North America,1065,1.25,1.08,0,High,100.72
2023-11-01,DRUG001,Atorvastatin 20mg,Pharmaceuticals,Europe,1500,1.25,1.18,0,Medium,102.17
2023-11-01,DRUG002,Amoxicillin 500mg,Pharmaceuticals,North America,1120,0.85,0.9,0,Medium,95.29
2023-11-01,DRUG002,Amoxicillin 500mg,Pharmaceuticals,Europe,1072,0.85,1.19,0,Medium,95.61
2023-11-01,DRUG003,Insulin Glargine 10ml,Pharmaceuticals,North America,299,25.0,0.91,0,Low,104.9
2023-11-01,DRUG003,Insulin Glargine 10ml,Pharmaceuticals,Europe,1128,25.0,0.96,0,High,102.92
2023-11-01,SUPP001,Surgical Masks Box,Medical Supplies,North America,1578,10.0,0.93,0,High,100.05
2023-11-01,SUPP001,Surgical Masks Box,Medical Supplies,Europe,969,10.0,1.11,0,Low,103.76
2023-11-01,SUPP002,Surgical Gloves Box,Medical Supplies,North America,564,12.5,1.16,0,Medium,100.48
2023-11-01,SUPP002,Surgical Gloves Box,Medical Supplies,Europe,939,12.5,1.01,0,Medium,98.91
2023-11-02,DRUG001,Atorvastatin 20mg,Pharmaceuticals,North America,1407,1.25,1.18,0,Medium,102.64
2023-11-02,DRUG001,Atorvastatin 20mg,Pharmaceuticals,Europe,590,1.25,1.13,0,Medium,102.58
2023-11-02,DRUG002,Amoxicillin 500mg,Pharmaceuticals,North America,1141,0.85,1.01,1,Medium,95.24
2023-11-02,DRUG002,Amoxicillin 500mg,Pharmaceuticals,Europe,1184,0.85,1.01,0,Low,97.82
2023-11-02,DRUG003,Insulin Glargine 10ml,Pharmaceuticals,North America,1041,25.0,0.92,0,Low,95.63
2023-11-02,DRUG003,Insulin Glargine 10ml,Pharmaceuticals,Europe,902,25.0,0.98,0,High,103.76
2023-11-02,SUPP001,Surgical Masks Box,Medical Supplies,North America,965,10.0,0.98,0,Medium,95.7
2023-11-02,SUPP001,Surgical Masks Box,Medical Supplies,Europe,1039,10.0,1.07,0,Low,104.91
2023-11-02,SUPP002,Surgical Gloves Box,Medical Supplies,North America,1194,12.5,1.07,0,Medium,104.46
2023-11-02,SUPP002,Surgical Gloves Box,Medical Supplies,Europe,1148,12.5,0.98,0,Medium,98.93
2023-11-03,DRUG001,Atorvastatin 20mg,Pharmaceuticals,North America,261,1.25,1.04,0,Medium,95.45
2023-11-03,DRUG001,Atorvastatin 20mg,Pharmaceuticals,Europe,957,1.25,1.06,0,Medium,98.28
2023-11-03,DRUG002,Amoxicillin 500mg,Pharmaceuticals,North America,1426,0.85,0.91,0,Low,97.3
2023-11-03,DRUG002,Amoxicillin 500mg,Pharmaceuticals,Europe,959,0.85,1.0,1,High,103.84
2023-11-03,DRUG003,Insulin Glargine 10ml,Pharmaceuticals,North America,944,25.0,0.99,0,High,101.8
2023-11-03,DRUG003,Insulin Glargine 10ml,Pharmaceuticals,Europe,1151,25.0,0.97,0,Medium,100.28
2023-11-03,SUPP001,Surgical Masks Box,Medical Supplies,North America,919,10.0,1.17,0,Medium,104.3
2023-11-03,SUPP001,Surgical Masks Box,Medical Supplies,Europe,1260,10.0,1.17,0,Low,99.77
2023-11-03,SUPP002,Surgical Gloves Box,Medical Supplies,North America,1581,12.5,1.18,0,Medium,96.92
2023-11-03,SUPP002,Surgical Gloves Box,Medical Supplies,Europe,717,12.5,1.17,1,Medium,96.04
2023-11-04,DRUG001,Atorvastatin 20mg,Pharmaceuticals,North America,1206,1.25,1.01,0,High,100.58
2023-11-04,DRUG001,Atorvastatin 20mg,Pharmaceuticals,Europe,1298,1.25,1.07,0,Medium,99.4
2023-11-04,DRUG002,Amoxicillin 500mg,Pharmaceuticals,North America,878,0.85,0.98,0,Medium,101.02
2023-11-04,DRUG002,Amoxicillin 500mg,Pharmaceuticals,Europe,944,0.85,1.08,0,Medium,103.34
2023-11-04,DRUG003,Insulin Glargine 10ml,Pharmaceuticals,North America,1092,25.0,1.03,0,Low,101.53
2023-11-04,DRUG003,Insulin Glargine 10ml,Pharmaceuticals,Europe,995,25.0,1.16,1,High,97.82
2023-11-04,SUPP001,Surgical Masks Box,Medical Supplies,North America,570,10.0,1.07,0,High,104.1
2023-11-04,SUPP001,Surgical Masks Box,Medical Supplies,Europe,1657,10.0,1.03,0,Low,101.84
2023-11-04,SUPP002,Surgical Gloves Box,Medical Supplies,North America,1176,12.5,1.1,0,Medium,95.46
2023-11-04,SUPP002,Surgical Gloves Box,Medical Supplies,Europe,919,12.5,1.18,0,High,100.37
2023-11-05,DRUG001,Atorvastatin 20mg,Pharmaceuticals,North America,926,1.25,1.09,0,Medium,102.7
2023-11-05,DRUG001,Atorvastatin 20mg,Pharmaceuticals,Europe,1034,1.25,0.97,1,High,95.76
2023-11-05,DRUG002,Amoxicillin 500mg,Pharmaceuticals,North America,953,0.85,1.11,0,High,96.02
2023-11-05,DRUG002,Amoxicillin 500mg,Pharmaceuticals,Europe,1095,0.85,1.05,0,Low,101.46
2023-11-05,DRUG003,Insulin Glargine 10ml,Pharmaceuticals,North America,1119,25.0,1.19,0,High,98.6
2023-11-05,DRUG003,Insulin Glargine 10ml,Pharmaceuticals,Europe,795,25.0,1.0,0,Low,104.45
2023-11-05,SUPP001,Surgical Masks Box,Medical Supplies,North America,707,10.0,1.11,0,Low,104.32
2023-11-05,SUPP001,Surgical Masks Box,Medical Supplies,Europe,1292,10.0,1.04,0,Medium,101.04
2023-11-05,SUPP002,Surgical Gloves Box,Medical Supplies,North America,711,12.5,1.06,0,Low,101.73
2023-11-05,SUPP002,Surgical Gloves Box,Medical Supplies,Europe,809,12.5,1.11,0,Low,99.12
2023-11-06,DRUG001,Atorvastatin 20mg,Pharmaceuticals,North America,936,1.25,0.92,1,Medium,95.87
2023-11-06,DRUG001,Atorvastatin 20mg,Pharmaceuticals,Europe,903,1.25,0.91,0,Medium,102.87
2023-11-06,DRUG002,Amoxicillin 500mg,Pharmaceuticals,North America,1051,0.85,0.96,0,High,100.8
2023-11-06,DRUG002,Amoxicillin 500mg,Pharmaceuticals,Europe,1218,0.85,1.1,0,Low,102.35
2023-11-06,DRUG003,Insulin Glargine 10ml,Pharmaceuticals,North America,1058,25.0,1.14,0,Low,100.32
2023-11-06,DRUG003,Insulin Glargine 10ml,Pharmaceuticals,Europe,1192,25.0,0.95,0,Low,102.92
2023-11-06,SUPP001,Surgical Masks Box,Medical Supplies,North America,951,10.0,0.95,0,High,101.23
2023-11-06,SUPP001,Surgical Masks Box,Medical Supplies,Europe,1411,10.0,0.91,0,Low,96.96
2023-11-06,SUPP002,Surgical Gloves Box,Medical Supplies,North America,1118,12.5,0.98,0,Low,104.08
2023-11-06,SUPP002,Surgical Gloves Box,Medical Supplies,Europe,1107,12.5,1.05,0,Medium,101.31
2023-11-07,DRUG001,Atorvastatin 20mg,Pharmaceuticals,North America,528,1.25,1.09,0,Low,96.49
2023-11-07,DRUG001,Atorvastatin 20mg,Pharmaceuticals,Europe,663,1.25,1.01,0,Medium,104.15
2023-11-07,DRUG002,Amoxicillin 500mg,Pharmaceuticals,North America,1003,0.85,1.03,0,Low,100.94
2023-11-07,DRUG002,Amoxicillin 500mg,Pharmaceuticals,Europe,579,0.85,1.17,1,High,102.73
2023-11-07,DRUG003,Insulin Glargine 10ml,Pharmaceuticals,North America,942,25.0,0.96,0,Medium,104.37
2023-11-07,DRUG003,Insulin Glargine 10ml,Pharmaceuticals,Europe,1087,25.0,0.96,0,Medium,104.28
2023-11-07,SUPP001,Surgical Masks Box,Medical Supplies,North America,1069,10.0,1.0,0,Medium,98.84
2023-11-07,SUPP001,Surgical Masks Box,Medical Supplies,Europe,1021,10.0,0.9,0,Medium,102.47
2023-11-07,SUPP002,Surgical Gloves Box,Medical Supplies,North America,1092,12.5,1.01,0,Medium,96.24
2023-11-07,SUPP002,Surgical Gloves Box,Medical Supplies,Europe,360,12.5,0.92,0,Low,104.59
2023-11-08,DRUG001,Atorvastatin 20mg,Pharmaceuticals,North America,1110,1.25,0.92,0,Low,103.43
2023-11-08,DRUG001,Atorvastatin 20mg,Pharmaceuticals,Europe,1003,1.25,1.01,0,High,98.75
2023-11-08,DRUG002,Amoxicillin 500mg,Pharmaceuticals,North America,987,0.85,1.1,0,Medium,95.57
2023-11-08,DRUG002,Amoxicillin 500mg,Pharmaceuticals,Europe,944,0.85,1.08,0,Medium,99.2
2023-11-08,DRUG003,Insulin Glargine 10ml,Pharmaceuticals,North America,980,25.0,1.06,1,Low,101.0
2023-11-08,DRUG003,Insulin Glargine 10ml,Pharmaceuticals,Europe,636,25.0,1.06,0,High,97.06
2023-11-08,SUPP001,Surgical Masks Box,Medical Supplies,North America,1029,10.0,1.0,0,Low,98.09
2023-11-08,SUPP001,Surgical Masks Box,Medical Supplies,Europe,922,10.0,1.09,0,Medium,99.82
2023-11-08,SUPP002,Surgical Gloves Box,Medical Supplies,North America,1133,12.5,0.91,1,Medium,102.96
2023-11-08,SUPP002,Surgical Gloves Box,Medical Supplies,Europe,988,12.5,1.03,0,High,103.96
2023-11-09,DRUG001,Atorvastatin 20mg,Pharmaceuticals,North America,784,1.25,1.05,1,Low,101.52
2023-11-09,DRUG001,Atorvastatin 20mg,Pharmaceuticals,Europe,812,1.25,1.11,0,Medium,99.02
2023-11-09,DRUG002,Amoxicillin 500mg,Pharmaceuticals,North America,1028,0.85,1.12,0,Medium,97.58
2023-11-09,DRUG002,Amoxicillin 500mg,Pharmaceuticals,Europe,1117,0.85,0.97,0,Medium,101.83
2023-11-09,DRUG003,Insulin Glargine 10ml,Pharmaceuticals,North America,1196,25.0,1.03,0,Low,102.15
2023-11-09,DRUG003,Insulin Glargine 10ml,Pharmaceuticals,Europe,541,25.0,1.14,0,Low,101.61
2023-11-09,SUPP001,Surgical Masks Box,Medical Supplies,North America,1327,10.0,1.1,0,Low,97.55
2023-11-09,SUPP001,Surgical Masks Box,Medical Supplies,Europe,1313,10.0,0.95,0,Low,104.38
2023-11-09,SUPP002,Surgical Gloves Box,Medical Supplies,North America,1079,12.5,1.17,0,High,96.58
2023-11-09,SUPP002,Surgical Gloves Box,Medical Supplies,Europe,1072,12.5,0.91,0,Low,104.89
2023-11-10,DRUG001,Atorvastatin 20mg,Pharmaceuticals,North America,1343,1.25,0.97,0,Low,103.38
2023-11-10,DRUG001,Atorvastatin 20mg,Pharmaceuticals,Europe,1237,1.25,0.95,0,Low,95.68
2023-11-10,DRUG002,Amoxicillin 500mg,Pharmaceuticals,North America,615,0.85,1.12,0,Low,100.67
2023-11-10,DRUG002,Amoxicillin 500mg,Pharmaceuticals,Europe,978,0.85,0.99,0,High,96.79
2023-11-10,DRUG003,Insulin Glargine 10ml,Pharmaceuticals,North America,927,25.0,1.03,0,Low,102.9
2023-11-10,DRUG003,Insulin Glargine 10ml,Pharmaceuticals,Europe,823,25.0,0.91,0,Low,101.48
2023-11-10,SUPP001,Surgical Masks Box,Medical Supplies,North America,1003,10.0,1.2,0,Low,96.66
2023-11-10,SUPP001,Surgical Masks Box,Medical Supplies,Europe,1158,10.0,1.02,0,Low,99.33
2023-11-10,SUPP002,Surgical Gloves Box,Medical Supplies,North America,755,12.5,0.99,0,Low,102.14
2023-11-10,SUPP002,Surgical Gloves Box,Medical Supplies,Europe,895,12.5,1.08,0,Low,98.69
2023-11-11,DRUG001,Atorvastatin 20mg,Pharmaceuticals,North America,477,1.25,0.96,0,High,99.4
2023-11-11,DRUG001,Atorvastatin 20mg,Pharmaceuticals,Europe,1322,1.25,1.09,0,High,100.47
2023-11-11,DRUG002,Amoxicillin 500mg,Pharmaceuticals,North America,1241,0.85,1.12,0,Low,102.87
2023-11-11,DRUG002,Amoxicillin 500mg,Pharmaceuticals,Europe,989,0.85,1.15,0,Medium,101.32
2023-11-11,DRUG003,Insulin Glargine 10ml,Pharmaceuticals,North America,1558,25.0,0.93,1,Medium,101.31
2023-11-11,DRUG003,Insulin Glargine 10ml,Pharmaceuticals,Europe,811,25.0,0.99,0,Medium,101.62
2023-11-11,SUPP001,Surgical Masks Box,Medical Supplies,North America,597,10.0,1.08,0,Low,99.51
2023-11-11,SUPP001,Surgical Masks Box,Medical Supplies,Europe,1458,10.0,1.13,0,Medium,100.17
2023-11-11,SUPP002,Surgical Gloves Box,Medical Supplies,North America,730,12.5,0.95,0,Low,104.64
2023-11-11,SUPP002,Surgical Gloves Box,Medical Supplies,Europe,994,12.5,1.18,0,Medium,100.34
2023-11-12,DRUG001,Atorvastatin 20mg,Pharmaceuticals,North America,1139,1.25,0.9,0,Medium,100.1
2023-11-12,DRUG001,Atorvastatin 20mg,Pharmaceuticals,Europe,1345,1.25,1.17,1,Medium,101.08
2023-11-12,DRUG002,Amoxicillin 500mg,Pharmaceuticals,North America,702,0.85,1.17,0,Low,104.82
2023-11-12,DRUG002,Amoxicillin 500mg,Pharmaceuticals,Europe,835,0.85,1.12,0,Low,100.05
2023-11-12,DRUG003,Insulin Glargine 10ml,Pharmaceuticals,North America,1120,25.0,1.1,0,Low,103.49
2023-11-12,DRUG003,Insulin Glargine 10ml,Pharmaceuticals,Europe,1556,25.0,0.95,0,Low,98.64
2023-11-12,SUPP001,Surgical Masks Box,Medical Supplies,North America,1362,10.0,1.1,0,Medium,95.53
2023-11-12,SUPP001,Surgical Masks Box,Medical Supplies,Europe,857,10.0,0.95,0,Medium,102.74
2023-11-12,SUPP002,Surgical Gloves Box,Medical Supplies,North America,1467,12.5,1.11,1,Low,100.52
2023-11-12,SUPP002,Surgical Gloves Box,Medical Supplies,Europe,796,12.5,1.08,1,Low,100.23
2023-11-13,DRUG001,Atorvastatin 20mg,Pharmaceuticals,North America,1107,1.25,0.97,0,Medium,98.36
2023-11-13,DRUG001,Atorvastatin 20mg,Pharmaceuticals,Europe,361,1.25,0.95,0,Low,104.5
2023-11-13,DRUG002,Amoxicillin 500mg,Pharmaceuticals,North America,1381,0.85,1.03,1,Medium,100.74
2023-11-13,DRUG002,Amoxicillin 500mg,Pharmaceuticals,Europe,1098,0.85,1.05,0,Medium,97.72
2023-11-13,DRUG003,Insulin Glargine 10ml,Pharmaceuticals,North America,1094,25.0,1.05,0,Low,100.15
2023-11-13,DRUG003,Insulin Glargine 10ml,Pharmaceuticals,Europe,684,25.0,1.15,0,Low,103.23
2023-11-13,SUPP001,Surgical Masks Box,Medical Supplies,North America,600,10.0,1.15,0,Medium,104.77
2023-11-13,SUPP001,Surgical Masks Box,Medical Supplies,Europe,1282,10.0,1.18,0,Low,98.26
2023-11-13,SUPP002,Surgical Gloves Box,Medical Supplies,North America,1182,12.5,1.16,0,Medium,95.06
2023-11-13,SUPP002,Surgical Gloves Box,Medical Supplies,Europe,956,12.5,0.96,0,Medium,96.46
2023-11-14,DRUG001,Atorvastatin 20mg,Pharmaceuticals,North America,1104,1.25,0.97,0,Medium,104.01
2023-11-14,DRUG001,Atorvastatin 20mg,Pharmaceuticals,Europe,1270,1.25,1.12,0,Medium,98.11
2023-11-14,DRUG002,Amoxicillin 500mg,Pharmaceuticals,North America,620,0.85,1.09,0,Low,98.95
2023-11-14,DRUG002,Amoxicillin 500mg,Pharmaceuticals,Europe,1565,0.85,1.18,0,Low,103.85
2023-11-14,DRUG003,Insulin Glargine 10ml,Pharmaceuticals,North America,728,25.0,0.99,0,Medium,99.91
2023-11-14,DRUG003,Insulin Glargine 10ml,Pharmaceuticals,Europe,755,25.0,1.12,0,Medium,96.75
2023-11-14,SUPP001,Surgical Masks Box,Medical Supplies,North America,1196,10.0,1.1,0,Medium,95.8
2023-11-14,SUPP001,Surgical Masks Box,Medical Supplies,Europe,1338,10.0,1.16,0,Low,100.77
2023-11-14,SUPP002,Surgical Gloves Box,Medical Supplies,North America,914,12.5,1.18,1,Medium,99.81
2023-11-14,SUPP002,Surgical Gloves Box,Medical Supplies,Europe,1048,12.5,1.12,0,Medium,104.16
2023-11-15,DRUG001,Atorvastatin 20mg,Pharmaceuticals,North America,740,1.25,0.99,0,Low,98.74
2023-11-15,DRUG001,Atorvastatin 20mg,Pharmaceuticals,Europe,769,1.25,1.09,0,Medium,103.14
2023-11-15,DRUG002,Amoxicillin 500mg,Pharmaceuticals,North America,1050,0.85,1.07,0,Low,101.38
2023-11-15,DRUG002,Amoxicillin 500mg,Pharmaceuticals,Europe,1438,0.85,1.16,1,Medium,100.45
2023-11-15,DRUG003,Insulin Glargine 10ml,Pharmaceuticals,North America,1042,25.0,1.06,1,Medium,104.09
2023-11-15,DRUG003,Insulin Glargine 10ml,Pharmaceuticals,Europe,1377,25.0,0.97,0,High,96.11
2023-11-15,SUPP001,Surgical Masks Box,Medical Supplies,North America,833,10.0,1.14,0,Low,99.73
2023-11-15,SUPP001,Surgical Masks Box,Medical Supplies,Europe,1155,10.0,1.1,0,Medium,103.99
2023-11-15,SUPP002,Surgical Gloves Box,Medical Supplies,North America,1313,12.5,0.92,1,Low,100.28
2023-11-15,SUPP002,Surgical Gloves Box,Medical Supplies,Europe,2028,12.5,1.14,0,Medium,97.41
2023-11-16,DRUG001,Atorvastatin 20mg,Pharmaceuticals,North America,1114,1.25,1.16,0,Medium,102.25
2023-11-16,DRUG001,Atorvastatin 20mg,Pharmaceuticals,Europe,1460,1.25,1.06,0,Medium,104.08
2023-11-16,DRUG002,Amoxicillin 500mg,Pharmaceuticals,North America,480,0.85,1.02,0,Low,99.98
2023-11-16,DRUG002,Amoxicillin 500mg,Pharmaceuticals,Europe,766,0.85,1.05,0,Low,101.13
2023-11-16,DRUG003,Insulin Glargine 10ml,Pharmaceuticals,North America,840,25.0,1.19,0,Low,96.47
2023-11-16,DRUG003,Insulin Glargine 10ml,Pharmaceuticals,Europe,1029,25.0,0.94,0,Low,104.02
2023-11-16,SUPP001,Surgical Masks Box,Medical Supplies,North America,1556,10.0,1.15,0,High,104.67
2023-11-16,SUPP001,Surgical Masks Box,Medical Supplies,Europe,1113,10.0,1.03,1,Medium,95.71
2023-11-16,SUPP002,Surgical Gloves Box,Medical Supplies,North America,1347,12.5,1.17,0,Medium,95.12
2023-11-16,SUPP002,Surgical Gloves Box,Medical Supplies,Europe,1337,12.5,1.0,0,Medium,103.17
2023-11-17,DRUG001,Atorvastatin 20mg,Pharmaceuticals,North America,1040,1.25,0.96,0,Medium,95.79
2023-11-17,DRUG001,Atorvastatin 20mg,Pharmaceuticals,Europe,565,1.25,1.08,0,Low,100.5
2023-11-17,DRUG002,Amoxicillin 500mg,Pharmaceuticals,North America,880,0.85,1.07,0,Medium,96.31
2023-11-17,DRUG002,Amoxicillin 500mg,Pharmaceuticals,Europe,1023,0.85,1.08,0,Low,103.55
2023-11-17,DRUG003,Insulin Glargine 10ml,Pharmaceuticals,North America,1164,25.0,1.09,0,High,101.62
2023-11-17,DRUG003,Insulin Glargine 10ml,Pharmaceuticals,Europe,1217,25.0,1.0,0,High,95.17
2023-11-17,SUPP001,Surgical Masks Box,Medical Supplies,North America,1047,10.0,1.11,1,Medium,95.34
2023-11-17,SUPP001,Surgical Masks Box,Medical Supplies,Europe,1020,10.0,1.15,0,Medium,98.12
2023-11-17,SUPP002,Surgical Gloves Box,Medical Supplies,North America,854,12.5,1.01,0,High,97.97
2023-11-17,SUPP002,Surgical Gloves Box,Medical Supplies,Europe,509,12.5,0.96,0,Medium,104.01
2023-11-18,DRUG001,Atorvastatin 20mg,Pharmaceuticals,North America,1699,1.25,0.93,0,Low,97.54
2023-11-18,DRUG001,Atorvastatin 20mg,Pharmaceuticals,Europe,1121,1.25,1.05,0,Medium,100.91
2023-11-18,DRUG002,Amoxicillin 500mg,Pharmaceuticals,North America,292,0.85,1.19,0,Low,97.3
2023-11-18,DRUG002,Amoxicillin 500mg,Pharmaceuticals,Europe,1383,0.85,1.08,0,Low,103.3
2023-11-18,DRUG003,Insulin Glargine 10ml,Pharmaceuticals,North America,1300,25.0,0.92,0,High,103.63
2023-11-18,DRUG003,Insulin Glargine 10ml,Pharmaceuticals,Europe,1379,25.0,0.99,0,Medium,98.56
2023-11-18,SUPP001,Surgical Masks Box,Medical Supplies,North America,831,10.0,1.17,0,High,101.65
2023-11-18,SUPP001,Surgical Masks Box,Medical Supplies,Europe,947,10.0,1.18,0,Low,99.88
2023-11-18,SUPP002,Surgical Gloves Box,Medical Supplies,North America,410,12.5,1.19,0,Medium,96.63
2023-11-18,SUPP002,Surgical Gloves Box,Medical Supplies,Europe,827,12.5,1.12,0,Medium,104.25
2023-11-19,DRUG001,Atorvastatin 20mg,Pharmaceuticals,North America,843,1.25,0.92,0,Medium,98.15
2023-11-19,DRUG001,Atorvastatin 20mg,Pharmaceuticals,Europe,775,1.25,0.95,0,Low,99.53
2023-11-19,DRUG002,Amoxicillin 500mg,Pharmaceuticals,North America,752,0.85,1.16,0,Medium,95.36
2023-11-19,DRUG002,Amoxicillin 500mg,Pharmaceuticals,Europe,739,0.85,1.01,0,Low,96.2
2023-11-19,DRUG003,Insulin Glargine 10ml,Pharmaceuticals,North America,932,25.0,1.19,0,Medium,104.72
2023-11-19,DRUG003,Insulin Glargine 10ml,Pharmaceuticals,Europe,811,25.0,1.19,0,Low,97.02
2023-11-19,SUPP001,Surgical Masks Box,Medical Supplies,North America,1414,10.0,1.12,0,High,101.85
2023-11-19,SUPP001,Surgical Masks Box,Medical Supplies,Europe,1167,10.0,1.06,0,Medium,99.73
2023-11-19,SUPP002,Surgical Gloves Box,Medical Supplies,North America,1278,12.5,1.11,1,Low,101.49
2023-11-19,SUPP002,Surgical Gloves Box,Medical Supplies,Europe,810,12.5,0.97,1,Low,101.56
2023-11-20,DRUG001,Atorvastatin 20mg,Pharmaceuticals,North America,824,1.25,1.19,0,Low,95.08
2023-11-20,DRUG001,Atorvastatin 20mg,Pharmaceuticals,Europe,1352,1.25,0.99,0,High,104.67
2023-11-20,DRUG002,Amoxicillin 500mg,Pharmaceuticals,North America,984,0.85,1.06,0,Low,98.17
2023-11-20,DRUG002,Amoxicillin 500mg,Pharmaceuticals,Europe,768,0.85,1.06,0,Medium,96.37
2023-11-20,DRUG003,Insulin Glargine 10ml,Pharmaceuticals,North America,1170,25.0,1.17,0,High,103.66
2023-11-20,DRUG003,Insulin Glargine 10ml,Pharmaceuticals,Europe,1298,25.0,1.03,0,High,102.15
2023-11-20,SUPP001,Surgical Masks Box,Medical Supplies,North America,726,10.0,0.99,1,Low,95.93
2023-11-20,SUPP001,Surgical Masks Box,Medical Supplies,Europe,1077,10.0,1.11,0,Low,97.98
2023-11-20,SUPP002,Surgical Gloves Box,Medical Supplies,North America,876,12.5,1.14,0,High,103.03
2023-11-20,SUPP002,Surgical Gloves Box,Medical Supplies,Europe,991,12.5,1.1,0,Medium,99.45
2023-11-21,DRUG001,Atorvastatin 20mg,Pharmaceuticals,North America,1280,1.25,1.05,0,Low,96.41
2023-11-21,DRUG001,Atorvastatin 20mg,Pharmaceuticals,Europe,870,1.25,1.19,0,Medium,100.23
2023-11-21,DRUG002,Amoxicillin 500mg,Pharmaceuticals,North America,1210,0.85,0.93,0,Medium,104.14
2023-11-21,DRUG002,Amoxicillin 500mg,Pharmaceuticals,Europe,726,0.85,1.06,0,Medium,95.91
2023-11-21,DRUG003,Insulin Glargine 10ml,Pharmaceuticals,North America,742,25.0,1.04,1,Medium,95.77
2023-11-21,DRUG003,Insulin Glargine 10ml,Pharmaceuticals,Europe,1008,25.0,0.97,0,High,95.33
2023-11-21,SUPP001,Surgical Masks Box,Medical Supplies,North America,1078,10.0,1.06,1,Medium,103.5
2023-11-21,SUPP001,Surgical Masks Box,Medical Supplies,Europe,1395,10.0,1.01,0,Medium,98.22
2023-11-21,SUPP002,Surgical Gloves Box,Medical Supplies,North America,548,12.5,0.94,0,Medium,104.16
2023-11-21,SUPP002,Surgical Gloves Box,Medical Supplies,Europe,1120,12.5,1.04,0,Low,104.04
2023-11-22,DRUG001,Atorvastatin 20mg,Pharmaceuticals,North America,1432,1.25,1.14,0,Medium,104.6
2023-11-22,DRUG001,Atorvastatin 20mg,Pharmaceuticals,Europe,1105,1.25,0.93,0,High,98.01
2023-11-22,DRUG002,Amoxicillin 500mg,Pharmaceuticals,North America,752,0.85,1.0,0,High,103.5
2023-11-22,DRUG002,Amoxicillin 500mg,Pharmaceuticals,Europe,1227,0.85,1.09,0,Low,102.53
2023-11-22,DRUG003,Insulin Glargine 10ml,Pharmaceuticals,North America,1129,25.0,1.12,0,Medium,101.31
2023-11-22,DRUG003,Insulin Glargine 10ml,Pharmaceuticals,Europe,1070,25.0,1.03,1,Medium,98.98
2023-11-22,SUPP001,Surgical Masks Box,Medical Supplies,North America,928,10.0,1.06,0,Low,100.27
2023-11-22,SUPP001,Surgical Masks Box,Medical Supplies,Europe,858,10.0,0.95,0,Medium,100.74
2023-11-22,SUPP002,Surgical Gloves Box,Medical Supplies,North America,869,12.5,1.02,0,Medium,97.23
2023-11-22,SUPP002,Surgical Gloves Box,Medical Supplies,Europe,737,12.5,1.08,0,High,104.52
2023-11-23,DRUG001,Atorvastatin 20mg,Pharmaceuticals,North America,1534,1.25,1.14,0,Medium,104.59
2023-11-23,DRUG001,Atorvastatin 20mg,Pharmaceuticals,Europe,1169,1.25,1.08,0,High,101.7
2023-11-23,DRUG002,Amoxicillin 500mg,Pharmaceuticals,North America,734,0.85,1.01,0,Medium,99.56
2023-11-23,DRUG002,Amoxicillin 500mg,Pharmaceuticals,Europe,1232,0.85,1.2,0,Medium,98.34
2023-11-23,DRUG003,Insulin Glargine 10ml,Pharmaceuticals,North America,1117,25.0,1.11,0,Medium,101.34
2023-11-23,DRUG003,Insulin Glargine 10ml,Pharmaceuticals,Europe,1337,25.0,1.08,1,High,104.71
2023-11-23,SUPP001,Surgical Masks Box,Medical Supplies,North America,842,10.0,1.03,0,Low,96.88
2023-11-23,SUPP001,Surgical Masks Box,Medical Supplies,Europe,1228,10.0,0.9,0,Medium,98.13
2023-11-23,SUPP002,Surgical Gloves Box,Medical Supplies,North America,1192,12.5,1.19,0,Medium,98.05
2023-11-23,SUPP002,Surgical Gloves Box,Medical Supplies,Europe,1151,12.5,0.97,0,Medium,104.92
2023-11-24,DRUG001,Atorvastatin 20mg,Pharmaceuticals,North America,1179,1.25,1.01,0,Low,99.05
2023-11-24,DRUG001,Atorvastatin 20mg,Pharmaceuticals,Europe,741,1.25,0.93,0,Low,102.91
2023-11-24,DRUG002,Amoxicillin 500mg,Pharmaceuticals,North America,1501,0.85,1.03,0,Low,100.24
2023-11-24,DRUG002,Amoxicillin 500mg,Pharmaceuticals,Europe,1149,0.85,1.05,0,Medium,103.33
2023-11-24,DRUG003,Insulin Glargine 10ml,Pharmaceuticals,North America,817,25.0,1.09,0,Medium,98.82
2023-11-24,DRUG003,Insulin Glargine 10ml,Pharmaceuticals,Europe,1128,25.0,0.94,0,Medium,98.55
2023-11-24,SUPP001,Surgical Masks Box,Medical Supplies,North America,1011,10.0,1.18,0,High,96.36
2023-11-24,SUPP001,Surgical Masks Box,Medical Supplies,Europe,853,10.0,1.07,0,Medium,95.91
2023-11-24,SUPP002,Surgical Gloves Box,Medical Supplies,North America,1545,12.5,1.12,0,Medium,101.63
2023-11-24,SUPP002,Surgical Gloves Box,Medical Supplies,Europe,1404,12.5,0.96,0,Medium,104.53
2023-11-25,DRUG001,Atorvastatin 20mg,Pharmaceuticals,North America,1020,1.25,0.99,0,Medium,101.06
2023-11-25,DRUG001,Atorvastatin 20mg,Pharmaceuticals,Europe,754,1.25,0.9,0,High,104.66
2023-11-25,DRUG002,Amoxicillin 500mg,Pharmaceuticals,North America,1108,0.85,1.03,0,Medium,102.82
2023-11-25,DRUG002,Amoxicillin 500mg,Pharmaceuticals,Europe,633,0.85,0.91,1,High,102.51
2023-11-25,DRUG003,Insulin Glargine 10ml,Pharmaceuticals,North America,822,25.0,1.13,0,High,96.77
2023-11-25,DRUG003,Insulin Glargine 10ml,Pharmaceuticals,Europe,1416,25.0,0.99,0,Low,99.24
2023-11-25,SUPP001,Surgical Masks Box,Medical Supplies,North America,1348,10.0,1.06,0,Low,99.09
2023-11-25,SUPP001,Surgical Masks Box,Medical Supplies,Europe,992,10.0,1.05,0,Low,97.22
2023-11-25,SUPP002,Surgical Gloves Box,Medical Supplies,North America,546,12.5,1.02,0,Low,100.02
2023-11-25,SUPP002,Surgical Gloves Box,Medical Supplies,Europe,608,12.5,1.09,0,Medium,100.47
2023-11-26,DRUG001,Atorvastatin 20mg,Pharmaceuticals,North America,1402,1.25,0.97,0,Medium,101.09
2023-11-26,DRUG001,Atorvastatin 20mg,Pharmaceuticals,Europe,930,1.25,1.16,0,Medium,102.53
2023-11-26,DRUG002,Amoxicillin 500mg,Pharmaceuticals,North America,1467,0.85,0.92,0,High,95.6
2023-11-26,DRUG002,Amoxicillin 500mg,Pharmaceuticals,Europe,341,0.85,0.95,0,Low,97.82
2023-11-26,DRUG003,Insulin Glargine 10ml,Pharmaceuticals,North America,1526,25.0,1.13,0,Medium,102.25
2023-11-26,DRUG003,Insulin Glargine 10ml,Pharmaceuticals,Europe,1463,25.0,1.05,0,High,99.01
2023-11-26,SUPP001,Surgical Masks Box,Medical Supplies,North America,893,10.0,1.05,0,Medium,97.7
2023-11-26,SUPP001,Surgical Masks Box,Medical Supplies,Europe,1025,10.0,1.14,0,Medium,101.1
2023-11-26,SUPP002,Surgical Gloves Box,Medical Supplies,North America,1272,12.5,1.14,0,Medium,101.59
2023-11-26,SUPP002,Surgical Gloves Box,Medical Supplies,Europe,1327,12.5,1.03,0,Medium,96.15
2023-11-27,DRUG001,Atorvastatin 20mg,Pharmaceuticals,North America,1214,1.25,1.1,0,Low,98.93
2023-11-27,DRUG001,Atorvastatin 20mg,Pharmaceuticals,Europe,1273,1.25,0.98,0,High,101.38
2023-11-27,DRUG002,Amoxicillin 500mg,Pharmaceuticals,North America,558,0.85,1.18,0,Medium,104.67
2023-11-27,DRUG002,Amoxicillin 500mg,Pharmaceuticals,Europe,1105,0.85,1.12,1,Medium,97.17
2023-11-27,DRUG003,Insulin Glargine 10ml,Pharmaceuticals,North America,813,25.0,0.9,0,Low,103.15
2023-11-27,DRUG003,Insulin Glargine 10ml,Pharmaceuticals,Europe,684,25.0,1.01,0,High,97.42
2023-11-27,SUPP001,Surgical Masks Box,Medical Supplies,North America,1283,10.0,0.97,0,Low,102.72
2023-11-27,SUPP001,Surgical Masks Box,Medical Supplies,Europe,1246,10.0,1.09,0,Medium,97.35
2023-11-27,SUPP002,Surgical Gloves Box,Medical Supplies,North America,1168,12.5,1.16,0,Medium,104.82
2023-11-27,SUPP002,Surgical Gloves Box,Medical Supplies,Europe,1117,12.5,1.01,0,Low,104.8
2023-11-28,DRUG001,Atorvastatin 20mg,Pharmaceuticals,North America,1306,1.25,0.92,0,Medium,101.72
2023-11-28,DRUG001,Atorvastatin 20mg,Pharmaceuticals,Europe,1246,1.25,0.99,0,Low,99.72
2023-11-28,DRUG002,Amoxicillin 500mg,Pharmaceuticals,North America,780,0.85,0.95,0,Low,104.2
2023-11-28,DRUG002,Amoxicillin 500mg,Pharmaceuticals,Europe,627,0.85,1.06,0,Medium,101.28
2023-11-28,DRUG003,Insulin Glargine 10ml,Pharmaceuticals,North America,939,25.0,0.94,0,High,97.79
2023-11-28,DRUG003,Insulin Glargine 10ml,Pharmaceuticals,Europe,983,25.0,1.18,1,Medium,95.33
2023-11-28,SUPP001,Surgical Masks Box,Medical Supplies,North America,988,10.0,1.02,0,Medium,104.34
2023-11-28,SUPP001,Surgical Masks Box,Medical Supplies,Europe,747,10.0,1.06,0,High,96.47
2023-11-28,SUPP002,Surgical Gloves Box,Medical Supplies,North America,892,12.5,0.94,0,Low,99.23
2023-11-28,SUPP002,Surgical Gloves Box,Medical Supplies,Europe,925,12.5,1.19,0,Medium,95.99
2023-11-29,DRUG001,Atorvastatin 20mg,Pharmaceuticals,North America,1090,1.25,1.18,0,Low,98.88
2023-11-29,DRUG001,Atorvastatin 20mg,Pharmaceuticals,Europe,406,1.25,0.94,0,Medium,95.67
2023-11-29,DRUG002,Amoxicillin 500mg,Pharmaceuticals,North America,1692,0.85,1.03,0,High,98.67
2023-11-29,DRUG002,Amoxicillin 500mg,Pharmaceuticals,Europe,776,0.85,1.13,0,Medium,98.88
2023-11-29,DRUG003,Insulin Glargine 10ml,Pharmaceuticals,North America,1245,25.0,1.11,0,Medium,103.92
2023-11-29,DRUG003,Insulin Glargine 10ml,Pharmaceuticals,Europe,911,25.0,1.11,0,High,98.02
2023-11-29,SUPP001,Surgical Masks Box,Medical Supplies,North America,1444,10.0,1.16,1,High,95.08
2023-11-29,SUPP001,Surgical Masks Box,Medical Supplies,Europe,218,10.0,1.18,0,Low,100.15
2023-11-29,SUPP002,Surgical Gloves Box,Medical Supplies,North America,1732,12.5,1.04,1,Low,97.74
2023-11-29,SUPP002,Surgical Gloves Box,Medical Supplies,Europe,859,12.5,1.18,0,Medium,101.82
2023-11-30,DRUG001,Atorvastatin 20mg,Pharmaceuticals,North America,1583,1.25,0.95,0,Low,99.01
2023-11-30,DRUG001,Atorvastatin 20mg,Pharmaceuticals,Europe,1016,1.25,0.92,0,Medium,104.41
2023-11-30,DRUG002,Amoxicillin 500mg,Pharmaceuticals,North America,1086,0.85,1.18,0,Medium,100.96
2023-11-30,DRUG002,Amoxicillin 500mg,Pharmaceuticals,Europe,1502,0.85,1.02,0,Low,100.55
2023-11-30,DRUG003,Insulin Glargine 10ml,Pharmaceuticals,North America,1149,25.0,1.17,0,Medium,98.94
2023-11-30,DRUG003,Insulin Glargine 10ml,Pharmaceuticals,Europe,1082,25.0,1.04,1,High,103.95
2023-11-30,SUPP001,Surgical Masks Box,Medical Supplies,North America,955,10.0,1.06,0,Medium,104.93
2023-11-30,SUPP001,Surgical Masks Box,Medical Supplies,Europe,1144,10.0,1.04,0,Medium,99.94
2023-11-30,SUPP002,Surgical Gloves Box,Medical Supplies,North America,1044,12.5,1.02,0,Low,102.34
2023-11-30,SUPP002,Surgical Gloves Box,Medical Supplies,Europe,1341,12.5,1.18,0,Low,96.54
2023-12-01,DRUG001,Atorvastatin 20mg,Pharmaceuticals,North America,1033,1.25,1.09,0,Medium,95.88
2023-12-01,DRUG001,Atorvastatin 20mg,Pharmaceuticals,Europe,1014,1.25,1.12,0,Medium,103.99
2023-12-01,DRUG002,Amoxicillin 500mg,Pharmaceuticals,North America,1199,0.85,1.18,1,Medium,96.09
2023-12-01,DRUG002,Amoxicillin 500mg,Pharmaceuticals,Europe,1202,0.85,1.04,0,Low,95.57
2023-12-01,DRUG003,Insulin Glargine 10ml,Pharmaceuticals,North America,1038,25.0,1.05,0,Low,102.32
2023-12-01,DRUG003,Insulin Glargine 10ml,Pharmaceuticals,Europe,927,25.0,1.0,0,Medium,100.59
2023-12-01,SUPP001,Surgical Masks Box,Medical Supplies,North America,1414,10.0,0.98,0,Low,96.59
2023-12-01,SUPP001,Surgical Masks Box,Medical Supplies,Europe,596,10.0,1.13,0,Low,96.16
2023-12-01,SUPP002,Surgical Gloves Box,Medical Supplies,North America,1139,12.5,1.0,0,Low,100.07
2023-12-01,SUPP002,Surgical Gloves Box,Medical Supplies,Europe,1170,12.5,0.91,0,Low,99.75
2023-12-02,DRUG001,Atorvastatin 20mg,Pharmaceuticals,North America,553,1.25,0.91,0,Medium,98.69
2023-12-02,DRUG001,Atorvastatin 20mg,Pharmaceuticals,Europe,371,1.25,1.11,0,Medium,100.64
2023-12-02,DRUG002,Amoxicillin 500mg,Pharmaceuticals,North America,1027,0.85,1.18,1,Medium,99.68
2023-12-02,DRUG002,Amoxicillin 500mg,Pharmaceuticals,Europe,880,0.85,1.09,0,Medium,103.74
2023-12-02,DRUG003,Insulin Glargine 10ml,Pharmaceuticals,North America,993,25.0,1.04,0,Medium,99.58
2023-12-02,DRUG003,Insulin Glargine 10ml,Pharmaceuticals,Europe,1504,25.0,0.9,0,Medium,103.23
2023-12-02,SUPP001,Surgical Masks Box,Medical Supplies,North America,1054,10.0,1.0,0,High,103.55
2023-12-02,SUPP001,Surgical Masks Box,Medical Supplies,Europe,462,10.0,0.92,0,Low,104.95
2023-12-02,SUPP002,Surgical Gloves Box,Medical Supplies,North America,688,12.5,1.07,0,Low,102.09
2023-12-02,SUPP002,Surgical Gloves Box,Medical Supplies,Europe,764,12.5,0.92,1,Low,104.14
2023-12-03,DRUG001,Atorvastatin 20mg,Pharmaceuticals,North America,113,1.25,1.19,1,Medium,96.27
2023-12-03,DRUG001,Atorvastatin 20mg,Pharmaceuticals,Europe,843,1.25,1.05,0,Medium,100.69
2023-12-03,DRUG002,Amoxicillin 500mg,Pharmaceuticals,North America,811,0.85,1.07,0,Medium,95.85
2023-12-03,DRUG002,Amoxicillin 500mg,Pharmaceuticals,Europe,1104,0.85,1.09,0,Medium,102.73
2023-12-03,DRUG003,Insulin Glargine 10ml,Pharmaceuticals,North America,799,25.0,1.08,1,Low,103.53
2023-12-03,DRUG003,Insulin Glargine 10ml,Pharmaceuticals,Europe,1108,25.0,1.11,0,Low,97.88
2023-12-03,SUPP001,Surgical Masks Box,Medical Supplies,North America,923,10.0,0.92,0,Low,102.97
2023-12-03,SUPP001,Surgical Masks Box,Medical Supplies,Europe,1221,10.0,1.09,0,Medium,96.12
2023-12-03,SUPP002,Surgical Gloves Box,Medical Supplies,North America,1394,12.5,1.03,1,Medium,95.15
2023-12-03,SUPP002,Surgical Gloves Box,Medical Supplies,Europe,829,12.5,1.16,0,Low,102.34
2023-12-04,DRUG001,Atorvastatin 20mg,Pharmaceuticals,North America,1033,1.25,0.99,0,Low,98.27
2023-12-04,DRUG001,Atorvastatin 20mg,Pharmaceuticals,Europe,1332,1.25,0.97,0,High,98.07
2023-12-04,DRUG002,Amoxicillin 500mg,Pharmaceuticals,North America,1124,0.85,1.12,1,Low,96.44
2023-12-04,DRUG002,Amoxicillin 500mg,Pharmaceuticals,Europe,884,0.85,1.06,0,Medium,100.99
2023-12-04,DRUG003,Insulin Glargine 10ml,Pharmaceuticals,North America,974,25.0,1.1,0,Medium,99.51
2023-12-04,DRUG003,Insulin Glargine 10ml,Pharmaceuticals,Europe,600,25.0,1.0,0,Medium,95.23
2023-12-04,SUPP001,Surgical Masks Box,Medical Supplies,North America,1276,10.0,1.01,0,High,97.64
2023-12-04,SUPP001,Surgical Masks Box,Medical Supplies,Europe,1135,10.0,0.94,0,Medium,97.94
2023-12-04,SUPP002,Surgical Gloves Box,Medical Supplies,North America,451,12.5,0.94,0,Medium,101.12
2023-12-04,SUPP002,Surgical Gloves Box,Medical Supplies,Europe,1485,12.5,0.94,0,Medium,103.13
2023-12-05,DRUG001,Atorvastatin 20mg,Pharmaceuticals,North America,1326,1.25,0.95,0,Low,102.68
2023-12-05,DRUG001,Atorvastatin 20mg,Pharmaceuticals,Europe,485,1.25,1.02,0,Medium,103.29
2023-12-05,DRUG002,Amoxicillin 500mg,Pharmaceuticals,North America,741,0.85,1.19,0,High,95.13
2023-12-05,DRUG002,Amoxicillin 500mg,Pharmaceuticals,Europe,823,0.85,1.01,0,Low,100.67
2023-12-05,DRUG003,Insulin Glargine 10ml,Pharmaceuticals,North America,905,25.0,0.97,0,Low,101.32
2023-12-05,DRUG003,Insulin Glargine 10ml,Pharmaceuticals,Europe,986,25.0,0.97,0,High,99.67
2023-12-05,SUPP001,Surgical Masks Box,Medical Supplies,North America,1451,10.0,1.17,0,Medium,101.11
2023-12-05,SUPP001,Surgical Masks Box,Medical Supplies,Europe,782,10.0,1.0,0,High,104.43
2023-12-05,SUPP002,Surgical Gloves Box,Medical Supplies,North America,738,12.5,1.19,0,Low,102.07
2023-12-05,SUPP002,Surgical Gloves Box,Medical Supplies,Europe,776,12.5,0.99,0,High,96.62
2023-12-06,DRUG001,Atorvastatin 20mg,Pharmaceuticals,North America,966,1.25,1.08,0,Medium,101.27
2023-12-06,DRUG001,Atorvastatin 20mg,Pharmaceuticals,Europe,936,1.25,1.15,0,High,97.35
2023-12-06,DRUG002,Amoxicillin 500mg,Pharmaceuticals,North America,784,0.85,0.93,0,Low,96.77
2023-12-06,DRUG002,Amoxicillin 500mg,Pharmaceuticals,Europe,1549,0.85,1.01,0,Low,96.84
2023-12-06,DRUG003,Insulin Glargine 10ml,Pharmaceuticals,North America,995,25.0,1.03,0,Low,99.29
2023-12-06,DRUG003,Insulin Glargine 10ml,Pharmaceuticals,Europe,918,25.0,1.14,0,High,95.1
2023-12-06,SUPP001,Surgical Masks Box,Medical Supplies,North America,976,10.0,1.2,0,Medium,98.54
2023-12-06,SUPP001,Surgical Masks Box,Medical Supplies,Europe,1069,10.0,1.01,0,Medium,104.92
2023-12-06,SUPP002,Surgical Gloves Box,Medical Supplies,North America,778,12.5,0.93,1,Medium,102.0
2023-12-06,SUPP002,Surgical Gloves Box,Medical Supplies,Europe,1683,12.5,1.02,0,High,96.66
2023-12-07,DRUG001,Atorvastatin 20mg,Pharmaceuticals,North America,763,1.25,1.14,0,Low,97.98
2023-12-07,DRUG001,Atorvastatin 20mg,Pharmaceuticals,Europe,859,1.25,1.05,0,Low,104.57
2023-12-07,DRUG002,Amoxicillin 500mg,Pharmaceuticals,North America,1163,0.85,0.97,0,Medium,99.19
2023-12-07,DRUG002,Amoxicillin 500mg,Pharmaceuticals,Europe,1480,0.85,0.99,0,Medium,101.55
2023-12-07,DRUG003,Insulin Glargine 10ml,Pharmaceuticals,North America,1044,25.0,1.0,0,Medium,102.69
2023-12-07,DRUG003,Insulin Glargine 10ml,Pharmaceuticals,Europe,591,25.0,1.01,0,High,101.26
2023-12-07,SUPP001,Surgical Masks Box,Medical Supplies,North America,1132,10.0,0.93,0,Medium,98.85
2023-12-07,SUPP001,Surgical Masks Box,Medical Supplies,Europe,740,10.0,0.92,0,High,95.21
2023-12-07,SUPP002,Surgical Gloves Box,Medical Supplies,North America,1229,12.5,1.02,0,Medium,99.63
2023-12-07,SUPP002,Surgical Gloves Box,Medical Supplies,Europe,986,12.5,0.95,0,Medium,104.21
2023-12-08,DRUG001,Atorvastatin 20mg,Pharmaceuticals,North America,945,1.25,1.01,0,Low,103.82
2023-12-08,DRUG001,Atorvastatin 20mg,Pharmaceuticals,Europe,925,1.25,0.92,1,Medium,101.59
2023-12-08,DRUG002,Amoxicillin 500mg,Pharmaceuticals,North America,1373,0.85,0.95,0,Low,103.54
2023-12-08,DRUG002,Amoxicillin 500mg,Pharmaceuticals,Europe,824,0.85,1.13,0,Medium,96.3
2023-12-08,DRUG003,Insulin Glargine 10ml,Pharmaceuticals,North America,1131,25.0,1.1,0,High,103.79
2023-12-08,DRUG003,Insulin Glargine 10ml,Pharmaceuticals,Europe,1156,25.0,1.09,0,Medium,100.75
2023-12-08,SUPP001,Surgical Masks Box,Medical Supplies,North America,523,10.0,1.02,0,Medium,97.64
2023-12-08,SUPP001,Surgical Masks Box,Medical Supplies,Europe,739,10.0,1.13,0,Low,98.68
2023-12-08,SUPP002,Surgical Gloves Box,Medical Supplies,North America,1093,12.5,1.0,1,Low,104.61
2023-12-08,SUPP002,Surgical Gloves Box,Medical Supplies,Europe,1140,12.5,0.97,0,Medium,98.59
2023-12-09,DRUG001,Atorvastatin 20mg,Pharmaceuticals,North America,1426,1.25,1.15,0,Medium,96.48
2023-12-09,DRUG001,Atorvastatin 20mg,Pharmaceuticals,Europe,1056,1.25,0.91,0,Low,102.34
2023-12-09,DRUG002,Amoxicillin 500mg,Pharmaceuticals,North America,580,0.85,1.06,0,Medium,103.0
2023-12-09,DRUG002,Amoxicillin 500mg,Pharmaceuticals,Europe,1054,0.85,1.04,0,Medium,96.87
2023-12-09,DRUG003,Insulin Glargine 10ml,Pharmaceuticals,North America,955,25.0,1.04,0,Medium,95.33
2023-12-09,DRUG003,Insulin Glargine 10ml,Pharmaceuticals,Europe,1512,25.0,0.99,0,Low,100.45
2023-12-09,SUPP001,Surgical Masks Box,Medical Supplies,North America,1229,10.0,1.13,0,Medium,103.22
2023-12-09,SUPP001,Surgical Masks Box,Medical Supplies,Europe,1429,10.0,1.09,0,Medium,102.17
2023-12-09,SUPP002,Surgical Gloves Box,Medical Supplies,North America,888,12.5,1.0,1,Medium,96.79
2023-12-09,SUPP002,Surgical Gloves Box,Medical Supplies,Europe,1183,12.5,1.1,1,High,102.46
2023-12-10,DRUG001,Atorvastatin 20mg,Pharmaceuticals,North America,1104,1.25,1.06,0,Low,95.62
2023-12-10,DRUG001,Atorvastatin 20mg,Pharmaceuticals,Europe,918,1.25,1.04,0,Medium,104.57
2023-12-10,DRUG002,Amoxicillin 500mg,Pharmaceuticals,North America,1206,0.85,1.04,0,High,102.11
2023-12-10,DRUG002,Amoxicillin 500mg,Pharmaceuticals,Europe,1101,0.85,1.05,0,Medium,97.53
2023-12-10,DRUG003,Insulin Glargine 10ml,Pharmaceuticals,North America,1559,25.0,1.12,0,Medium,103.82
2023-12-10,DRUG003,Insulin Glargine 10ml,Pharmaceuticals,Europe,903,25.0,1.03,0,High,101.74
2023-12-10,SUPP001,Surgical Masks Box,Medical Supplies,North America,1100,10.0,1.15,0,Low,101.67
2023-12-10,SUPP001,Surgical Masks Box,Medical Supplies,Europe,886,10.0,1.17,0,Medium,99.43
2023-12-10,SUPP002,Surgical Gloves Box,Medical Supplies,North America,1452,12.5,0.96,0,Medium,104.01
2023-12-10,SUPP002,Surgical Gloves Box,Medical Supplies,Europe,1153,12.5,1.15,1,High,103.69
2023-12-11,DRUG001,Atorvastatin 20mg,Pharmaceuticals,North America,524,1.25,0.92,0,Low,99.68
2023-12-11,DRUG001,Atorvastatin 20mg,Pharmaceuticals,Europe,1427,1.25,1.1,1,High,99.51
2023-12-11,DRUG002,Amoxicillin 500mg,Pharmaceuticals,North America,584,0.85,1.01,0,High,100.74
2023-12-11,DRUG002,Amoxicillin 500mg,Pharmaceuticals,Europe,820,0.85,0.94,0,Medium,100.33
2023-12-11,DRUG003,Insulin Glargine 10ml,Pharmaceuticals,North America,1042,25.0,0.94,0,Low,101.23
2023-12-11,DRUG003,Insulin Glargine 10ml,Pharmaceuticals,Europe,772,25.0,0.93,0,Medium,96.59
2023-12-11,SUPP001,Surgical Masks Box,Medical Supplies,North America,740,10.0,0.91,0,Low,95.95
2023-12-11,SUPP001,Surgical Masks Box,Medical Supplies,Europe,1003,10.0,1.03,1,Medium,103.16
2023-12-11,SUPP002,Surgical Gloves Box,Medical Supplies,North America,1171,12.5,1.01,0,Medium,104.95
2023-12-11,SUPP002,Surgical Gloves Box,Medical Supplies,Europe,1416,12.5,1.04,0,Medium,99.32
2023-12-12,DRUG001,Atorvastatin 20mg,Pharmaceuticals,North America,1040,1.25,1.01,0,High,103.83
2023-12-12,DRUG001,Atorvastatin 20mg,Pharmaceuticals,Europe,214,1.25,0.97,0,Low,98.09
2023-12-12,DRUG002,Amoxicillin 500mg,Pharmaceuticals,North America,719,0.85,0.92,0,Medium,98.27
2023-12-12,DRUG002,Amoxicillin 500mg,Pharmaceuticals,Europe,1325,0.85,1.09,0,Medium,103.97
2023-12-12,DRUG003,Insulin Glargine 10ml,Pharmaceuticals,North America,635,25.0,1.0,0,Medium,95.13
2023-12-12,DRUG003,Insulin Glargine 10ml,Pharmaceuticals,Europe,926,25.0,0.99,0,Medium,102.32
2023-12-12,SUPP001,Surgical Masks Box,Medical Supplies,North America,1167,10.0,1.1,0,High,100.69
2023-12-12,SUPP001,Surgical Masks Box,Medical Supplies,Europe,1183,10.0,0.96,0,Medium,104.25
2023-12-12,SUPP002,Surgical Gloves Box,Medical Supplies,North America,763,12.5,1.1,0,High,96.08
2023-12-12,SUPP002,Surgical Gloves Box,Medical Supplies,Europe,568,12.5,0.91,0,Low,96.13
2023-12-13,DRUG001,Atorvastatin 20mg,Pharmaceuticals,North America,1435,1.25,0.97,0,Medium,100.61
2023-12-13,DRUG001,Atorvastatin 20mg,Pharmaceuticals,Europe,663,1.25,1.13,0,Medium,99.49
2023-12-13,DRUG002,Amoxicillin 500mg,Pharmaceuticals,North America,1080,0.85,1.2,0,Low,98.21
2023-12-13,DRUG002,Amoxicillin 500mg,Pharmaceuticals,Europe,1255,0.85,1.07,0,Medium,102.86
2023-12-13,DRUG003,Insulin Glargine 10ml,Pharmaceuticals,North America,745,25.0,0.92,0,Medium,98.26
2023-12-13,DRUG003,Insulin Glargine 10ml,Pharmaceuticals,Europe,824,25.0,1.08,0,Low,102.02
2023-12-13,SUPP001,Surgical Masks Box,Medical Supplies,North America,1435,10.0,1.15,0,Low,99.86
2023-12-13,SUPP001,Surgical Masks Box,Medical Supplies,Europe,664,10.0,1.12,0,Medium,97.28
2023-12-13,SUPP002,Surgical Gloves Box,Medical Supplies,North America,1112,12.5,1.12,0,Low,102.17
2023-12-13,SUPP002,Surgical Gloves Box,Medical Supplies,Europe,615,12.5,0.99,0,Low,98.15
2023-12-14,DRUG001,Atorvastatin 20mg,Pharmaceuticals,North America,477,1.25,0.91,0,Low,101.6
2023-12-14,DRUG001,Atorvastatin 20mg,Pharmaceuticals,Europe,1342,1.25,0.93,0,Low,97.12
2023-12-14,DRUG002,Amoxicillin 500mg,Pharmaceuticals,North America,871,0.85,1.15,0,Low,98.06
2023-12-14,DRUG002,Amoxicillin 500mg,Pharmaceuticals,Europe,1600,0.85,1.13,0,Medium,98.02
2023-12-14,DRUG003,Insulin Glargine 10ml,Pharmaceuticals,North America,1434,25.0,1.1,0,Low,101.43
2023-12-14,DRUG003,Insulin Glargine 10ml,Pharmaceuticals,Europe,1073,25.0,0.95,0,Medium,102.82
2023-12-14,SUPP001,Surgical Masks Box,Medical Supplies,North America,1337,10.0,0.94,0,Low,102.19
2023-12-14,SUPP001,Surgical Masks Box,Medical Supplies,Europe,1363,10.0,1.19,0,Low,99.76
2023-12-14,SUPP002,Surgical Gloves Box,Medical Supplies,North America,1049,12.5,0.91,1,High,96.32
2023-12-14,SUPP002,Surgical Gloves Box,Medical Supplies,Europe,1339,12.5,1.18,0,Low,99.61
2023-12-15,DRUG001,Atorvastatin 20mg,Pharmaceuticals,North America,1141,1.25,0.92,1,Low,102.46
2023-12-15,DRUG001,Atorvastatin 20mg,Pharmaceuticals,Europe,1296,1.25,1.09,0,Low,103.7
2023-12-15,DRUG002,Amoxicillin 500mg,Pharmaceuticals,North America,1546,0.85,1.05,0,Medium,97.87
2023-12-15,DRUG002,Amoxicillin 500mg,Pharmaceuticals,Europe,715,0.85,1.01,0,Medium,97.13
2023-12-15,DRUG003,Insulin Glargine 10ml,Pharmaceuticals,North America,742,25.0,0.97,0,Medium,97.39
2023-12-15,DRUG003,Insulin Glargine 10ml,Pharmaceuticals,Europe,1147,25.0,0.98,0,Medium,96.72
2023-12-15,SUPP001,Surgical Masks Box,Medical Supplies,North America,1092,10.0,1.13,0,Low,99.32
2023-12-15,SUPP001,Surgical Masks Box,Medical Supplies,Europe,794,10.0,1.02,1,Medium,97.08
2023-12-15,SUPP002,Surgical Gloves Box,Medical Supplies,North America,1251,12.5,1.08,0,High,102.68
2023-12-15,SUPP002,Surgical Gloves Box,Medical Supplies,Europe,337,12.5,1.05,0,Medium,102.79
2023-12-16,DRUG001,Atorvastatin 20mg,Pharmaceuticals,North America,1161,1.25,1.13,1,Low,101.28
2023-12-16,DRUG001,Atorvastatin 20mg,Pharmaceuticals,Europe,903,1.25,0.94,0,Low,96.28
2023-12-16,DRUG002,Amoxicillin 500mg,Pharmaceuticals,North America,762,0.85,1.0,0,High,98.2
2023-12-16,DRUG002,Amoxicillin 500mg,Pharmaceuticals,Europe,915,0.85,1.0,0,Medium,102.1
2023-12-16,DRUG003,Insulin Glargine 10ml,Pharmaceuticals,North America,1151,25.0,0.96,1,High,100.89
2023-12-16,DRUG003,Insulin Glargine 10ml,Pharmaceuticals,Europe,1046,25.0,1.1,0,Low,97.18
2023-12-16,SUPP001,Surgical Masks Box,Medical Supplies,North America,1012,10.0,1.01,0,Medium,95.13
2023-12-16,SUPP001,Surgical Masks Box,Medical Supplies,Europe,1166,10.0,1.12,0,Low,104.57
2023-12-16,SUPP002,Surgical Gloves Box,Medical Supplies,North America,930,12.5,0.93,0,Low,98.53
2023-12-16,SUPP002,Surgical Gloves Box,Medical Supplies,Europe,547,12.5,1.15,0,Medium,100.71
2023-12-17,DRUG001,Atorvastatin 20mg,Pharmaceuticals,North America,1011,1.25,0.92,0,High,103.41
2023-12-17,DRUG001,Atorvastatin 20mg,Pharmaceuticals,Europe,1063,1.25,1.0,0,Medium,104.67
2023-12-17,DRUG002,Amoxicillin 500mg,Pharmaceuticals,North America,1169,0.85,1.11,1,Medium,95.85
2023-12-17,DRUG002,Amoxicillin 500mg,Pharmaceuticals,Europe,854,0.85,1.08,0,Low,98.94
2023-12-17,DRUG003,Insulin Glargine 10ml,Pharmaceuticals,North America,495,25.0,1.01,0,High,102.5
2023-12-17,DRUG003,Insulin Glargine 10ml,Pharmaceuticals,Europe,1394,25.0,0.9,0,Medium,95.1
2023-12-17,SUPP001,Surgical Masks Box,Medical Supplies,North America,1396,10.0,1.04,0,Medium,96.54
2023-12-17,SUPP001,Surgical Masks Box,Medical Supplies,Europe,515,10.0,1.19,0,Medium,96.43
2023-12-17,SUPP002,Surgical Gloves Box,Medical Supplies,North America,805,12.5,0.96,0,Low,100.59
2023-12-17,SUPP002,Surgical Gloves Box,Medical Supplies,Europe,426,12.5,1.1,0,High,96.85
2023-12-18,DRUG001,Atorvastatin 20mg,Pharmaceuticals,North America,1204,1.25,1.04,0,Low,103.06
2023-12-18,DRUG001,Atorvastatin 20mg,Pharmaceuticals,Europe,652,1.25,1.09,0,Low,103.1
2023-12-18,DRUG002,Amoxicillin 500mg,Pharmaceuticals,North America,716,0.85,1.01,0,Medium,103.43
2023-12-18,DRUG002,Amoxicillin 500mg,Pharmaceuticals,Europe,1049,0.85,1.03,0,High,100.76
2023-12-18,DRUG003,Insulin Glargine 10ml,Pharmaceuticals,North America,514,25.0,1.08,0,Low,104.91
2023-12-18,DRUG003,Insulin Glargine 10ml,Pharmaceuticals,Europe,1134,25.0,1.16,0,Medium,99.62
2023-12-18,SUPP001,Surgical Masks Box,Medical Supplies,North America,827,10.0,1.13,0,High,96.48
2023-12-18,SUPP001,Surgical Masks Box,Medical Supplies,Europe,719,10.0,1.05,0,Medium,103.89
2023-12-18,SUPP002,Surgical Gloves Box,Medical Supplies,North America,688,12.5,1.12,0,Medium,102.7
2023-12-18,SUPP002,Surgical Gloves Box,Medical Supplies,Europe,1443,12.5,1.06,0,Low,99.11
2023-12-19,DRUG001,Atorvastatin 20mg,Pharmaceuticals,North America,440,1.25,1.17,1,High,98.75
2023-12-19,DRUG001,Atorvastatin 20mg,Pharmaceuticals,Europe,1673,1.25,1.12,0,Low,98.43
2023-12-19,DRUG002,Amoxicillin 500mg,Pharmaceuticals,North America,937,0.85,1.04,1,Low,104.02
2023-12-19,DRUG002,Amoxicillin 500mg,Pharmaceuticals,Europe,840,0.85,0.97,0,Medium,101.73
2023-12-19,DRUG003,Insulin Glargine 10ml,Pharmaceuticals,North America,404,25.0,1.11,0,Low,103.94
2023-12-19,DRUG003,Insulin Glargine 10ml,Pharmaceuticals,Europe,843,25.0,0.99,0,Medium,104.63
2023-12-19,SUPP001,Surgical Masks Box,Medical Supplies,North America,1725,10.0,1.0,0,Medium,99.38
2023-12-19,SUPP001,Surgical Masks Box,Medical Supplies,Europe,990,10.0,1.16,0,High,103.52
2023-12-19,SUPP002,Surgical Gloves Box,Medical Supplies,North America,24,12.5,1.01,1,Low,100.9
2023-12-19,SUPP002,Surgical Gloves Box,Medical Supplies,Europe,1633,12.5,1.1,1,Medium,101.44
2023-12-20,DRUG001,Atorvastatin 20mg,Pharmaceuticals,North America,913,1.25,0.94,0,Medium,102.58
2023-12-20,DRUG001,Atorvastatin 20mg,Pharmaceuticals,Europe,736,1.25,1.1,0,Low,98.3
2023-12-20,DRUG002,Amoxicillin 500mg,Pharmaceuticals,North America,1125,0.85,0.95,0,Medium,99.59
2023-12-20,DRUG002,Amoxicillin 500mg,Pharmaceuticals,Europe,797,0.85,0.94,0,Low,102.0
2023-12-20,DRUG003,Insulin Glargine 10ml,Pharmaceuticals,North America,792,25.0,1.12,0,Medium,96.89
2023-12-20,DRUG003,Insulin Glargine 10ml,Pharmaceuticals,Europe,1172,25.0,0.95,0,Low,102.94
2023-12-20,SUPP001,Surgical Masks Box,Medical Supplies,North America,1083,10.0,0.92,0,Medium,97.79
2023-12-20,SUPP001,Surgical Masks Box,Medical Supplies,Europe,1046,10.0,1.0,0,Low,101.43
2023-12-20,SUPP002,Surgical Gloves Box,Medical Supplies,North America,1329,12.5,1.15,0,High,100.31
2023-12-20,SUPP002,Surgical Gloves Box,Medical Supplies,Europe,566,12.5,1.18,0,Medium,99.04
2023-12-21,DRUG001,Atorvastatin 20mg,Pharmaceuticals,North America,1157,1.25,1.05,1,Low,97.2
2023-12-21,DRUG001,Atorvastatin 20mg,Pharmaceuticals,Europe,1407,1.25,1.08,0,Medium,99.87
2023-12-21,DRUG002,Amoxicillin 500mg,Pharmaceuticals,North America,936,0.85,1.19,0,High,98.04
2023-12-21,DRUG002,Amoxicillin 500mg,Pharmaceuticals,Europe,913,0.85,1.12,0,Low,100.51
2023-12-21,DRUG003,Insulin Glargine 10ml,Pharmaceuticals,North America,897,25.0,1.15,0,High,103.03
2023-12-21,DRUG003,Insulin Glargine 10ml,Pharmaceuticals,Europe,1691,25.0,1.05,0,High,99.9
2023-12-21,SUPP001,Surgical Masks Box,Medical Supplies,North America,1014,10.0,0.94,0,Low,97.61
2023-12-21,SUPP001,Surgical Masks Box,Medical Supplies,Europe,506,10.0,1.19,0,Medium,101.24
2023-12-21,SUPP002,Surgical Gloves Box,Medical Supplies,North America,1144,12.5,1.08,1,Low,104.43
2023-12-21,SUPP002,Surgical Gloves Box,Medical Supplies,Europe,1189,12.5,1.02,0,Low,100.4
2023-12-22,DRUG001,Atorvastatin 20mg,Pharmaceuticals,North America,1348,1.25,0.96,0,High,104.47
2023-12-22,DRUG001,Atorvastatin 20mg,Pharmaceuticals,Europe,955,1.25,1.11,0,Low,102.22
2023-12-22,DRUG002,Amoxicillin 500mg,Pharmaceuticals,North America,767,0.85,0.93,0,Medium,96.42
2023-12-22,DRUG002,Amoxicillin 500mg,Pharmaceuticals,Europe,1067,0.85,1.04,0,Medium,102.06
2023-12-22,DRUG003,Insulin Glargine 10ml,Pharmaceuticals,North America,1050,25.0,1.04,0,High,98.31
2023-12-22,DRUG003,Insulin Glargine 10ml,Pharmaceuticals,Europe,1595,25.0,0.98,0,Low,103.47
2023-12-22,SUPP001,Surgical Masks Box,Medical Supplies,North America,1363,10.0,0.91,0,Low,103.17
2023-12-22,SUPP001,Surgical Masks Box,Medical Supplies,Europe,690,10.0,1.19,0,High,102.0
2023-12-22,SUPP002,Surgical Gloves Box,Medical Supplies,North America,1063,12.5,1.06,0,Low,104.22
2023-12-22,SUPP002,Surgical Gloves Box,Medical Supplies,Europe,874,12.5,1.18,0,High,103.07
2023-12-23,DRUG001,Atorvastatin 20mg,Pharmaceuticals,North America,1005,1.25,1.15,0,Medium,104.28
2023-12-23,DRUG001,Atorvastatin 20mg,Pharmaceuticals,Europe,544,1.25,1.05,0,Medium,97.77
2023-12-23,DRUG002,Amoxicillin 500mg,Pharmaceuticals,North America,940,0.85,1.05,0,Medium,104.95
2023-12-23,DRUG002,Amoxicillin 500mg,Pharmaceuticals,Europe,1222,0.85,0.91,0,Low,98.64
2023-12-23,DRUG003,Insulin Glargine 10ml,Pharmaceuticals,North America,1154,25.0,0.92,0,Low,96.34
2023-12-23,DRUG003,Insulin Glargine 10ml,Pharmaceuticals,Europe,801,25.0,1.13,0,Low,97.75
2023-12-23,SUPP001,Surgical Masks Box,Medical Supplies,North America,1530,10.0,0.91,0,Medium,98.32
2023-12-23,SUPP001,Surgical Masks Box,Medical Supplies,Europe,1288,10.0,1.17,0,Medium,98.38
2023-12-23,SUPP002,Surgical Gloves Box,Medical Supplies,North America,1247,12.5,1.08,0,Medium,100.72
2023-12-23,SUPP002,Surgical Gloves Box,Medical Supplies,Europe,1144,12.5,0.99,0,Low,102.79
2023-12-24,DRUG001,Atorvastatin 20mg,Pharmaceuticals,North America,1151,1.25,1.04,0,Low,102.43
2023-12-24,DRUG001,Atorvastatin 20mg,Pharmaceuticals,Europe,1142,1.25,1.17,0,Low,104.35
2023-12-24,DRUG002,Amoxicillin 500mg,Pharmaceuticals,North America,990,0.85,1.08,0,Medium,104.68
2023-12-24,DRUG002,Amoxicillin 500mg,Pharmaceuticals,Europe,1067,0.85,0.93,0,Medium,103.9
2023-12-24,DRUG003,Insulin Glargine 10ml,Pharmaceuticals,North America,1385,25.0,1.03,0,Low,103.18
2023-12-24,DRUG003,Insulin Glargine 10ml,Pharmaceuticals,Europe,1014,25.0,1.2,0,Low,103.16
2023-12-24,SUPP001,Surgical Masks Box,Medical Supplies,North America,1131,10.0,0.98,0,Medium,95.85
2023-12-24,SUPP001,Surgical Masks Box,Medical Supplies,Europe,1034,10.0,0.98,0,Low,96.06
2023-12-24,SUPP002,Surgical Gloves Box,Medical Supplies,North America,1276,12.5,1.1,0,Medium,103.29
2023-12-24,SUPP002,Surgical Gloves Box,Medical Supplies,Europe,961,12.5,1.16,0,High,100.35
2023-12-25,DRUG001,Atorvastatin 20mg,Pharmaceuticals,North America,1184,1.25,1.06,1,Low,98.98
2023-12-25,DRUG001,Atorvastatin 20mg,Pharmaceuticals,Europe,892,1.25,1.18,0,High,104.54
2023-12-25,DRUG002,Amoxicillin 500mg,Pharmaceuticals,North America,1049,0.85,1.09,0,Medium,101.3
2023-12-25,DRUG002,Amoxicillin 500mg,Pharmaceuticals,Europe,1298,0.85,1.19,0,High,95.57
2023-12-25,DRUG003,Insulin Glargine 10ml,Pharmaceuticals,North America,955,25.0,1.02,0,Low,104.76
2023-12-25,DRUG003,Insulin Glargine 10ml,Pharmaceuticals,Europe,665,25.0,0.99,0,Low,100.79
2023-12-25,SUPP001,Surgical Masks Box,Medical Supplies,North America,774,10.0,0.97,0,Low,99.37
2023-12-25,SUPP001,Surgical Masks Box,Medical Supplies,Europe,1176,10.0,0.91,0,Medium,95.9
2023-12-25,SUPP002,Surgical Gloves Box,Medical Supplies,North America,849,12.5,0.9,0,Medium,98.32
2023-12-25,SUPP002,Surgical Gloves Box,Medical Supplies,Europe,926,12.5,1.15,0,Low,102.34
2023-12-26,DRUG001,Atorvastatin 20mg,Pharmaceuticals,North America,892,1.25,1.05,0,Low,101.67
2023-12-26,DRUG001,Atorvastatin 20mg,Pharmaceuticals,Europe,431,1.25,1.09,0,Low,99.77
2023-12-26,DRUG002,Amoxicillin 500mg,Pharmaceuticals,North America,958,0.85,1.18,0,Low,99.39
2023-12-26,DRUG002,Amoxicillin 500mg,Pharmaceuticals,Europe,331,0.85,1.15,0,Medium,97.5
2023-12-26,DRUG003,Insulin Glargine 10ml,Pharmaceuticals,North America,1730,25.0,1.2,0,Medium,99.91
2023-12-26,DRUG003,Insulin Glargine 10ml,Pharmaceuticals,Europe,599,25.0,1.01,0,Medium,104.95
2023-12-26,SUPP001,Surgical Masks Box,Medical Supplies,North America,775,10.0,1.1,0,Low,98.54
2023-12-26,SUPP001,Surgical Masks Box,Medical Supplies,Europe,977,10.0,1.12,0,Low,101.17
2023-12-26,SUPP002,Surgical Gloves Box,Medical Supplies,North America,1226,12.5,1.05,0,Low,102.61
2023-12-26,SUPP002,Surgical Gloves Box,Medical Supplies,Europe,952,12.5,1.12,1,Low,99.48
2023-12-27,DRUG001,Atorvastatin 20mg,Pharmaceuticals,North America,808,1.25,1.02,1,Medium,104.85
2023-12-27,DRUG001,Atorvastatin 20mg,Pharmaceuticals,Europe,1084,1.25,0.92,0,Medium,100.01
2023-12-27,DRUG002,Amoxicillin 500mg,Pharmaceuticals,North America,1093,0.85,0.98,1,Medium,103.14
2023-12-27,DRUG002,Amoxicillin 500mg,Pharmaceuticals,Europe,1193,0.85,1.02,0,Medium,96.41
2023-12-27,DRUG003,Insulin Glargine 10ml,Pharmaceuticals,North America,668,25.0,1.02,0,Low,97.12
2023-12-27,DRUG003,Insulin Glargine 10ml,Pharmaceuticals,Europe,1160,25.0,1.06,0,Medium,97.48
2023-12-27,SUPP001,Surgical Masks Box,Medical Supplies,North America,1342,10.0,1.01,0,Medium,102.13
2023-12-27,SUPP001,Surgical Masks Box,Medical Supplies,Europe,1310,10.0,0.98,0,High,103.22
2023-12-27,SUPP002,Surgical Gloves Box,Medical Supplies,North America,908,12.5,1.1,0,High,96.4
2023-12-27,SUPP002,Surgical Gloves Box,Medical Supplies,Europe,727,12.5,1.03,0,Low,95.15
2023-12-28,DRUG001,Atorvastatin 20mg,Pharmaceuticals,North America,1019,1.25,1.15,0,Low,97.59
2023-12-28,DRUG001,Atorvastatin 20mg,Pharmaceuticals,Europe,1284,1.25,1.02,0,Low,97.05
2023-12-28,DRUG002,Amoxicillin 500mg,Pharmaceuticals,North America,900,0.85,1.12,0,Low,96.43
2023-12-28,DRUG002,Amoxicillin 500mg,Pharmaceuticals,Europe,1466,0.85,1.13,0,Low,95.77
2023-12-28,DRUG003,Insulin Glargine 10ml,Pharmaceuticals,North America,703,25.0,0.93,0,Medium,104.34
2023-12-28,DRUG003,Insulin Glargine 10ml,Pharmaceuticals,Europe,936,25.0,1.0,0,Low,101.18
2023-12-28,SUPP001,Surgical Masks Box,Medical Supplies,North America,1028,10.0,1.18,0,Low,99.01
2023-12-28,SUPP001,Surgical Masks Box,Medical Supplies,Europe,1222,10.0,1.11,0,High,95.25
2023-12-28,SUPP002,Surgical Gloves Box,Medical Supplies,North America,701,12.5,0.95,0,Medium,96.37
2023-12-28,SUPP002,Surgical Gloves Box,Medical Supplies,Europe,1366,12.5,0.96,0,Medium,98.18
2023-12-29,DRUG001,Atorvastatin 20mg,Pharmaceuticals,North America,1058,1.25,1.1,0,Low,104.16
2023-12-29,DRUG001,Atorvastatin 20mg,Pharmaceuticals,Europe,998,1.25,1.09,0,High,99.48
2023-12-29,DRUG002,Amoxicillin 500mg,Pharmaceuticals,North America,712,0.85,0.95,0,Low,99.68
2023-12-29,DRUG002,Amoxicillin 500mg,Pharmaceuticals,Europe,932,0.85,1.03,0,High,96.08
2023-12-29,DRUG003,Insulin Glargine 10ml,Pharmaceuticals,North America,1475,25.0,0.96,0,High,101.35
2023-12-29,DRUG003,Insulin Glargine 10ml,Pharmaceuticals,Europe,1011,25.0,0.93,0,Medium,102.51
2023-12-29,SUPP001,Surgical Masks Box,Medical Supplies,North America,889,10.0,1.07,0,Medium,101.08
2023-12-29,SUPP001,Surgical Masks Box,Medical Supplies,Europe,855,10.0,0.93,0,High,96.61
2023-12-29,SUPP002,Surgical Gloves Box,Medical Supplies,North America,490,12.5,1.04,0,Low,95.29
2023-12-29,SUPP002,Surgical Gloves Box,Medical Supplies,Europe,1312,12.5,1.19,0,Medium,98.84
2023-12-30,DRUG001,Atorvastatin 20mg,Pharmaceuticals,North America,331,1.25,1.01,0,Low,96.8
2023-12-30,DRUG001,Atorvastatin 20mg,Pharmaceuticals,Europe,1219,1.25,1.07,0,Low,95.33
2023-12-30,DRUG002,Amoxicillin 500mg,Pharmaceuticals,North America,1103,0.85,1.18,0,High,97.96
2023-12-30,DRUG002,Amoxicillin 500mg,Pharmaceuticals,Europe,1354,0.85,0.97,0,Low,101.26
2023-12-30,DRUG003,Insulin Glargine 10ml,Pharmaceuticals,North America,1275,25.0,0.98,0,High,103.83
2023-12-30,DRUG003,Insulin Glargine 10ml,Pharmaceuticals,Europe,544,25.0,1.19,0,Medium,100.59
2023-12-30,SUPP001,Surgical Masks Box,Medical Supplies,North America,936,10.0,0.99,0,Low,104.23
2023-12-30,SUPP001,Surgical Masks Box,Medical Supplies,Europe,923,10.0,1.06,0,Low,97.69
2023-12-30,SUPP002,Surgical Gloves Box,Medical Supplies,North America,720,12.5,0.94,0,Medium,99.55
2023-12-30,SUPP002,Surgical Gloves Box,Medical Supplies,Europe,811,12.5,1.07,0,High,102.84
2023-12-31,DRUG001,Atorvastatin 20mg,Pharmaceuticals,North America,982,1.25,0.92,0,Medium,104.02
2023-12-31,DRUG001,Atorvastatin 20mg,Pharmaceuticals,Europe,927,1.25,0.97,0,Low,98.71
2023-12-31,DRUG002,Amoxicillin 500mg,Pharmaceuticals,North America,799,0.85,1.11,0,High,97.72
2023-12-31,DRUG002,Amoxicillin 500mg,Pharmaceuticals,Europe,1009,0.85,1.17,1,High,102.78
2023-12-31,DRUG003,Insulin Glargine 10ml,Pharmaceuticals,North America,1091,25.0,0.96,0,Medium,104.85
2023-12-31,DRUG003,Insulin Glargine 10ml,Pharmaceuticals,Europe,1388,25.0,1.06,0,Medium,104.79
2023-12-31,SUPP001,Surgical Masks Box,Medical Supplies,North America,841,10.0,1.06,0,Low,98.37
2023-12-31,SUPP001,Surgical Masks Box,Medical Supplies,Europe,705,10.0,1.16,0,Medium,102.62
2023-12-31,SUPP002,Surgical Gloves Box,Medical Supplies,North America,1177,12.5,0.91,0,Medium,97.5
2023-12-31,SUPP002,Surgical Gloves Box,Medical Supplies,Europe,969,12.5,1.05,0,High,98.58
2024-01-01,DRUG001,Atorvastatin 20mg,Pharmaceuticals,North America,682,1.25,0.96,1,Medium,104.62
2024-01-01,DRUG001,Atorvastatin 20mg,Pharmaceuticals,Europe,1117,1.25,0.99,0,Medium,99.95
2024-01-01,DRUG002,Amoxicillin 500mg,Pharmaceuticals,North America,1165,0.85,1.01,0,Low,100.64
2024-01-01,DRUG002,Amoxicillin 500mg,Pharmaceuticals,Europe,769,0.85,1.12,0,Medium,96.39
2024-01-01,DRUG003,Insulin Glargine 10ml,Pharmaceuticals,North America,1660,25.0,1.2,1,High,95.64
2024-01-01,DRUG003,Insulin Glargine 10ml,Pharmaceuticals,Europe,1189,25.0,1.19,0,High,99.07
2024-01-01,SUPP001,Surgical Masks Box,Medical Supplies,North America,880,10.0,0.94,0,High,95.38
2024-01-01,SUPP001,Surgical Masks Box,Medical Supplies,Europe,412,10.0,0.95,0,Medium,104.97
2024-01-01,SUPP002,Surgical Gloves Box,Medical Supplies,North America,915,12.5,1.17,0,Low,102.52
2024-01-01,SUPP002,Surgical Gloves Box,Medical Supplies,Europe,922,12.5,1.1,0,Medium,104.91
2024-01-02,DRUG001,Atorvastatin 20mg,Pharmaceuticals,North America,682,1.25,1.18,0,Low,99.08
2024-01-02,DRUG001,Atorvastatin 20mg,Pharmaceuticals,Europe,345,1.25,1.02,1,Medium,101.36
2024-01-02,DRUG002,Amoxicillin 500mg,Pharmaceuticals,North America,1287,0.85,1.09,0,High,102.32
2024-01-02,DRUG002,Amoxicillin 500mg,Pharmaceuticals,Europe,1227,0.85,1.12,1,High,103.29
2024-01-02,DRUG003,Insulin Glargine 10ml,Pharmaceuticals,North America,1810,25.0,1.0,0,Medium,102.21
2024-01-02,DRUG003,Insulin Glargine 10ml,Pharmaceuticals,Europe,977,25.0,1.2,0,Medium,100.51
2024-01-02,SUPP001,Surgical Masks Box,Medical Supplies,North America,734,10.0,1.17,0,High,100.45
2024-01-02,SUPP001,Surgical Masks Box,Medical Supplies,Europe,853,10.0,0.97,0,Low,104.73
2024-01-02,SUPP002,Surgical Gloves Box,Medical Supplies,North America,1162,12.5,1.02,0,Low,104.45
2024-01-02,SUPP002,Surgical Gloves Box,Medical Supplies,Europe,991,12.5,0.9,0,Low,97.86
2024-01-03,DRUG001,Atorvastatin 20mg,Pharmaceuticals,North America,1256,1.25,1.11,1,Medium,101.39
2024-01-03,DRUG001,Atorvastatin 20mg,Pharmaceuticals,Europe,1058,1.25,1.07,0,High,101.45
2024-01-03,DRUG002,Amoxicillin 500mg,Pharmaceuticals,North America,1177,0.85,0.96,0,Low,100.83
2024-01-03,DRUG002,Amoxicillin 500mg,Pharmaceuticals,Europe,1186,0.85,1.1,1,Low,95.91
2024-01-03,DRUG003,Insulin Glargine 10ml,Pharmaceuticals,North America,947,25.0,1.15,0,Medium,103.97
2024-01-03,DRUG003,Insulin Glargine 10ml,Pharmaceuticals,Europe,782,25.0,1.0,0,Low,103.52
2024-01-03,SUPP001,Surgical Masks Box,Medical Supplies,North America,1276,10.0,1.0,0,High,95.64
2024-01-03,SUPP001,Surgical Masks Box,Medical Supplies,Europe,1320,10.0,1.13,0,Low,102.43
2024-01-03,SUPP002,Surgical Gloves Box,Medical Supplies,North America,1364,12.5,1.11,0,Medium,100.81
2024-01-03,SUPP002,Surgical Gloves Box,Medical Supplies,Europe,722,12.5,0.99,0,Medium,95.13
2024-01-04,DRUG001,Atorvastatin 20mg,Pharmaceuticals,North America,1031,1.25,1.16,0,Medium,100.08
2024-01-04,DRUG001,Atorvastatin 20mg,Pharmaceuticals,Europe,1274,1.25,1.02,0,High,102.88
2024-01-04,DRUG002,Amoxicillin 500mg,Pharmaceuticals,North America,1084,0.85,1.2,0,Medium,102.69
2024-01-04,DRUG002,Amoxicillin 500mg,Pharmaceuticals,Europe,712,0.85,1.01,0,Medium,100.0
2024-01-04,DRUG003,Insulin Glargine 10ml,Pharmaceuticals,North America,1509,25.0,1.13,0,Low,97.92
2024-01-04,DRUG003,Insulin Glargine 10ml,Pharmaceuticals,Europe,1169,25.0,1.05,0,Medium,95.53
2024-01-04,SUPP001,Surgical Masks Box,Medical Supplies,North America,310,10.0,1.06,0,Low,104.04
2024-01-04,SUPP001,Surgical Masks Box,Medical Supplies,Europe,1050,10.0,0.96,0,High,100.39
2024-01-04,SUPP002,Surgical Gloves Box,Medical Supplies,North America,71,12.5,0.9,0,Low,101.7
2024-01-04,SUPP002,Surgical Gloves Box,Medical Supplies,Europe,865,12.5,1.18,0,Low,99.44
2024-01-05,DRUG001,Atorvastatin 20mg,Pharmaceuticals,North America,1453,1.25,1.03,0,Medium,103.85
2024-01-05,DRUG001,Atorvastatin 20mg,Pharmaceuticals,Europe,926,1.25,1.05,0,Low,97.21
2024-01-05,DRUG002,Amoxicillin 500mg,Pharmaceuticals,North America,882,0.85,1.18,0,Low,97.66
2024-01-05,DRUG002,Amoxicillin 500mg,Pharmaceuticals,Europe,549,0.85,1.02,0,Medium,98.92
2024-01-05,DRUG003,Insulin Glargine 10ml,Pharmaceuticals,North America,537,25.0,0.92,0,Low,95.92
2024-01-05,DRUG003,Insulin Glargine 10ml,Pharmaceuticals,Europe,1115,25.0,1.0,0,Medium,101.11
2024-01-05,SUPP001,Surgical Masks Box,Medical Supplies,North America,863,10.0,1.17,0,Medium,99.05
2024-01-05,SUPP001,Surgical Masks Box,Medical Supplies,Europe,1221,10.0,0.93,1,Low,98.41
2024-01-05,SUPP002,Surgical Gloves Box,Medical Supplies,North America,844,12.5,0.95,0,Low,103.67
2024-01-05,SUPP002,Surgical Gloves Box,Medical Supplies,Europe,934,12.5,1.0,0,Medium,104.97
2024-01-06,DRUG001,Atorvastatin 20mg,Pharmaceuticals,North America,769,1.25,1.19,0,Medium,97.4
2024-01-06,DRUG001,Atorvastatin 20mg,Pharmaceuticals,Europe,719,1.25,1.18,1,High,98.15
2024-01-06,DRUG002,Amoxicillin 500mg,Pharmaceuticals,North America,565,0.85,1.17,1,Medium,101.57
2024-01-06,DRUG002,Amoxicillin 500mg,Pharmaceuticals,Europe,837,0.85,0.95,0,Medium,98.85
2024-01-06,DRUG003,Insulin Glargine 10ml,Pharmaceuticals,North America,1051,25.0,1.19,0,Medium,97.69
2024-01-06,DRUG003,Insulin Glargine 10ml,Pharmaceuticals,Europe,1040,25.0,1.2,0,Medium,101.82
2024-01-06,SUPP001,Surgical Masks Box,Medical Supplies,North America,1200,10.0,1.17,0,Medium,98.62
2024-01-06,SUPP001,Surgical Masks Box,Medical Supplies,Europe,661,10.0,1.12,0,Medium,97.91
2024-01-06,SUPP002,Surgical Gloves Box,Medical Supplies,North America,1028,12.5,1.14,0,Low,103.75
2024-01-06,SUPP002,Surgical Gloves Box,Medical Supplies,Europe,1234,12.5,0.92,0,Medium,102.51
2024-01-07,DRUG001,Atorvastatin 20mg,Pharmaceuticals,North America,723,1.25,1.18,0,Low,96.93
2024-01-07,DRUG001,Atorvastatin 20mg,Pharmaceuticals,Europe,785,1.25,1.2,0,Medium,99.2
2024-01-07,DRUG002,Amoxicillin 500mg,Pharmaceuticals,North America,1092,0.85,1.08,0,High,99.45
2024-01-07,DRUG002,Amoxicillin 500mg,Pharmaceuticals,Europe,1139,0.85,1.18,0,Medium,95.69
2024-01-07,DRUG003,Insulin Glargine 10ml,Pharmaceuticals,North America,758,25.0,1.01,0,Low,96.86
2024-01-07,DRUG003,Insulin Glargine 10ml,Pharmaceuticals,Europe,1364,25.0,1.0,0,Low,102.24
2024-01-07,SUPP001,Surgical Masks Box,Medical Supplies,North America,1050,10.0,1.04,1,High,99.55
2024-01-07,SUPP001,Surgical Masks Box,Medical Supplies,Europe,767,10.0,1.13,0,Medium,95.75
2024-01-07,SUPP002,Surgical Gloves Box,Medical Supplies,North America,641,12.5,1.12,0,Medium,100.15
2024-01-07,SUPP002,Surgical Gloves Box,Medical Supplies,Europe,801,12.5,0.93,0,High,104.04
2024-01-08,DRUG001,Atorvastatin 20mg,Pharmaceuticals,North America,1461,1.25,1.13,0,Low,95.71
2024-01-08,DRUG001,Atorvastatin 20mg,Pharmaceuticals,Europe,1131,1.25,1.0,0,High,99.31
2024-01-08,DRUG002,Amoxicillin 500mg,Pharmaceuticals,North America,1280,0.85,0.96,0,Medium,102.0
2024-01-08,DRUG002,Amoxicillin 500mg,Pharmaceuticals,Europe,1328,0.85,1.2,0,High,98.82
2024-01-08,DRUG003,Insulin Glargine 10ml,Pharmaceuticals,North America,1254,25.0,0.92,0,Low,98.71
2024-01-08,DRUG003,Insulin Glargine 10ml,Pharmaceuticals,Europe,1491,25.0,1.12,0,Medium,97.89
2024-01-08,SUPP001,Surgical Masks Box,Medical Supplies,North America,1176,10.0,1.13,0,Low,103.09
2024-01-08,SUPP001,Surgical Masks Box,Medical Supplies,Europe,1175,10.0,0.96,0,Low,101.74
2024-01-08,SUPP002,Surgical Gloves Box,Medical Supplies,North America,1325,12.5,1.02,0,High,100.08
2024-01-08,SUPP002,Surgical Gloves Box,Medical Supplies,Europe,1396,12.5,1.02,0,Low,96.33
2024-01-09,DRUG001,Atorvastatin 20mg,Pharmaceuticals,North America,579,1.25,0.97,0,Medium,99.83
2024-01-09,DRUG001,Atorvastatin 20mg,Pharmaceuticals,Europe,854,1.25,1.11,1,Low,103.34
2024-01-09,DRUG002,Amoxicillin 500mg,Pharmaceuticals,North America,670,0.85,0.99,0,Medium,97.43
2024-01-09,DRUG002,Amoxicillin 500mg,Pharmaceuticals,Europe,1078,0.85,1.06,0,Medium,103.63
2024-01-09,DRUG003,Insulin Glargine 10ml,Pharmaceuticals,North America,974,25.0,1.19,0,Low,98.81
2024-01-09,DRUG003,Insulin Glargine 10ml,Pharmaceuticals,Europe,1327,25.0,1.08,0,Medium,96.25
2024-01-09,SUPP001,Surgical Masks Box,Medical Supplies,North America,1083,10.0,1.16,0,Medium,100.98
2024-01-09,SUPP001,Surgical Masks Box,Medical Supplies,Europe,922,10.0,0.96,0,Medium,100.37
2024-01-09,SUPP002,Surgical Gloves Box,Medical Supplies,North America,856,12.5,1.08,1,Low,100.03
2024-01-09,SUPP002,Surgical Gloves Box,Medical Supplies,Europe,1206,12.5,1.04,0,High,98.81
2024-01-10,DRUG001,Atorvastatin 20mg,Pharmaceuticals,North America,969,1.25,1.12,0,Medium,101.87
2024-01-10,DRUG001,Atorvastatin 20mg,Pharmaceuticals,Europe,844,1.25,0.98,0,Medium,99.67
2024-01-10,DRUG002,Amoxicillin 500mg,Pharmaceuticals,North America,1336,0.85,1.19,0,Low,99.64
2024-01-10,DRUG002,Amoxicillin 500mg,Pharmaceuticals,Europe,538,0.85,0.92,0,Low,96.21
2024-01-10,DRUG003,Insulin Glargine 10ml,Pharmaceuticals,North America,959,25.0,1.02,0,Low,103.24
2024-01-10,DRUG003,Insulin Glargine 10ml,Pharmaceuticals,Europe,997,25.0,1.17,0,Medium,97.78
2024-01-10,SUPP001,Surgical Masks Box,Medical Supplies,North America,143,10.0,0.98,0,Low,95.53
2024-01-10,SUPP001,Surgical Masks Box,Medical Supplies,Europe,913,10.0,1.13,0,Medium,99.68
2024-01-10,SUPP002,Surgical Gloves Box,Medical Supplies,North America,137,12.5,1.02,0,Medium,101.92
2024-01-10,SUPP002,Surgical Gloves Box,Medical Supplies,Europe,964,12.5,1.11,0,Medium,98.74
2024-01-11,DRUG001,Atorvastatin 20mg,Pharmaceuticals,North America,310,1.25,1.17,0,High,102.09
2024-01-11,DRUG001,Atorvastatin 20mg,Pharmaceuticals,Europe,1540,1.25,1.19,0,High,96.58
2024-01-11,DRUG002,Amoxicillin 500mg,Pharmaceuticals,North America,1032,0.85,1.2,0,Low,100.22
2024-01-11,DRUG002,Amoxicillin 500mg,Pharmaceuticals,Europe,817,0.85,1.09,0,Medium,104.75
2024-01-11,DRUG003,Insulin Glargine 10ml,Pharmaceuticals,North America,907,25.0,1.0,0,Low,96.0
2024-01-11,DRUG003,Insulin Glargine 10ml,Pharmaceuticals,Europe,1175,25.0,1.13,0,High,104.27
2024-01-11,SUPP001,Surgical Masks Box,Medical Supplies,North America,1053,10.0,1.02,0,Low,101.23
2024-01-11,SUPP001,Surgical Masks Box,Medical Supplies,Europe,1554,10.0,0.93,0,Low,95.18
2024-01-11,SUPP002,Surgical Gloves Box,Medical Supplies,North America,1642,12.5,1.03,0,High,101.11
2024-01-11,SUPP002,Surgical Gloves Box,Medical Supplies,Europe,1431,12.5,0.93,0,Medium,95.6
2024-01-12,DRUG001,Atorvastatin 20mg,Pharmaceuticals,North America,1370,1.25,1.12,0,High,98.43
2024-01-12,DRUG001,Atorvastatin 20mg,Pharmaceuticals,Europe,1128,1.25,1.18,0,Medium,100.97
2024-01-12,DRUG002,Amoxicillin 500mg,Pharmaceuticals,North America,1240,0.85,1.09,0,Medium,99.91
2024-01-12,DRUG002,Amoxicillin 500mg,Pharmaceuticals,Europe,776,0.85,0.96,1,High,97.93
2024-01-12,DRUG003,Insulin Glargine 10ml,Pharmaceuticals,North America,420,25.0,1.13,1,Low,103.06
2024-01-12,DRUG003,Insulin Glargine 10ml,Pharmaceuticals,Europe,1129,25.0,1.05,0,High,100.1
2024-01-12,SUPP001,Surgical Masks Box,Medical Supplies,North America,1603,10.0,0.98,0,High,101.79
2024-01-12,SUPP001,Surgical Masks Box,Medical Supplies,Europe,885,10.0,1.15,0,Medium,104.71
2024-01-12,SUPP002,Surgical Gloves Box,Medical Supplies,North America,729,12.5,1.05,0,Low,103.89
2024-01-12,SUPP002,Surgical Gloves Box,Medical Supplies,Europe,855,12.5,1.2,0,Medium,103.59
2024-01-13,DRUG001,Atorvastatin 20mg,Pharmaceuticals,North America,966,1.25,0.95,0,Low,98.06
2024-01-13,DRUG001,Atorvastatin 20mg,Pharmaceuticals,Europe,1014,1.25,1.02,0,Low,100.3
2024-01-13,DRUG002,Amoxicillin 500mg,Pharmaceuticals,North America,1258,0.85,0.9,0,High,102.16
2024-01-13,DRUG002,Amoxicillin 500mg,Pharmaceuticals,Europe,802,0.85,1.12,1,Low,104.95
2024-01-13,DRUG003,Insulin Glargine 10ml,Pharmaceuticals,North America,1223,25.0,1.01,0,Medium,101.2
2024-01-13,DRUG003,Insulin Glargine 10ml,Pharmaceuticals,Europe,1270,25.0,1.11,0,Low,99.34
2024-01-13,SUPP001,Surgical Masks Box,Medical Supplies,North America,778,10.0,0.94,0,Medium,95.63
2024-01-13,SUPP001,Surgical Masks Box,Medical Supplies,Europe,837,10.0,1.18,0,Medium,96.73
2024-01-13,SUPP002,Surgical Gloves Box,Medical Supplies,North America,1204,12.5,1.19,0,Medium,103.51
2024-01-13,SUPP002,Surgical Gloves Box,Medical Supplies,Europe,1714,12.5,0.95,0,Medium,95.98
2024-01-14,DRUG001,Atorvastatin 20mg,Pharmaceuticals,North America,1097,1.25,0.98,0,High,98.16
2024-01-14,DRUG001,Atorvastatin 20mg,Pharmaceuticals,Europe,846,1.25,0.97,0,Low,95.62
2024-01-14,DRUG002,Amoxicillin 500mg,Pharmaceuticals,North America,958,0.85,1.0,0,High,102.85
2024-01-14,DRUG002,Amoxicillin 500mg,Pharmaceuticals,Europe,749,0.85,1.06,0,Medium,98.63
2024-01-14,DRUG003,Insulin Glargine 10ml,Pharmaceuticals,North America,658,25.0,1.16,1,Low,98.55
2024-01-14,DRUG003,Insulin Glargine 10ml,Pharmaceuticals,Europe,803,25.0,1.07,0,Low,100.93
2024-01-14,SUPP001,Surgical Masks Box,Medical Supplies,North America,1272,10.0,0.97,0,Medium,97.47
2024-01-14,SUPP001,Surgical Masks Box,Medical Supplies,Europe,752,10.0,1.11,0,Low,96.68
2024-01-14,SUPP002,Surgical Gloves Box,Medical Supplies,North America,1047,12.5,1.19,0,Medium,100.37
2024-01-14,SUPP002,Surgical Gloves Box,Medical Supplies,Europe,745,12.5,0.98,0,Medium,99.64
2024-01-15,DRUG001,Atorvastatin 20mg,Pharmaceuticals,North America,1187,1.25,1.08,0,Low,104.96
2024-01-15,DRUG001,Atorvastatin 20mg,Pharmaceuticals,Europe,1009,1.25,1.13,0,Medium,100.02
2024-01-15,DRUG002,Amoxicillin 500mg,Pharmaceuticals,North America,581,0.85,1.11,1,Low,95.86
2024-01-15,DRUG002,Amoxicillin 500mg,Pharmaceuticals,Europe,1030,0.85,1.12,0,Medium,101.96
2024-01-15,DRUG003,Insulin Glargine 10ml,Pharmaceuticals,North America,1296,25.0,1.06,0,Medium,103.69
2024-01-15,DRUG003,Insulin Glargine 10ml,Pharmaceuticals,Europe,832,25.0,0.91,0,Low,99.42
2024-01-15,SUPP001,Surgical Masks Box,Medical Supplies,North America,975,10.0,1.15,0,Low,103.96
2024-01-15,SUPP001,Surgical Masks Box,Medical Supplies,Europe,1296,10.0,1.03,0,Low,104.49
2024-01-15,SUPP002,Surgical Gloves Box,Medical Supplies,North America,1452,12.5,0.93,0,High,103.77
2024-01-15,SUPP002,Surgical Gloves Box,Medical Supplies,Europe,1130,12.5,0.91,0,Medium,96.72
2024-01-16,DRUG001,Atorvastatin 20mg,Pharmaceuticals,North America,758,1.25,1.0,0,Medium,102.39
2024-01-16,DRUG001,Atorvastatin 20mg,Pharmaceuticals,Europe,1175,1.25,1.19,0,Medium,97.3
2024-01-16,DRUG002,Amoxicillin 500mg,Pharmaceuticals,North America,866,0.85,0.94,0,Low,104.0
2024-01-16,DRUG002,Amoxicillin 500mg,Pharmaceuticals,Europe,975,0.85,1.12,1,Medium,97.42
2024-01-16,DRUG003,Insulin Glargine 10ml,Pharmaceuticals,North America,638,25.0,1.0,0,Medium,98.85
2024-01-16,DRUG003,Insulin Glargine 10ml,Pharmaceuticals,Europe,654,25.0,0.94,0,Low,96.07
2024-01-16,SUPP001,Surgical Masks Box,Medical Supplies,North America,905,10.0,1.12,0,Low,103.13
2024-01-16,SUPP001,Surgical Masks Box,Medical Supplies,Europe,1069,10.0,1.07,0,High,95.45
2024-01-16,SUPP002,Surgical Gloves Box,Medical Supplies,North America,1192,12.5,1.11,0,Low,103.58
2024-01-16,SUPP002,Surgical Gloves Box,Medical Supplies,Europe,772,12.5,0.99,0,Medium,104.1
2024-01-17,DRUG001,Atorvastatin 20mg,Pharmaceuticals,North America,460,1.25,1.12,1,Low,96.44
2024-01-17,DRUG001,Atorvastatin 20mg,Pharmaceuticals,Europe,1524,1.25,1.17,0,Medium,100.73
2024-01-17,DRUG002,Amoxicillin 500mg,Pharmaceuticals,North America,1247,0.85,1.18,0,Low,101.4
2024-01-17,DRUG002,Amoxicillin 500mg,Pharmaceuticals,Europe,1222,0.85,1.02,0,Medium,96.53
2024-01-17,DRUG003,Insulin Glargine 10ml,Pharmaceuticals,North America,1577,25.0,1.14,0,Low,99.15
2024-01-17,DRUG003,Insulin Glargine 10ml,Pharmaceuticals,Europe,907,25.0,1.14,0,Medium,100.07
2024-01-17,SUPP001,Surgical Masks Box,Medical Supplies,North America,1221,10.0,0.93,0,Low,95.67
2024-01-17,SUPP001,Surgical Masks Box,Medical Supplies,Europe,806,10.0,1.05,0,Medium,102.45
2024-01-17,SUPP002,Surgical Gloves Box,Medical Supplies,North America,813,12.5,1.09,0,Medium,100.97
2024-01-17,SUPP002,Surgical Gloves Box,Medical Supplies,Europe,1470,12.5,1.18,0,High,95.53
2024-01-18,DRUG001,Atorvastatin 20mg,Pharmaceuticals,North America,667,1.25,1.09,0,High,103.29
2024-01-18,DRUG001,Atorvastatin 20mg,Pharmaceuticals,Europe,698,1.25,1.1,0,High,103.31
2024-01-18,DRUG002,Amoxicillin 500mg,Pharmaceuticals,North America,1571,0.85,1.07,0,Low,99.62
2024-01-18,DRUG002,Amoxicillin 500mg,Pharmaceuticals,Europe,998,0.85,0.92,0,Medium,104.53
2024-01-18,DRUG003,Insulin Glargine 10ml,Pharmaceuticals,North America,1018,25.0,1.08,0,Medium,95.71
2024-01-18,DRUG003,Insulin Glargine 10ml,Pharmaceuticals,Europe,1157,25.0,0.99,0,Low,95.5
2024-01-18,SUPP001,Surgical Masks Box,Medical Supplies,North America,845,10.0,0.92,0,Low,96.78
2024-01-18,SUPP001,Surgical Masks Box,Medical Supplies,Europe,1269,10.0,1.13,0,High,96.74
2024-01-18,SUPP002,Surgical Gloves Box,Medical Supplies,North America,1592,12.5,1.1,0,High,97.29
2024-01-18,SUPP002,Surgical Gloves Box,Medical Supplies,Europe,977,12.5,1.05,0,Low,95.56
2024-01-19,DRUG001,Atorvastatin 20mg,Pharmaceuticals,North America,1192,1.25,0.98,0,Medium,101.14
2024-01-19,DRUG001,Atorvastatin 20mg,Pharmaceuticals,Europe,613,1.25,0.97,0,Medium,104.46
2024-01-19,DRUG002,Amoxicillin 500mg,Pharmaceuticals,North America,1326,0.85,1.01,0,Medium,103.07
2024-01-19,DRUG002,Amoxicillin 500mg,Pharmaceuticals,Europe,1201,0.85,1.04,0,High,95.72
2024-01-19,DRUG003,Insulin Glargine 10ml,Pharmaceuticals,North America,709,25.0,1.16,0,Low,96.85
2024-01-19,DRUG003,Insulin Glargine 10ml,Pharmaceuticals,Europe,909,25.0,1.18,0,High,104.72
2024-01-19,SUPP001,Surgical Masks Box,Medical Supplies,North America,522,10.0,0.96,0,Medium,95.4
2024-01-19,SUPP001,Surgical Masks Box,Medical Supplies,Europe,994,10.0,0.92,0,Medium,101.65
2024-01-19,SUPP002,Surgical Gloves Box,Medical Supplies,North America,1354,12.5,1.06,0,Medium,104.53
2024-01-19,SUPP002,Surgical Gloves Box,Medical Supplies,Europe,851,12.5,0.92,0,Medium,96.46
2024-01-20,DRUG001,Atorvastatin 20mg,Pharmaceuticals,North America,878,1.25,1.13,0,Medium,96.92
2024-01-20,DRUG001,Atorvastatin 20mg,Pharmaceuticals,Europe,1206,1.25,0.97,0,Low,98.45
2024-01-20,DRUG002,Amoxicillin 500mg,Pharmaceuticals,North America,871,0.85,1.13,0,Medium,104.76
2024-01-20,DRUG002,Amoxicillin 500mg,Pharmaceuticals,Europe,1320,0.85,0.97,0,Medium,103.17
2024-01-20,DRUG003,Insulin Glargine 10ml,Pharmaceuticals,North America,720,25.0,0.97,0,Medium,104.9
2024-01-20,DRUG003,Insulin Glargine 10ml,Pharmaceuticals,Europe,1557,25.0,1.12,0,High,102.69
2024-01-20,SUPP001,Surgical Masks Box,Medical Supplies,North America,847,10.0,0.99,0,High,102.79
2024-01-20,SUPP001,Surgical Masks Box,Medical Supplies,Europe,1250,10.0,1.08,0,Medium,97.34
2024-01-20,SUPP002,Surgical Gloves Box,Medical Supplies,North America,865,12.5,1.15,0,High,98.33
2024-01-20,SUPP002,Surgical Gloves Box,Medical Supplies,Europe,1365,12.5,1.03,0,Low,104.48
2024-01-21,DRUG001,Atorvastatin 20mg,Pharmaceuticals,North America,1087,1.25,1.15,0,Medium,104.27
2024-01-21,DRUG001,Atorvastatin 20mg,Pharmaceuticals,Europe,1824,1.25,0.92,0,Medium,98.54
2024-01-21,DRUG002,Amoxicillin 500mg,Pharmaceuticals,North America,399,0.85,1.02,0,Medium,104.97
2024-01-21,DRUG002,Amoxicillin 500mg,Pharmaceuticals,Europe,874,0.85,1.14,0,Low,98.36
2024-01-21,DRUG003,Insulin Glargine 10ml,Pharmaceuticals,North America,1082,25.0,1.09,0,Low,103.63
2024-01-21,DRUG003,Insulin Glargine 10ml,Pharmaceuticals,Europe,945,25.0,1.17,0,Medium,103.35
2024-01-21,SUPP001,Surgical Masks Box,Medical Supplies,North America,1196,10.0,1.06,1,Low,96.57
2024-01-21,SUPP001,Surgical Masks Box,Medical Supplies,Europe,1169,10.0,1.11,0,High,95.81
2024-01-21,SUPP002,Surgical Gloves Box,Medical Supplies,North America,854,12.5,1.1,0,Medium,102.17
2024-01-21,SUPP002,Surgical Gloves Box,Medical Supplies,Europe,1241,12.5,1.01,0,Medium,103.33
2024-01-22,DRUG001,Atorvastatin 20mg,Pharmaceuticals,North America,655,1.25,0.98,1,Low,95.04
2024-01-22,DRUG001,Atorvastatin 20mg,Pharmaceuticals,Europe,754,1.25,1.13,0,Low,104.85
2024-01-22,DRUG002,Amoxicillin 500mg,Pharmaceuticals,North America,1005,0.85,1.01,0,Low,97.86
2024-01-22,DRUG002,Amoxicillin 500mg,Pharmaceuticals,Europe,1742,0.85,0.94,0,Medium,101.09
2024-01-22,DRUG003,Insulin Glargine 10ml,Pharmaceuticals,North America,1189,25.0,1.13,0,High,98.49
2024-01-22,DRUG003,Insulin Glargine 10ml,Pharmaceuticals,Europe,646,25.0,1.13,0,Medium,104.7
2024-01-22,SUPP001,Surgical Masks Box,Medical Supplies,North America,789,10.0,1.16,0,Low,96.13
2024-01-22,SUPP001,Surgical Masks Box,Medical Supplies,Europe,971,10.0,1.18,0,Low,98.5
2024-01-22,SUPP002,Surgical Gloves Box,Medical Supplies,North America,1202,12.5,1.18,0,Medium,103.26
2024-01-22,SUPP002,Surgical Gloves Box,Medical Supplies,Europe,544,12.5,1.03,0,High,98.04
2024-01-23,DRUG001,Atorvastatin 20mg,Pharmaceuticals,North America,1113,1.25,1.18,0,Low,98.75
2024-01-23,DRUG001,Atorvastatin 20mg,Pharmaceuticals,Europe,840,1.25,0.93,0,Medium,99.39
2024-01-23,DRUG002,Amoxicillin 500mg,Pharmaceuticals,North America,1505,0.85,1.07,0,Low,103.22
2024-01-23,DRUG002,Amoxicillin 500mg,Pharmaceuticals,Europe,394,0.85,1.07,0,Low,98.61
2024-01-23,DRUG003,Insulin Glargine 10ml,Pharmaceuticals,North America,604,25.0,1.18,0,High,95.46
2024-01-23,DRUG003,Insulin Glargine 10ml,Pharmaceuticals,Europe,1180,25.0,1.0,0,Low,103.62
2024-01-23,SUPP001,Surgical Masks Box,Medical Supplies,North America,978,10.0,0.94,0,High,101.23
2024-01-23,SUPP001,Surgical Masks Box,Medical Supplies,Europe,846,10.0,1.12,0,High,102.09
2024-01-23,SUPP002,Surgical Gloves Box,Medical Supplies,North America,490,12.5,1.18,0,Medium,99.17
2024-01-23,SUPP002,Surgical Gloves Box,Medical Supplies,Europe,457,12.5,0.97,0,Medium,100.01
2024-01-24,DRUG001,Atorvastatin 20mg,Pharmaceuticals,North America,627,1.25,1.14,1,High,98.21
2024-01-24,DRUG001,Atorvastatin 20mg,Pharmaceuticals,Europe,1158,1.25,1.02,0,Medium,100.48
2024-01-24,DRUG002,Amoxicillin 500mg,Pharmaceuticals,North America,1019,0.85,1.05,0,Low,95.07
2024-01-24,DRUG002,Amoxicillin 500mg,Pharmaceuticals,Europe,1235,0.85,1.17,0,Medium,103.45
2024-01-24,DRUG003,Insulin Glargine 10ml,Pharmaceuticals,North America,1460,25.0,0.99,0,Low,95.53
2024-01-24,DRUG003,Insulin Glargine 10ml,Pharmaceuticals,Europe,1459,25.0,0.96,0,Low,101.71
2024-01-24,SUPP001,Surgical Masks Box,Medical Supplies,North America,1203,10.0,0.93,0,Medium,104.22
2024-01-24,SUPP001,Surgical Masks Box,Medical Supplies,Europe,675,10.0,1.16,1,Medium,101.76
2024-01-24,SUPP002,Surgical Gloves Box,Medical Supplies,North America,1430,12.5,0.94,0,Low,99.43
2024-01-24,SUPP002,Surgical Gloves Box,Medical Supplies,Europe,1438,12.5,1.06,0,Low,95.63
2024-01-25,DRUG001,Atorvastatin 20mg,Pharmaceuticals,North America,1147,1.25,1.04,0,Low,96.16
2024-01-25,DRUG001,Atorvastatin 20mg,Pharmaceuticals,Europe,908,1.25,0.96,0,Medium,103.07
2024-01-25,DRUG002,Amoxicillin 500mg,Pharmaceuticals,North America,1531,0.85,0.96,0,High,95.88
2024-01-25,DRUG002,Amoxicillin 500mg,Pharmaceuticals,Europe,1429,0.85,1.16,0,High,98.18
2024-01-25,DRUG003,Insulin Glargine 10ml,Pharmaceuticals,North America,1362,25.0,1.14,0,High,95.84
2024-01-25,DRUG003,Insulin Glargine 10ml,Pharmaceuticals,Europe,767,25.0,0.92,0,Medium,104.61
2024-01-25,SUPP001,Surgical Masks Box,Medical Supplies,North America,894,10.0,1.08,0,Medium,99.88
2024-01-25,SUPP001,Surgical Masks Box,Medical Supplies,Europe,978,10.0,0.92,0,Medium,102.13
2024-01-25,SUPP002,Surgical Gloves Box,Medical Supplies,North America,670,12.5,0.96,0,Low,101.57
2024-01-25,SUPP002,Surgical Gloves Box,Medical Supplies,Europe,1152,12.5,1.2,0,Medium,99.1
2024-01-26,DRUG001,Atorvastatin 20mg,Pharmaceuticals,North America,1173,1.25,1.19,0,Low,102.7
2024-01-26,DRUG001,Atorvastatin 20mg,Pharmaceuticals,Europe,920,1.25,0.94,0,High,96.25
2024-01-26,DRUG002,Amoxicillin 500mg,Pharmaceuticals,North America,997,0.85,0.97,0,Medium,97.06
2024-01-26,DRUG002,Amoxicillin 500mg,Pharmaceuticals,Europe,1220,0.85,1.03,0,Low,98.33
2024-01-26,DRUG003,Insulin Glargine 10ml,Pharmaceuticals,North America,833,25.0,1.19,0,Medium,102.76
2024-01-26,DRUG003,Insulin Glargine 10ml,Pharmaceuticals,Europe,1053,25.0,1.14,0,High,104.18
2024-01-26,SUPP001,Surgical Masks Box,Medical Supplies,North America,758,10.0,0.91,0,Medium,102.73
2024-01-26,SUPP001,Surgical Masks Box,Medical Supplies,Europe,1825,10.0,1.02,0,Low,96.33
2024-01-26,SUPP002,Surgical Gloves Box,Medical Supplies,North America,1429,12.5,1.08,0,Medium,98.4
2024-01-26,SUPP002,Surgical Gloves Box,Medical Supplies,Europe,1060,12.5,1.01,0,Medium,96.62
2024-01-27,DRUG001,Atorvastatin 20mg,Pharmaceuticals,North America,1009,1.25,1.18,0,Medium,101.73
2024-01-27,DRUG001,Atorvastatin 20mg,Pharmaceuticals,Europe,949,1.25,1.05,0,High,97.25
2024-01-27,DRUG002,Amoxicillin 500mg,Pharmaceuticals,North America,656,0.85,1.04,0,Low,98.74
2024-01-27,DRUG002,Amoxicillin 500mg,Pharmaceuticals,Europe,796,0.85,1.16,0,Medium,103.61
2024-01-27,DRUG003,Insulin Glargine 10ml,Pharmaceuticals,North America,1602,25.0,0.93,0,Medium,99.95
2024-01-27,DRUG003,Insulin Glargine 10ml,Pharmaceuticals,Europe,968,25.0,1.19,1,High,98.16
2024-01-27,SUPP001,Surgical Masks Box,Medical Supplies,North America,1469,10.0,0.9,0,High,101.46
2024-01-27,SUPP001,Surgical Masks Box,Medical Supplies,Europe,750,10.0,1.01,0,High,101.32
2024-01-27,SUPP002,Surgical Gloves Box,Medical Supplies,North America,715,12.5,0.99,1,Medium,99.72
2024-01-27,SUPP002,Surgical Gloves Box,Medical Supplies,Europe,923,12.5,1.05,0,Medium,101.94
2024-01-28,DRUG001,Atorvastatin 20mg,Pharmaceuticals,North America,893,1.25,1.18,1,High,104.44
2024-01-28,DRUG001,Atorvastatin 20mg,Pharmaceuticals,Europe,975,1.25,1.14,0,High,101.01
2024-01-28,DRUG002,Amoxicillin 500mg,Pharmaceuticals,North America,910,0.85,1.19,0,High,95.93
2024-01-28,DRUG002,Amoxicillin 500mg,Pharmaceuticals,Europe,700,0.85,1.0,0,Low,96.19
2024-01-28,DRUG003,Insulin Glargine 10ml,Pharmaceuticals,North America,1134,25.0,0.92,0,Low,101.96
2024-01-28,DRUG003,Insulin Glargine 10ml,Pharmaceuticals,Europe,878,25.0,1.09,0,Low,97.08
2024-01-28,SUPP001,Surgical Masks Box,Medical Supplies,North America,1255,10.0,0.94,0,Low,96.68
2024-01-28,SUPP001,Surgical Masks Box,Medical Supplies,Europe,1180,10.0,1.12,0,Low,98.1
2024-01-28,SUPP002,Surgical Gloves Box,Medical Supplies,North America,967,12.5,1.09,0,Low,99.01
2024-01-28,SUPP002,Surgical Gloves Box,Medical Supplies,Europe,1309,12.5,1.08,0,High,96.51
2024-01-29,DRUG001,Atorvastatin 20mg,Pharmaceuticals,North America,729,1.25,1.02,0,Low,99.01
2024-01-29,DRUG001,Atorvastatin 20mg,Pharmaceuticals,Europe,904,1.25,1.04,0,Low,100.23
2024-01-29,DRUG002,Amoxicillin 500mg,Pharmaceuticals,North America,400,0.85,1.15,0,Low,104.47
2024-01-29,DRUG002,Amoxicillin 500mg,Pharmaceuticals,Europe,1029,0.85,1.15,1,Medium,98.78
2024-01-29,DRUG003,Insulin Glargine 10ml,Pharmaceuticals,North America,1278,25.0,1.19,0,High,98.29
2024-01-29,DRUG003,Insulin Glargine 10ml,Pharmaceuticals,Europe,626,25.0,1.02,1,Medium,104.81
2024-01-29,SUPP001,Surgical Masks Box,Medical Supplies,North America,915,10.0,1.06,1,Medium,97.55
2024-01-29,SUPP001,Surgical Masks Box,Medical Supplies,Europe,1449,10.0,1.03,0,Low,102.44
2024-01-29,SUPP002,Surgical Gloves Box,Medical Supplies,North America,933,12.5,1.14,0,High,98.42
2024-01-29,SUPP002,Surgical Gloves Box,Medical Supplies,Europe,727,12.5,1.19,0,Low,103.72
2024-01-30,DRUG001,Atorvastatin 20mg,Pharmaceuticals,North America,758,1.25,1.2,0,High,100.05
2024-01-30,DRUG001,Atorvastatin 20mg,Pharmaceuticals,Europe,1227,1.25,1.04,0,Low,100.34
2024-01-30,DRUG002,Amoxicillin 500mg,Pharmaceuticals,North America,840,0.85,0.98,0,High,100.99
2024-01-30,DRUG002,Amoxicillin 500mg,Pharmaceuticals,Europe,983,0.85,1.13,1,Medium,104.83
2024-01-30,DRUG003,Insulin Glargine 10ml,Pharmaceuticals,North America,712,25.0,1.02,0,High,100.6
2024-01-30,DRUG003,Insulin Glargine 10ml,Pharmaceuticals,Europe,827,25.0,0.99,0,Medium,96.62
2024-01-30,SUPP001,Surgical Masks Box,Medical Supplies,North America,1248,10.0,1.15,0,Low,95.87
2024-01-30,SUPP001,Surgical Masks Box,Medical Supplies,Europe,1046,10.0,1.04,0,Low,97.35
2024-01-30,SUPP002,Surgical Gloves Box,Medical Supplies,North America,718,12.5,0.94,0,Medium,96.16
2024-01-30,SUPP002,Surgical Gloves Box,Medical Supplies,Europe,1107,12.5,1.15,1,Low,99.54
2024-01-31,DRUG001,Atorvastatin 20mg,Pharmaceuticals,North America,1091,1.25,1.17,0,Low,102.55
2024-01-31,DRUG001,Atorvastatin 20mg,Pharmaceuticals,Europe,1044,1.25,1.11,0,Medium,102.81
2024-01-31,DRUG002,Amoxicillin 500mg,Pharmaceuticals,North America,1127,0.85,0.92,0,Medium,98.15
2024-01-31,DRUG002,Amoxicillin 500mg,Pharmaceuticals,Europe,903,0.85,1.12,0,High,98.68
2024-01-31,DRUG003,Insulin Glargine 10ml,Pharmaceuticals,North America,1268,25.0,1.06,0,Low,97.82
2024-01-31,DRUG003,Insulin Glargine 10ml,Pharmaceuticals,Europe,1486,25.0,1.06,0,High,101.48
2024-01-31,SUPP001,Surgical Masks Box,Medical Supplies,North America,1406,10.0,1.04,0,Low,98.66
2024-01-31,SUPP001,Surgical Masks Box,Medical Supplies,Europe,971,10.0,0.94,0,Medium,98.02
2024-01-31,SUPP002,Surgical Gloves Box,Medical Supplies,North America,562,12.5,1.18,0,High,100.11
2024-01-31,SUPP002,Surgical Gloves Box,Medical Supplies,Europe,951,12.5,1.09,0,High,97.82
2024-02-01,DRUG001,Atorvastatin 20mg,Pharmaceuticals,North America,1029,1.25,1.2,0,Low,99.06
2024-02-01,DRUG001,Atorvastatin 20mg,Pharmaceuticals,Europe,1308,1.25,1.0,0,Medium,100.84
2024-02-01,DRUG002,Amoxicillin 500mg,Pharmaceuticals,North America,830,0.85,1.06,0,Low,101.11
2024-02-01,DRUG002,Amoxicillin 500mg,Pharmaceuticals,Europe,1188,0.85,0.91,1,High,98.81
2024-02-01,DRUG003,Insulin Glargine 10ml,Pharmaceuticals,North America,119,25.0,1.16,0,Low,99.47
2024-02-01,DRUG003,Insulin Glargine 10ml,Pharmaceuticals,Europe,1400,25.0,1.03,1,Low,95.9
2024-02-01,SUPP001,Surgical Masks Box,Medical Supplies,North America,1009,10.0,1.1,0,Low,100.96
2024-02-01,SUPP001,Surgical Masks Box,Medical Supplies,Europe,1326,10.0,0.9,0,High,98.04
2024-02-01,SUPP002,Surgical Gloves Box,Medical Supplies,North America,1304,12.5,1.13,0,High,95.4
2024-02-01,SUPP002,Surgical Gloves Box,Medical Supplies,Europe,559,12.5,1.18,0,High,99.01
2024-02-02,DRUG001,Atorvastatin 20mg,Pharmaceuticals,North America,1147,1.25,0.95,1,Low,97.44
2024-02-02,DRUG001,Atorvastatin 20mg,Pharmaceuticals,Europe,1286,1.25,1.14,0,Low,100.04
2024-02-02,DRUG002,Amoxicillin 500mg,Pharmaceuticals,North America,919,0.85,1.06,0,High,104.36
2024-02-02,DRUG002,Amoxicillin 500mg,Pharmaceuticals,Europe,1075,0.85,1.14,0,Medium,96.12
2024-02-02,DRUG003,Insulin Glargine 10ml,Pharmaceuticals,North America,1727,25.0,1.11,0,Medium,97.23
2024-02-02,DRUG003,Insulin Glargine 10ml,Pharmaceuticals,Europe,976,25.0,1.18,0,Low,98.22
2024-02-02,SUPP001,Surgical Masks Box,Medical Supplies,North America,857,10.0,0.91,0,Medium,100.84
2024-02-02,SUPP001,Surgical Masks Box,Medical Supplies,Europe,970,10.0,1.09,0,Low,96.05
2024-02-02,SUPP002,Surgical Gloves Box,Medical Supplies,North America,698,12.5,0.92,0,High,102.53
2024-02-02,SUPP002,Surgical Gloves Box,Medical Supplies,Europe,877,12.5,1.15,0,Medium,97.72
2024-02-03,DRUG001,Atorvastatin 20mg,Pharmaceuticals,North America,791,1.25,1.19,1,Medium,101.29
2024-02-03,DRUG001,Atorvastatin 20mg,Pharmaceuticals,Europe,717,1.25,1.06,1,Medium,104.45
2024-02-03,DRUG002,Amoxicillin 500mg,Pharmaceuticals,North America,662,0.85,1.16,0,High,100.07
2024-02-03,DRUG002,Amoxicillin 500mg,Pharmaceuticals,Europe,627,0.85,1.18,0,Medium,99.83
2024-02-03,DRUG003,Insulin Glargine 10ml,Pharmaceuticals,North America,1024,25.0,1.19,0,Low,104.1
2024-02-03,DRUG003,Insulin Glargine 10ml,Pharmaceuticals,Europe,1702,25.0,0.99,0,Low,104.0
2024-02-03,SUPP001,Surgical Masks Box,Medical Supplies,North America,702,10.0,1.18,0,Low,102.69
2024-02-03,SUPP001,Surgical Masks Box,Medical Supplies,Europe,736,10.0,1.17,0,High,100.47
2024-02-03,SUPP002,Surgical Gloves Box,Medical Supplies,North America,973,12.5,1.11,0,Medium,95.33
2024-02-03,SUPP002,Surgical Gloves Box,Medical Supplies,Europe,1623,12.5,1.04,0,High,98.14
2024-02-04,DRUG001,Atorvastatin 20mg,Pharmaceuticals,North America,328,1.25,1.13,0,Medium,95.74
2024-02-04,DRUG001,Atorvastatin 20mg,Pharmaceuticals,Europe,567,1.25,0.96,0,High,95.75
2024-02-04,DRUG002,Amoxicillin 500mg,Pharmaceuticals,North America,640,0.85,1.15,0,Low,98.0
2024-02-04,DRUG002,Amoxicillin 500mg,Pharmaceuticals,Europe,1501,0.85,1.09,0,Low,104.44
2024-02-04,DRUG003,Insulin Glargine 10ml,Pharmaceuticals,North America,1382,25.0,1.06,0,High,103.18
2024-02-04,DRUG003,Insulin Glargine 10ml,Pharmaceuticals,Europe,714,25.0,1.02,0,Low,101.9
2024-02-04,SUPP001,Surgical Masks Box,Medical Supplies,North America,1256,10.0,0.97,0,Low,96.91
2024-02-04,SUPP001,Surgical Masks Box,Medical Supplies,Europe,857,10.0,1.05,0,Medium,97.41
2024-02-04,SUPP002,Surgical Gloves Box,Medical Supplies,North America,1192,12.5,1.2,1,High,102.6
2024-02-04,SUPP002,Surgical Gloves Box,Medical Supplies,Europe,1506,12.5,1.02,0,High,95.23
2024-02-05,DRUG001,Atorvastatin 20mg,Pharmaceuticals,North America,553,1.25,1.07,0,Medium,100.51
2024-02-05,DRUG001,Atorvastatin 20mg,Pharmaceuticals,Europe,1060,1.25,1.19,0,High,98.2
2024-02-05,DRUG002,Amoxicillin 500mg,Pharmaceuticals,North America,635,0.85,0.98,0,Medium,100.8
2024-02-05,DRUG002,Amoxicillin 500mg,Pharmaceuticals,Europe,237,0.85,1.09,0,Low,101.12
2024-02-05,DRUG003,Insulin Glargine 10ml,Pharmaceuticals,North America,882,25.0,0.91,0,Low,95.2
2024-02-05,DRUG003,Insulin Glargine 10ml,Pharmaceuticals,Europe,825,25.0,0.97,0,Low,99.37
2024-02-05,SUPP001,Surgical Masks Box,Medical Supplies,North America,1142,10.0,1.0,0,High,103.7
2024-02-05,SUPP001,Surgical Masks Box,Medical Supplies,Europe,934,10.0,1.04,0,Medium,96.94
2024-02-05,SUPP002,Surgical Gloves Box,Medical Supplies,North America,956,12.5,1.17,0,Medium,95.58
2024-02-05,SUPP002,Surgical Gloves Box,Medical Supplies,Europe,575,12.5,1.04,0,Medium,95.58
2024-02-06,DRUG001,Atorvastatin 20mg,Pharmaceuticals,North America,1519,1.25,0.92,0,Medium,100.22
2024-02-06,DRUG001,Atorvastatin 20mg,Pharmaceuticals,Europe,496,1.25,0.95,0,High,95.16
2024-02-06,DRUG002,Amoxicillin 500mg,Pharmaceuticals,North America,814,0.85,0.9,0,Medium,103.02
2024-02-06,DRUG002,Amoxicillin 500mg,Pharmaceuticals,Europe,1062,0.85,0.98,0,Medium,97.34
2024-02-06,DRUG003,Insulin Glargine 10ml,Pharmaceuticals,North America,1431,25.0,1.15,0,Low,102.93
2024-02-06,DRUG003,Insulin Glargine 10ml,Pharmaceuticals,Europe,1020,25.0,0.96,0,High,95.14
2024-02-06,SUPP001,Surgical Masks Box,Medical Supplies,North America,1594,10.0,1.11,0,High,101.15
2024-02-06,SUPP001,Surgical Masks Box,Medical Supplies,Europe,759,10.0,0.95,0,Medium,95.8
2024-02-06,SUPP002,Surgical Gloves Box,Medical Supplies,North America,1068,12.5,1.08,0,Low,102.74
2024-02-06,SUPP002,Surgical Gloves Box,Medical Supplies,Europe,672,12.5,1.19,0,Medium,104.28
2024-02-07,DRUG001,Atorvastatin 20mg,Pharmaceuticals,North America,1338,1.25,0.97,0,Medium,102.0
2024-02-07,DRUG001,Atorvastatin 20mg,Pharmaceuticals,Europe,1348,1.25,1.2,0,Low,95.78
2024-02-07,DRUG002,Amoxicillin 500mg,Pharmaceuticals,North America,817,0.85,1.09,0,Medium,97.16
2024-02-07,DRUG002,Amoxicillin 500mg,Pharmaceuticals,Europe,1121,0.85,1.16,0,High,100.75
2024-02-07,DRUG003,Insulin Glargine 10ml,Pharmaceuticals,North America,991,25.0,1.2,0,Low,102.04
2024-02-07,DRUG003,Insulin Glargine 10ml,Pharmaceuticals,Europe,990,25.0,1.02,0,Low,103.4
2024-02-07,SUPP001,Surgical Masks Box,Medical Supplies,North America,953,10.0,0.99,0,Medium,95.12
2024-02-07,SUPP001,Surgical Masks Box,Medical Supplies,Europe,902,10.0,0.99,1,Low,98.6
2024-02-07,SUPP002,Surgical Gloves Box,Medical Supplies,North America,1779,12.5,1.14,0,High,102.58
2024-02-07,SUPP002,Surgical Gloves Box,Medical Supplies,Europe,661,12.5,1.12,0,Low,100.94
2024-02-08,DRUG001,Atorvastatin 20mg,Pharmaceuticals,North America,1073,1.25,0.96,0,Medium,102.22
2024-02-08,DRUG001,Atorvastatin 20mg,Pharmaceuticals,Europe,1316,1.25,0.95,0,Medium,100.83
2024-02-08,DRUG002,Amoxicillin 500mg,Pharmaceuticals,North America,1271,0.85,1.08,0,Medium,104.84
2024-02-08,DRUG002,Amoxicillin 500mg,Pharmaceuticals,Europe,1180,0.85,1.17,0,Low,102.51
2024-02-08,DRUG003,Insulin Glargine 10ml,Pharmaceuticals,North America,1132,25.0,0.98,1,Medium,96.3
2024-02-08,DRUG003,Insulin Glargine 10ml,Pharmaceuticals,Europe,1261,25.0,0.93,0,Medium,95.94
2024-02-08,SUPP001,Surgical Masks Box,Medical Supplies,North America,1240,10.0,1.12,0,Medium,95.11
2024-02-08,SUPP001,Surgical Masks Box,Medical Supplies,Europe,1193,10.0,0.99,0,High,98.9
2024-02-08,SUPP002,Surgical Gloves Box,Medical Supplies,North America,1196,12.5,1.18,0,Low,96.63
2024-02-08,SUPP002,Surgical Gloves Box,Medical Supplies,Europe,999,12.5,1.14,0,Low,100.38
2024-02-09,DRUG001,Atorvastatin 20mg,Pharmaceuticals,North America,895,1.25,1.01,0,Medium,104.79
2024-02-09,DRUG001,Atorvastatin 20mg,Pharmaceuticals,Europe,935,1.25,0.94,0,High,103.77
2024-02-09,DRUG002,Amoxicillin 500mg,Pharmaceuticals,North America,1473,0.85,0.93,0,High,100.37
2024-02-09,DRUG002,Amoxicillin 500mg,Pharmaceuticals,Europe,748,0.85,1.05,0,Medium,100.9
2024-02-09,DRUG003,Insulin Glargine 10ml,Pharmaceuticals,North America,960,25.0,1.06,0,Low,97.08
2024-02-09,DRUG003,Insulin Glargine 10ml,Pharmaceuticals,Europe,1012,25.0,0.98,0,Medium,103.46
2024-02-09,SUPP001,Surgical Masks Box,Medical Supplies,North America,1155,10.0,1.12,0,Low,97.57
2024-02-09,SUPP001,Surgical Masks Box,Medical Supplies,Europe,922,10.0,1.19,0,Low,96.9
2024-02-09,SUPP002,Surgical Gloves Box,Medical Supplies,North America,814,12.5,1.0,0,Medium,99.11
2024-02-09,SUPP002,Surgical Gloves Box,Medical Supplies,Europe,1253,12.5,1.05,0,High,102.98
2024-02-10,DRUG001,Atorvastatin 20mg,Pharmaceuticals,North America,1016,1.25,0.94,0,High,103.19
2024-02-10,DRUG001,Atorvastatin 20mg,Pharmaceuticals,Europe,977,1.25,1.07,0,High,101.11
2024-02-10,DRUG002,Amoxicillin 500mg,Pharmaceuticals,North America,1419,0.85,0.97,0,Medium,98.45
2024-02-10,DRUG002,Amoxicillin 500mg,Pharmaceuticals,Europe,1186,0.85,0.94,0,Low,104.65
2024-02-10,DRUG003,Insulin Glargine 10ml,Pharmaceuticals,North America,1088,25.0,1.19,1,Medium,104.06
2024-02-10,DRUG003,Insulin Glargine 10ml,Pharmaceuticals,Europe,1566,25.0,1.02,0,Low,101.62
2024-02-10,SUPP001,Surgical Masks Box,Medical Supplies,North America,1642,10.0,1.11,0,Low,100.33
2024-02-10,SUPP001,Surgical Masks Box,Medical Supplies,Europe,1004,10.0,0.96,0,Medium,100.86
2024-02-10,SUPP002,Surgical Gloves Box,Medical Supplies,North America,1295,12.5,1.15,1,High,100.57
2024-02-10,SUPP002,Surgical Gloves Box,Medical Supplies,Europe,582,12.5,0.96,0,High,97.12
2024-02-11,DRUG001,Atorvastatin 20mg,Pharmaceuticals,North America,804,1.25,1.12,0,Low,103.75
2024-02-11,DRUG001,Atorvastatin 20mg,Pharmaceuticals,Europe,864,1.25,1.07,0,Low,97.9
2024-02-11,DRUG002,Amoxicillin 500mg,Pharmaceuticals,North America,397,0.85,1.06,0,Medium,97.94
2024-02-11,DRUG002,Amoxicillin 500mg,Pharmaceuticals,Europe,835,0.85,1.06,0,Low,95.78
2024-02-11,DRUG003,Insulin Glargine 10ml,Pharmaceuticals,North America,1610,25.0,0.96,0,Medium,104.23
2024-02-11,DRUG003,Insulin Glargine 10ml,Pharmaceuticals,Europe,1246,25.0,0.95,0,Low,100.65
2024-02-11,SUPP001,Surgical Masks Box,Medical Supplies,North America,355,10.0,1.15,0,Medium,97.17
2024-02-11,SUPP001,Surgical Masks Box,Medical Supplies,Europe,1299,10.0,1.12,0,High,103.38
2024-02-11,SUPP002,Surgical Gloves Box,Medical Supplies,North America,915,12.5,1.09,0,High,102.23
2024-02-11,SUPP002,Surgical Gloves Box,Medical Supplies,Europe,1081,12.5,1.06,0,Low,100.29
2024-02-12,DRUG001,Atorvastatin 20mg,Pharmaceuticals,North America,1130,1.25,1.18,0,High,98.25
2024-02-12,DRUG001,Atorvastatin 20mg,Pharmaceuticals,Europe,1200,1.25,1.12,0,Low,98.61
2024-02-12,DRUG002,Amoxicillin 500mg,Pharmaceuticals,North America,1035,0.85,1.14,0,Medium,101.07
2024-02-12,DRUG002,Amoxicillin 500mg,Pharmaceuticals,Europe,688,0.85,0.95,0,Low,97.11
2024-02-12,DRUG003,Insulin Glargine 10ml,Pharmaceuticals,North America,375,25.0,1.18,0,Medium,98.59
2024-02-12,DRUG003,Insulin Glargine 10ml,Pharmaceuticals,Europe,1406,25.0,1.0,0,Medium,103.05
2024-02-12,SUPP001,Surgical Masks Box,Medical Supplies,North America,710,10.0,1.04,0,Medium,100.18
2024-02-12,SUPP001,Surgical Masks Box,Medical Supplies,Europe,823,10.0,1.05,0,High,95.9
2024-02-12,SUPP002,Surgical Gloves Box,Medical Supplies,North America,905,12.5,1.16,0,Low,103.32
2024-02-12,SUPP002,Surgical Gloves Box,Medical Supplies,Europe,1283,12.5,1.1,0,Low,101.36
2024-02-13,DRUG001,Atorvastatin 20mg,Pharmaceuticals,North America,1363,1.25,1.12,0,Medium,100.75
2024-02-13,DRUG001,Atorvastatin 20mg,Pharmaceuticals,Europe,1239,1.25,0.98,1,Low,98.67
2024-02-13,DRUG002,Amoxicillin 500mg,Pharmaceuticals,North America,844,0.85,0.91,0,Medium,104.65
2024-02-13,DRUG002,Amoxicillin 500mg,Pharmaceuticals,Europe,1489,0.85,1.07,0,Low,97.57
2024-02-13,DRUG003,Insulin Glargine 10ml,Pharmaceuticals,North America,585,25.0,0.93,0,High,104.37
2024-02-13,DRUG003,Insulin Glargine 10ml,Pharmaceuticals,Europe,930,25.0,1.09,0,Medium,96.1
2024-02-13,SUPP001,Surgical Masks Box,Medical Supplies,North America,1334,10.0,1.12,1,Medium,101.93
2024-02-13,SUPP001,Surgical Masks Box,Medical Supplies,Europe,1203,10.0,0.98,1,Low,104.05
2024-02-13,SUPP002,Surgical Gloves Box,Medical Supplies,North America,768,12.5,1.15,0,High,97.62
2024-02-13,SUPP002,Surgical Gloves Box,Medical Supplies,Europe,882,12.5,1.17,0,Medium,98.65
2024-02-14,DRUG001,Atorvastatin 20mg,Pharmaceuticals,North America,871,1.25,1.08,0,Low,96.41
2024-02-14,DRUG001,Atorvastatin 20mg,Pharmaceuticals,Europe,669,1.25,0.94,0,Low,104.77
2024-02-14,DRUG002,Amoxicillin 500mg,Pharmaceuticals,North America,942,0.85,1.07,0,Medium,103.51
2024-02-14,DRUG002,Amoxicillin 500mg,Pharmaceuticals,Europe,955,0.85,0.91,0,Low,96.59
2024-02-14,DRUG003,Insulin Glargine 10ml,Pharmaceuticals,North America,834,25.0,1.04,0,Medium,99.89
2024-02-14,DRUG003,Insulin Glargine 10ml,Pharmaceuticals,Europe,1015,25.0,1.16,0,High,103.46
2024-02-14,SUPP001,Surgical Masks Box,Medical Supplies,North America,1262,10.0,1.06,0,Medium,98.55
2024-02-14,SUPP001,Surgical Masks Box,Medical Supplies,Europe,1172,10.0,1.07,0,Medium,97.81
2024-02-14,SUPP002,Surgical Gloves Box,Medical Supplies,North America,890,12.5,1.16,0,Medium,96.75
2024-02-14,SUPP002,Surgical Gloves Box,Medical Supplies,Europe,768,12.5,1.03,0,Low,101.17
2024-02-15,DRUG001,Atorvastatin 20mg,Pharmaceuticals,North America,606,1.25,1.04,0,Low,95.19
2024-02-15,DRUG001,Atorvastatin 20mg,Pharmaceuticals,Europe,1147,1.25,1.1,0,High,101.1
2024-02-15,DRUG002,Amoxicillin 500mg,Pharmaceuticals,North America,241,0.85,1.07,0,High,101.26
2024-02-15,DRUG002,Amoxicillin 500mg,Pharmaceuticals,Europe,679,0.85,0.96,0,Low,95.18
2024-02-15,DRUG003,Insulin Glargine 10ml,Pharmaceuticals,North America,1434,25.0,1.08,0,Medium,95.57
2024-02-15,DRUG003,Insulin Glargine 10ml,Pharmaceuticals,Europe,1381,25.0,1.08,0,Medium,103.95
2024-02-15,SUPP001,Surgical Masks Box,Medical Supplies,North America,898,10.0,0.91,0,Medium,103.15
2024-02-15,SUPP001,Surgical Masks Box,Medical Supplies,Europe,1054,10.0,0.99,0,Medium,104.15
2024-02-15,SUPP002,Surgical Gloves Box,Medical Supplies,North America,806,12.5,1.01,0,Low,99.77
2024-02-15,SUPP002,Surgical Gloves Box,Medical Supplies,Europe,1307,12.5,0.93,0,High,100.71
2024-02-16,DRUG001,Atorvastatin 20mg,Pharmaceuticals,North America,657,1.25,1.15,0,Medium,104.13
2024-02-16,DRUG001,Atorvastatin 20mg,Pharmaceuticals,Europe,1146,1.25,1.15,0,Medium,96.05
2024-02-16,DRUG002,Amoxicillin 500mg,Pharmaceuticals,North America,924,0.85,0.9,0,High,97.4
2024-02-16,DRUG002,Amoxicillin 500mg,Pharmaceuticals,Europe,960,0.85,1.19,0,Low,99.97
2024-02-16,DRUG003,Insulin Glargine 10ml,Pharmaceuticals,North America,1009,25.0,0.92,0,Medium,97.19
2024-02-16,DRUG003,Insulin Glargine 10ml,Pharmaceuticals,Europe,1019,25.0,1.13,0,Medium,95.1
2024-02-16,SUPP001,Surgical Masks Box,Medical Supplies,North America,865,10.0,0.95,0,Low,103.4
2024-02-16,SUPP001,Surgical Masks Box,Medical Supplies,Europe,709,10.0,1.18,0,Low,98.6
2024-02-16,SUPP002,Surgical Gloves Box,Medical Supplies,North America,1727,12.5,1.1,0,Low,103.91
2024-02-16,SUPP002,Surgical Gloves Box,Medical Supplies,Europe,841,12.5,0.92,0,Medium,95.61
2024-02-17,DRUG001,Atorvastatin 20mg,Pharmaceuticals,North America,1264,1.25,1.1,0,Low,98.42
2024-02-17,DRUG001,Atorvastatin 20mg,Pharmaceuticals,Europe,1169,1.25,0.97,1,Medium,97.97
2024-02-17,DRUG002,Amoxicillin 500mg,Pharmaceuticals,North America,1036,0.85,0.99,0,Low,104.71
2024-02-17,DRUG002,Amoxicillin 500mg,Pharmaceuticals,Europe,1064,0.85,1.06,0,Low,103.61
2024-02-17,DRUG003,Insulin Glargine 10ml,Pharmaceuticals,North America,928,25.0,1.13,0,High,98.07
2024-02-17,DRUG003,Insulin Glargine 10ml,Pharmaceuticals,Europe,1213,25.0,1.04,0,Medium,98.93
2024-02-17,SUPP001,Surgical Masks Box,Medical Supplies,North America,803,10.0,0.99,0,Medium,100.21
2024-02-17,SUPP001,Surgical Masks Box,Medical Supplies,Europe,1188,10.0,1.06,0,Low,102.68
2024-02-17,SUPP002,Surgical Gloves Box,Medical Supplies,North America,1044,12.5,1.09,1,Medium,95.45
2024-02-17,SUPP002,Surgical Gloves Box,Medical Supplies,Europe,240,12.5,1.15,1,Medium,104.7
2024-02-18,DRUG001,Atorvastatin 20mg,Pharmaceuticals,North America,437,1.25,1.0,0,Low,96.05
2024-02-18,DRUG001,Atorvastatin 20mg,Pharmaceuticals,Europe,1658,1.25,0.91,0,Low,100.52
2024-02-18,DRUG002,Amoxicillin 500mg,Pharmaceuticals,North America,850,0.85,0.93,0,Low,100.6
2024-02-18,DRUG002,Amoxicillin 500mg,Pharmaceuticals,Europe,471,0.85,1.13,0,Low,95.17
2024-02-18,DRUG003,Insulin Glargine 10ml,Pharmaceuticals,North America,1136,25.0,0.92,0,High,98.92
2024-02-18,DRUG003,Insulin Glargine 10ml,Pharmaceuticals,Europe,1165,25.0,1.06,0,Medium,104.78
2024-02-18,SUPP001,Surgical Masks Box,Medical Supplies,North America,955,10.0,1.01,1,Medium,99.49
2024-02-18,SUPP001,Surgical Masks Box,Medical Supplies,Europe,230,10.0,0.9,0,High,100.23
2024-02-18,SUPP002,Surgical Gloves Box,Medical Supplies,North America,1197,12.5,1.2,1,Medium,100.58
2024-02-18,SUPP002,Surgical Gloves Box,Medical Supplies,Europe,931,12.5,1.08,0,Medium,99.19
2024-02-19,DRUG001,Atorvastatin 20mg,Pharmaceuticals,North America,762,1.25,0.98,0,High,100.39
2024-02-19,DRUG001,Atorvastatin 20mg,Pharmaceuticals,Europe,1106,1.25,0.91,1,Medium,99.14
2024-02-19,DRUG002,Amoxicillin 500mg,Pharmaceuticals,North America,584,0.85,1.04,0,Low,96.04
2024-02-19,DRUG002,Amoxicillin 500mg,Pharmaceuticals,Europe,1581,0.85,0.9,0,Low,97.2
2024-02-19,DRUG003,Insulin Glargine 10ml,Pharmaceuticals,North America,959,25.0,1.08,0,Low,100.95
2024-02-19,DRUG003,Insulin Glargine 10ml,Pharmaceuticals,Europe,985,25.0,1.2,1,Low,102.95
2024-02-19,SUPP001,Surgical Masks Box,Medical Supplies,North America,836,10.0,0.99,0,Medium,101.61
2024-02-19,SUPP001,Surgical Masks Box,Medical Supplies,Europe,945,10.0,1.12,0,Low,98.08
2024-02-19,SUPP002,Surgical Gloves Box,Medical Supplies,North America,759,12.5,1.02,0,Medium,103.28
2024-02-19,SUPP002,Surgical Gloves Box,Medical Supplies,Europe,1496,12.5,1.04,0,Medium,103.54
2024-02-20,DRUG001,Atorvastatin 20mg,Pharmaceuticals,North America,1539,1.25,0.92,0,Low,95.29
2024-02-20,DRUG001,Atorvastatin 20mg,Pharmaceuticals,Europe,744,1.25,1.08,0,Medium,103.96
2024-02-20,DRUG002,Amoxicillin 500mg,Pharmaceuticals,North America,1128,0.85,1.05,0,Medium,101.09
2024-02-20,DRUG002,Amoxicillin 500mg,Pharmaceuticals,Europe,794,0.85,1.05,1,Medium,104.91
2024-02-20,DRUG003,Insulin Glargine 10ml,Pharmaceuticals,North America,692,25.0,1.04,0,Medium,101.93
2024-02-20,DRUG003,Insulin Glargine 10ml,Pharmaceuticals,Europe,1007,25.0,1.04,0,Medium,95.81
2024-02-20,SUPP001,Surgical Masks Box,Medical Supplies,North America,1312,10.0,1.19,0,Medium,100.68
2024-02-20,SUPP001,Surgical Masks Box,Medical Supplies,Europe,1195,10.0,1.18,0,Low,99.36
2024-02-20,SUPP002,Surgical Gloves Box,Medical Supplies,North America,1391,12.5,1.16,0,High,95.59
2024-02-20,SUPP002,Surgical Gloves Box,Medical Supplies,Europe,1302,12.5,1.2,0,Medium,102.35
2024-02-21,DRUG001,Atorvastatin 20mg,Pharmaceuticals,North America,561,1.25,1.16,0,Medium,101.53
2024-02-21,DRUG001,Atorvastatin 20mg,Pharmaceuticals,Europe,1073,1.25,1.0,0,Low,102.97
2024-02-21,DRUG002,Amoxicillin 500mg,Pharmaceuticals,North America,543,0.85,1.15,0,Medium,99.39
2024-02-21,DRUG002,Amoxicillin 500mg,Pharmaceuticals,Europe,1159,0.85,1.12,1,Medium,99.42
2024-02-21,DRUG003,Insulin Glargine 10ml,Pharmaceuticals,North America,1107,25.0,1.04,0,Medium,97.92
2024-02-21,DRUG003,Insulin Glargine 10ml,Pharmaceuticals,Europe,877,25.0,0.91,1,Medium,97.81
2024-02-21,SUPP001,Surgical Masks Box,Medical Supplies,North America,1183,10.0,0.9,0,Medium,97.1
2024-02-21,SUPP001,Surgical Masks Box,Medical Supplies,Europe,1102,10.0,1.05,0,Medium,103.47
2024-02-21,SUPP002,Surgical Gloves Box,Medical Supplies,North America,797,12.5,1.11,0,High,100.5
2024-02-21,SUPP002,Surgical Gloves Box,Medical Supplies,Europe,1359,12.5,1.09,0,Medium,103.57
2024-02-22,DRUG001,Atorvastatin 20mg,Pharmaceuticals,North America,1238,1.25,1.07,0,High,101.82
2024-02-22,DRUG001,Atorvastatin 20mg,Pharmaceuticals,Europe,1064,1.25,1.11,1,Low,99.29
2024-02-22,DRUG002,Amoxicillin 500mg,Pharmaceuticals,North America,1196,0.85,1.14,1,Medium,102.86
2024-02-22,DRUG002,Amoxicillin 500mg,Pharmaceuticals,Europe,606,0.85,1.18,0,Low,101.08
2024-02-22,DRUG003,Insulin Glargine 10ml,Pharmaceuticals,North America,1247,25.0,0.96,0,High,96.35
2024-02-22,DRUG003,Insulin Glargine 10ml,Pharmaceuticals,Europe,1090,25.0,0.96,0,Medium,101.04
2024-02-22,SUPP001,Surgical Masks Box,Medical Supplies,North America,1135,10.0,1.17,0,Medium,102.02
2024-02-22,SUPP001,Surgical Masks Box,Medical Supplies,Europe,932,10.0,1.1,0,Medium,98.48
2024-02-22,SUPP002,Surgical Gloves Box,Medical Supplies,North America,925,12.5,1.11,0,Medium,98.75
2024-02-22,SUPP002,Surgical Gloves Box,Medical Supplies,Europe,531,12.5,1.13,0,Medium,102.94
2024-02-23,DRUG001,Atorvastatin 20mg,Pharmaceuticals,North America,864,1.25,1.09,1,Medium,103.0
2024-02-23,DRUG001,Atorvastatin 20mg,Pharmaceuticals,Europe,1677,1.25,1.19,0,Medium,95.37
2024-02-23,DRUG002,Amoxicillin 500mg,Pharmaceuticals,North America,1311,0.85,1.14,0,High,97.72
2024-02-23,DRUG002,Amoxicillin 500mg,Pharmaceuticals,Europe,402,0.85,1.12,0,Medium,103.03
2024-02-23,DRUG003,Insulin Glargine 10ml,Pharmaceuticals,North America,829,25.0,1.06,0,Medium,104.68
2024-02-23,DRUG003,Insulin Glargine 10ml,Pharmaceuticals,Europe,913,25.0,0.92,0,Medium,104.86
2024-02-23,SUPP001,Surgical Masks Box,Medical Supplies,North America,1035,10.0,1.06,0,Low,100.85
2024-02-23,SUPP001,Surgical Masks Box,Medical Supplies,Europe,1073,10.0,1.12,0,Medium,99.29
2024-02-23,SUPP002,Surgical Gloves Box,Medical Supplies,North America,792,12.5,0.95,0,High,95.76
2024-02-23,SUPP002,Surgical Gloves Box,Medical Supplies,Europe,1132,12.5,1.14,0,Medium,104.16
2024-02-24,DRUG001,Atorvastatin 20mg,Pharmaceuticals,North America,592,1.25,0.99,1,Medium,100.87
2024-02-24,DRUG001,Atorvastatin 20mg,Pharmaceuticals,Europe,1120,1.25,1.04,0,Low,101.86
2024-02-24,DRUG002,Amoxicillin 500mg,Pharmaceuticals,North America,705,0.85,1.14,0,High,96.61
2024-02-24,DRUG002,Amoxicillin 500mg,Pharmaceuticals,Europe,1285,0.85,0.99,0,Low,95.03
2024-02-24,DRUG003,Insulin Glargine 10ml,Pharmaceuticals,North America,886,25.0,1.02,0,High,98.38
2024-02-24,DRUG003,Insulin Glargine 10ml,Pharmaceuticals,Europe,1242,25.0,1.17,0,Medium,98.26
2024-02-24,SUPP001,Surgical Masks Box,Medical Supplies,North America,1196,10.0,1.03,1,Medium,100.12
2024-02-24,SUPP001,Surgical Masks Box,Medical Supplies,Europe,594,10.0,1.03,0,Medium,97.69
2024-02-24,SUPP002,Surgical Gloves Box,Medical Supplies,North America,1083,12.5,1.08,0,Medium,98.13
2024-02-24,SUPP002,Surgical Gloves Box,Medical Supplies,Europe,1311,12.5,0.91,0,Low,102.22
2024-02-25,DRUG001,Atorvastatin 20mg,Pharmaceuticals,North America,936,1.25,0.92,0,Medium,96.71
2024-02-25,DRUG001,Atorvastatin 20mg,Pharmaceuticals,Europe,787,1.25,1.01,1,Medium,103.03
2024-02-25,DRUG002,Amoxicillin 500mg,Pharmaceuticals,North America,909,0.85,1.19,0,High,95.15
2024-02-25,DRUG002,Amoxicillin 500mg,Pharmaceuticals,Europe,1198,0.85,1.19,0,Medium,95.82
2024-02-25,DRUG003,Insulin Glargine 10ml,Pharmaceuticals,North America,243,25.0,1.15,0,Medium,98.76
2024-02-25,DRUG003,Insulin Glargine 10ml,Pharmaceuticals,Europe,1005,25.0,1.0,0,Low,96.73
2024-02-25,SUPP001,Surgical Masks Box,Medical Supplies,North America,1199,10.0,1.05,0,Low,103.3
2024-02-25,SUPP001,Surgical Masks Box,Medical Supplies,Europe,1066,10.0,1.19,0,Low,101.01
2024-02-25,SUPP002,Surgical Gloves Box,Medical Supplies,North America,926,12.5,1.09,0,High,96.65
2024-02-25,SUPP002,Surgical Gloves Box,Medical Supplies,Europe,1452,12.5,1.2,0,Medium,100.72
2024-02-26,DRUG001,Atorvastatin 20mg,Pharmaceuticals,North America,1575,1.25,1.02,0,Medium,100.22
2024-02-26,DRUG001,Atorvastatin 20mg,Pharmaceuticals,Europe,961,1.25,0.96,1,Low,99.09
2024-02-26,DRUG002,Amoxicillin 500mg,Pharmaceuticals,North America,1037,0.85,0.99,0,Low,95.54
2024-02-26,DRUG002,Amoxicillin 500mg,Pharmaceuticals,Europe,639,0.85,1.13,0,Low,95.47
2024-02-26,DRUG003,Insulin Glargine 10ml,Pharmaceuticals,North America,950,25.0,1.18,0,Low,102.42
2024-02-26,DRUG003,Insulin Glargine 10ml,Pharmaceuticals,Europe,1054,25.0,1.16,0,Medium,99.33
2024-02-26,SUPP001,Surgical Masks Box,Medical Supplies,North America,1067,10.0,0.97,0,Low,97.64
2024-02-26,SUPP001,Surgical Masks Box,Medical Supplies,Europe,1148,10.0,0.97,0,Low,98.87
2024-02-26,SUPP002,Surgical Gloves Box,Medical Supplies,North America,563,12.5,0.92,0,Low,103.36
2024-02-26,SUPP002,Surgical Gloves Box,Medical Supplies,Europe,1261,12.5,1.1,0,Low,97.79
2024-02-27,DRUG001,Atorvastatin 20mg,Pharmaceuticals,North America,1226,1.25,1.04,0,Low,102.42
2024-02-27,DRUG001,Atorvastatin 20mg,Pharmaceuticals,Europe,1776,1.25,1.16,1,Low,102.4
2024-02-27,DRUG002,Amoxicillin 500mg,Pharmaceuticals,North America,1254,0.85,0.92,0,Low,102.69
2024-02-27,DRUG002,Amoxicillin 500mg,Pharmaceuticals,Europe,739,0.85,1.16,0,Medium,96.17
2024-02-27,DRUG003,Insulin Glargine 10ml,Pharmaceuticals,North America,453,25.0,0.95,0,Low,101.36
2024-02-27,DRUG003,Insulin Glargine 10ml,Pharmaceuticals,Europe,673,25.0,1.17,1,Medium,96.76
2024-02-27,SUPP001,Surgical Masks Box,Medical Supplies,North America,826,10.0,1.18,0,Medium,95.85
2024-02-27,SUPP001,Surgical Masks Box,Medical Supplies,Europe,1246,10.0,1.07,0,High,95.29
2024-02-27,SUPP002,Surgical Gloves Box,Medical Supplies,North America,1461,12.5,0.93,0,Medium,98.85
2024-02-27,SUPP002,Surgical Gloves Box,Medical Supplies,Europe,1273,12.5,0.93,0,High,100.87
2024-02-28,DRUG001,Atorvastatin 20mg,Pharmaceuticals,North America,1136,1.25,1.1,0,Medium,96.25
2024-02-28,DRUG001,Atorvastatin 20mg,Pharmaceuticals,Europe,1546,1.25,1.18,0,Medium,104.33
2024-02-28,DRUG002,Amoxicillin 500mg,Pharmaceuticals,North America,1036,0.85,0.99,1,Medium,99.08
2024-02-28,DRUG002,Amoxicillin 500mg,Pharmaceuticals,Europe,1216,0.85,1.07,0,High,99.82
2024-02-28,DRUG003,Insulin Glargine 10ml,Pharmaceuticals,North America,1109,25.0,1.15,0,High,98.87
2024-02-28,DRUG003,Insulin Glargine 10ml,Pharmaceuticals,Europe,1103,25.0,0.93,0,Medium,96.27
2024-02-28,SUPP001,Surgical Masks Box,Medical Supplies,North America,1250,10.0,0.96,0,Low,102.93
2024-02-28,SUPP001,Surgical Masks Box,Medical Supplies,Europe,1298,10.0,1.05,0,Low,98.47
2024-02-28,SUPP002,Surgical Gloves Box,Medical Supplies,North America,1013,12.5,1.03,0,Low,100.14
2024-02-28,SUPP002,Surgical Gloves Box,Medical Supplies,Europe,1041,12.5,1.2,0,Medium,99.35
2024-02-29,DRUG001,Atorvastatin 20mg,Pharmaceuticals,North America,659,1.25,1.04,1,Low,101.36
2024-02-29,DRUG001,Atorvastatin 20mg,Pharmaceuticals,Europe,1176,1.25,1.07,0,Medium,100.02
2024-02-29,DRUG002,Amoxicillin 500mg,Pharmaceuticals,North America,880,0.85,1.02,0,High,104.51
2024-02-29,DRUG002,Amoxicillin 500mg,Pharmaceuticals,Europe,1120,0.85,1.17,0,High,103.78
2024-02-29,DRUG003,Insulin Glargine 10ml,Pharmaceuticals,North America,585,25.0,1.04,0,Low,95.23
2024-02-29,DRUG003,Insulin Glargine 10ml,Pharmaceuticals,Europe,516,25.0,0.94,0,Low,102.65
2024-02-29,SUPP001,Surgical Masks Box,Medical Supplies,North America,852,10.0,1.03,0,High,98.33
2024-02-29,SUPP001,Surgical Masks Box,Medical Supplies,Europe,1089,10.0,1.08,0,High,102.56
2024-02-29,SUPP002,Surgical Gloves Box,Medical Supplies,North America,883,12.5,1.08,0,High,100.44
2024-02-29,SUPP002,Surgical Gloves Box,Medical Supplies,Europe,1598,12.5,0.91,1,Medium,103.69
2024-03-01,DRUG001,Atorvastatin 20mg,Pharmaceuticals,North America,1087,1.25,0.92,0,High,103.99
2024-03-01,DRUG001,Atorvastatin 20mg,Pharmaceuticals,Europe,1098,1.25,1.04,0,Low,104.68
2024-03-01,DRUG002,Amoxicillin 500mg,Pharmaceuticals,North America,818,0.85,1.1,0,High,95.11
2024-03-01,DRUG002,Amoxicillin 500mg,Pharmaceuticals,Europe,831,0.85,0.9,0,Medium,96.63
2024-03-01,DRUG003,Insulin Glargine 10ml,Pharmaceuticals,North America,211,25.0,1.17,0,High,101.24
2024-03-01,DRUG003,Insulin Glargine 10ml,Pharmaceuticals,Europe,951,25.0,0.95,0,Medium,97.35
2024-03-01,SUPP001,Surgical Masks Box,Medical Supplies,North America,687,10.0,1.1,0,Low,100.27
2024-03-01,SUPP001,Surgical Masks Box,Medical Supplies,Europe,756,10.0,1.14,0,High,100.78
2024-03-01,SUPP002,Surgical Gloves Box,Medical Supplies,North America,1186,12.5,0.91,1,Medium,95.92
2024-03-01,SUPP002,Surgical Gloves Box,Medical Supplies,Europe,1822,12.5,0.91,0,Medium,101.14
2024-03-02,DRUG001,Atorvastatin 20mg,Pharmaceuticals,North America,414,1.25,1.06,0,Low,97.82
2024-03-02,DRUG001,Atorvastatin 20mg,Pharmaceuticals,Europe,998,1.25,0.92,1,Medium,104.96
2024-03-02,DRUG002,Amoxicillin 500mg,Pharmaceuticals,North America,1211,0.85,1.08,0,Low,102.38
2024-03-02,DRUG002,Amoxicillin 500mg,Pharmaceuticals,Europe,889,0.85,1.17,0,Low,101.96
2024-03-02,DRUG003,Insulin Glargine 10ml,Pharmaceuticals,North America,815,25.0,1.02,0,Medium,100.89
2024-03-02,DRUG003,Insulin Glargine 10ml,Pharmaceuticals,Europe,504,25.0,0.98,1,Medium,104.7
2024-03-02,SUPP001,Surgical Masks Box,Medical Supplies,North America,1373,10.0,1.14,0,High,95.22
2024-03-02,SUPP001,Surgical Masks Box,Medical Supplies,Europe,1093,10.0,1.13,1,Low,101.48
2024-03-02,SUPP002,Surgical Gloves Box,Medical Supplies,North America,1459,12.5,1.16,0,High,98.12
2024-03-02,SUPP002,Surgical Gloves Box,Medical Supplies,Europe,1109,12.5,0.97,0,Medium,96.87
2024-03-03,DRUG001,Atorvastatin 20mg,Pharmaceuticals,North America,716,1.25,1.14,0,Medium,101.5
2024-03-03,DRUG001,Atorvastatin 20mg,Pharmaceuticals,Europe,1483,1.25,1.18,0,Medium,104.05
2024-03-03,DRUG002,Amoxicillin 500mg,Pharmaceuticals,North America,641,0.85,1.16,0,Medium,102.11
2024-03-03,DRUG002,Amoxicillin 500mg,Pharmaceuticals,Europe,1298,0.85,1.16,1,High,98.25
2024-03-03,DRUG003,Insulin Glargine 10ml,Pharmaceuticals,North America,719,25.0,0.97,0,Low,101.21
2024-03-03,DRUG003,Insulin Glargine 10ml,Pharmaceuticals,Europe,943,25.0,1.1,0,Low,98.05
2024-03-03,SUPP001,Surgical Masks Box,Medical Supplies,North America,375,10.0,1.19,0,Medium,103.79
2024-03-03,SUPP001,Surgical Masks Box,Medical Supplies,Europe,761,10.0,1.0,0,Low,102.72
2024-03-03,SUPP002,Surgical Gloves Box,Medical Supplies,North America,710,12.5,0.98,0,Medium,95.73
2024-03-03,SUPP002,Surgical Gloves Box,Medical Supplies,Europe,967,12.5,1.1,0,Medium,102.61
2024-03-04,DRUG001,Atorvastatin 20mg,Pharmaceuticals,North America,1099,1.25,1.18,0,Medium,102.36
2024-03-04,DRUG001,Atorvastatin 20mg,Pharmaceuticals,Europe,631,1.25,1.0,0,High,95.11
2024-03-04,DRUG002,Amoxicillin 500mg,Pharmaceuticals,North America,902,0.85,1.04,0,High,103.92
2024-03-04,DRUG002,Amoxicillin 500mg,Pharmaceuticals,Europe,1128,0.85,1.18,0,Medium,98.9
2024-03-04,DRUG003,Insulin Glargine 10ml,Pharmaceuticals,North America,736,25.0,1.12,0,High,102.45
2024-03-04,DRUG003,Insulin Glargine 10ml,Pharmaceuticals,Europe,424,25.0,0.91,0,Medium,99.57
2024-03-04,SUPP001,Surgical Masks Box,Medical Supplies,North America,1058,10.0,1.17,0,Medium,102.55
2024-03-04,SUPP001,Surgical Masks Box,Medical Supplies,Europe,1393,10.0,0.91,0,Low,99.38
2024-03-04,SUPP002,Surgical Gloves Box,Medical Supplies,North America,1606,12.5,0.98,0,Low,101.99
2024-03-04,SUPP002,Surgical Gloves Box,Medical Supplies,Europe,1157,12.5,1.04,0,Medium,102.69
2024-03-05,DRUG001,Atorvastatin 20mg,Pharmaceuticals,North America,1035,1.25,1.07,0,Low,99.09
2024-03-05,DRUG001,Atorvastatin 20mg,Pharmaceuticals,Europe,947,1.25,0.97,1,Medium,104.96
2024-03-05,DRUG002,Amoxicillin 500mg,Pharmaceuticals,North America,544,0.85,1.05,0,High,103.19
2024-03-05,DRUG002,Amoxicillin 500mg,Pharmaceuticals,Europe,983,0.85,1.12,0,Medium,104.97
2024-03-05,DRUG003,Insulin Glargine 10ml,Pharmaceuticals,North America,1272,25.0,1.07,1,High,104.99
2024-03-05,DRUG003,Insulin Glargine 10ml,Pharmaceuticals,Europe,783,25.0,1.08,0,Medium,102.11
2024-03-05,SUPP001,Surgical Masks Box,Medical Supplies,North America,521,10.0,1.16,0,Medium,97.66
2024-03-05,SUPP001,Surgical Masks Box,Medical Supplies,Europe,1009,10.0,1.01,1,Low,95.95
2024-03-05,SUPP002,Surgical Gloves Box,Medical Supplies,North America,1002,12.5,1.09,0,Medium,95.61
2024-03-05,SUPP002,Surgical Gloves Box,Medical Supplies,Europe,768,12.5,1.16,0,High,104.37
2024-03-06,DRUG001,Atorvastatin 20mg,Pharmaceuticals,North America,647,1.25,1.12,0,Low,96.19
2024-03-06,DRUG001,Atorvastatin 20mg,Pharmaceuticals,Europe,497,1.25,1.04,0,Low,95.27
2024-03-06,DRUG002,Amoxicillin 500mg,Pharmaceuticals,North America,773,0.85,0.92,0,Medium,103.55
2024-03-06,DRUG002,Amoxicillin 500mg,Pharmaceuticals,Europe,1568,0.85,1.12,0,Low,98.12
2024-03-06,DRUG003,Insulin Glargine 10ml,Pharmaceuticals,North America,965,25.0,1.2,0,Medium,101.83
2024-03-06,DRUG003,Insulin Glargine 10ml,Pharmaceuticals,Europe,696,25.0,1.15,0,Medium,103.81
2024-03-06,SUPP001,Surgical Masks Box,Medical Supplies,North America,856,10.0,1.19,0,Low,100.64
2024-03-06,SUPP001,Surgical Masks Box,Medical Supplies,Europe,691,10.0,1.02,0,Low,97.79
2024-03-06,SUPP002,Surgical Gloves Box,Medical Supplies,North America,1329,12.5,1.16,0,High,97.55
2024-03-06,SUPP002,Surgical Gloves Box,Medical Supplies,Europe,1206,12.5,1.03,1,Medium,96.97
2024-03-07,DRUG001,Atorvastatin 20mg,Pharmaceuticals,North America,970,1.25,1.13,1,Medium,103.77
2024-03-07,DRUG001,Atorvastatin 20mg,Pharmaceuticals,Europe,630,1.25,1.12,0,Low,104.3
2024-03-07,DRUG002,Amoxicillin 500mg,Pharmaceuticals,North America,1218,0.85,0.92,0,Medium,104.97
2024-03-07,DRUG002,Amoxicillin 500mg,Pharmaceuticals,Europe,946,0.85,1.13,0,Medium,98.67
2024-03-07,DRUG003,Insulin Glargine 10ml,Pharmaceuticals,North America,813,25.0,0.97,0,High,104.13
2024-03-07,DRUG003,Insulin Glargine 10ml,Pharmaceuticals,Europe,774,25.0,0.92,0,Low,97.55
2024-03-07,SUPP001,Surgical Masks Box,Medical Supplies,North America,933,10.0,1.08,0,Medium,98.39
2024-03-07,SUPP001,Surgical Masks Box,Medical Supplies,Europe,758,10.0,1.11,0,Low,95.86
2024-03-07,SUPP002,Surgical Gloves Box,Medical Supplies,North America,775,12.5,1.04,0,Medium,97.21
2024-03-07,SUPP002,Surgical Gloves Box,Medical Supplies,Europe,873,12.5,1.12,0,Medium,96.69
2024-03-08,DRUG001,Atorvastatin 20mg,Pharmaceuticals,North America,796,1.25,1.1,0,Medium,99.19
2024-03-08,DRUG001,Atorvastatin 20mg,Pharmaceuticals,Europe,1087,1.25,1.17,0,Low,98.29
2024-03-08,DRUG002,Amoxicillin 500mg,Pharmaceuticals,North America,1039,0.85,1.15,0,High,101.97
2024-03-08,DRUG002,Amoxicillin 500mg,Pharmaceuticals,Europe,1025,0.85,1.13,1,Low,101.34
2024-03-08,DRUG003,Insulin Glargine 10ml,Pharmaceuticals,North America,1101,25.0,1.17,0,High,100.37
2024-03-08,DRUG003,Insulin Glargine 10ml,Pharmaceuticals,Europe,1058,25.0,0.9,0,Medium,99.35
2024-03-08,SUPP001,Surgical Masks Box,Medical Supplies,North America,338,10.0,1.18,0,High,104.03
2024-03-08,SUPP001,Surgical Masks Box,Medical Supplies,Europe,676,10.0,1.05,0,Medium,102.08
2024-03-08,SUPP002,Surgical Gloves Box,Medical Supplies,North America,790,12.5,0.98,0,Low,97.62
2024-03-08,SUPP002,Surgical Gloves Box,Medical Supplies,Europe,909,12.5,1.09,1,Medium,104.27
2024-03-09,DRUG001,Atorvastatin 20mg,Pharmaceuticals,North America,1211,1.25,1.02,0,High,104.05
2024-03-09,DRUG001,Atorvastatin 20mg,Pharmaceuticals,Europe,1263,1.25,1.04,0,Medium,97.85
2024-03-09,DRUG002,Amoxicillin 500mg,Pharmaceuticals,North America,1593,0.85,1.17,0,Medium,97.91
2024-03-09,DRUG002,Amoxicillin 500mg,Pharmaceuticals,Europe,1055,0.85,0.99,0,Medium,96.64
2024-03-09,DRUG003,Insulin Glargine 10ml,Pharmaceuticals,North America,981,25.0,1.04,0,Medium,96.43
2024-03-09,DRUG003,Insulin Glargine 10ml,Pharmaceuticals,Europe,727,25.0,1.05,1,Low,101.9
2024-03-09,SUPP001,Surgical Masks Box,Medical Supplies,North America,1446,10.0,0.95,1,Medium,103.47
2024-03-09,SUPP001,Surgical Masks Box,Medical Supplies,Europe,1168,10.0,0.97,0,Medium,98.97
2024-03-09,SUPP002,Surgical Gloves Box,Medical Supplies,North America,1467,12.5,0.93,0,Low,96.91
2024-03-09,SUPP002,Surgical Gloves Box,Medical Supplies,Europe,655,12.5,1.1,0,High,103.68
2024-03-10,DRUG001,Atorvastatin 20mg,Pharmaceuticals,North America,1342,1.25,1.17,0,High,96.95
2024-03-10,DRUG001,Atorvastatin 20mg,Pharmaceuticals,Europe,1135,1.25,1.02,0,Medium,95.3
2024-03-10,DRUG002,Amoxicillin 500mg,Pharmaceuticals,North America,1239,0.85,1.01,0,Medium,97.34
2024-03-10,DRUG002,Amoxicillin 500mg,Pharmaceuticals,Europe,538,0.85,0.94,0,Medium,96.69
2024-03-10,DRUG003,Insulin Glargine 10ml,Pharmaceuticals,North America,638,25.0,0.93,0,Medium,100.75
2024-03-10,DRUG003,Insulin Glargine 10ml,Pharmaceuticals,Europe,681,25.0,1.15,0,Medium,101.09
2024-03-10,SUPP001,Surgical Masks Box,Medical Supplies,North America,1357,10.0,1.12,0,Low,101.95
2024-03-10,SUPP001,Surgical Masks Box,Medical Supplies,Europe,1321,10.0,1.12,1,Medium,101.87
2024-03-10,SUPP002,Surgical Gloves Box,Medical Supplies,North America,1331,12.5,1.2,0,Medium,95.79
2024-03-10,SUPP002,Surgical Gloves Box,Medical Supplies,Europe,1013,12.5,1.12,0,Medium,96.25
2024-03-11,DRUG001,Atorvastatin 20mg,Pharmaceuticals,North America,607,1.25,1.13,0,Medium,97.95
2024-03-11,DRUG001,Atorvastatin 20mg,Pharmaceuticals,Europe,1295,1.25,0.9,0,Low,101.59
2024-03-11,DRUG002,Amoxicillin 500mg,Pharmaceuticals,North America,1207,0.85,1.01,1,Medium,95.74
2024-03-11,DRUG002,Amoxicillin 500mg,Pharmaceuticals,Europe,822,0.85,1.02,0,Medium,99.1
2024-03-11,DRUG003,Insulin Glargine 10ml,Pharmaceuticals,North America,1270,25.0,1.19,1,Medium,102.24
2024-03-11,DRUG003,Insulin Glargine 10ml,Pharmaceuticals,Europe,1487,25.0,1.15,0,Low,98.02
2024-03-11,SUPP001,Surgical Masks Box,Medical Supplies,North America,798,10.0,0.95,0,Medium,99.97
2024-03-11,SUPP001,Surgical Masks Box,Medical Supplies,Europe,447,10.0,1.1,0,High,104.39
2024-03-11,SUPP002,Surgical Gloves Box,Medical Supplies,North America,1271,12.5,0.94,0,Low,99.08
2024-03-11,SUPP002,Surgical Gloves Box,Medical Supplies,Europe,1084,12.5,1.0,0,Low,101.37
2024-03-12,DRUG001,Atorvastatin 20mg,Pharmaceuticals,North America,1288,1.25,1.09,0,Low,103.47
2024-03-12,DRUG001,Atorvastatin 20mg,Pharmaceuticals,Europe,893,1.25,1.02,0,Medium,98.48
2024-03-12,DRUG002,Amoxicillin 500mg,Pharmaceuticals,North America,932,0.85,0.96,0,Low,98.04
2024-03-12,DRUG002,Amoxicillin 500mg,Pharmaceuticals,Europe,441,0.85,1.0,1,Medium,102.87
2024-03-12,DRUG003,Insulin Glargine 10ml,Pharmaceuticals,North America,1137,25.0,0.96,0,Medium,103.44
2024-03-12,DRUG003,Insulin Glargine 10ml,Pharmaceuticals,Europe,1349,25.0,0.92,0,Medium,104.78
2024-03-12,SUPP001,Surgical Masks Box,Medical Supplies,North America,814,10.0,1.11,0,Medium,103.2
2024-03-12,SUPP001,Surgical Masks Box,Medical Supplies,Europe,1254,10.0,1.17,0,Low,102.96
2024-03-12,SUPP002,Surgical Gloves Box,Medical Supplies,North America,1363,12.5,0.94,0,Low,96.1
2024-03-12,SUPP002,Surgical Gloves Box,Medical Supplies,Europe,887,12.5,1.01,0,High,103.64
2024-03-13,DRUG001,Atorvastatin 20mg,Pharmaceuticals,North America,758,1.25,1.06,0,Low,100.16
2024-03-13,DRUG001,Atorvastatin 20mg,Pharmaceuticals,Europe,1239,1.25,1.12,0,Low,104.27
2024-03-13,DRUG002,Amoxicillin 500mg,Pharmaceuticals,North America,1203,0.85,1.2,0,Low,102.91
2024-03-13,DRUG002,Amoxicillin 500mg,Pharmaceuticals,Europe,967,0.85,0.95,0,Medium,99.34
2024-03-13,DRUG003,Insulin Glargine 10ml,Pharmaceuticals,North America,1171,25.0,1.12,0,Low,97.21
2024-03-13,DRUG003,Insulin Glargine 10ml,Pharmaceuticals,Europe,660,25.0,1.01,0,Medium,101.63
2024-03-13,SUPP001,Surgical Masks Box,Medical Supplies,North America,779,10.0,0.94,0,Low,102.5
2024-03-13,SUPP001,Surgical Masks Box,Medical Supplies,Europe,733,10.0,1.14,0,Low,103.9
2024-03-13,SUPP002,Surgical Gloves Box,Medical Supplies,North America,1245,12.5,1.06,0,Medium,100.12
2024-03-13,SUPP002,Surgical Gloves Box,Medical Supplies,Europe,1146,12.5,1.02,1,Medium,97.41
2024-03-14,DRUG001,Atorvastatin 20mg,Pharmaceuticals,North America,1512,1.25,0.94,0,High,100.67
2024-03-14,DRUG001,Atorvastatin 20mg,Pharmaceuticals,Europe,1232,1.25,0.97,0,Medium,100.48
2024-03-14,DRUG002,Amoxicillin 500mg,Pharmaceuticals,North America,1345,0.85,0.92,0,Medium,95.62
2024-03-14,DRUG002,Amoxicillin 500mg,Pharmaceuticals,Europe,561,0.85,1.16,0,Medium,98.91
2024-03-14,DRUG003,Insulin Glargine 10ml,Pharmaceuticals,North America,1423,25.0,1.05,0,Medium,100.93
2024-03-14,DRUG003,Insulin Glargine 10ml,Pharmaceuticals,Europe,839,25.0,1.13,0,Medium,102.89
2024-03-14,SUPP001,Surgical Masks Box,Medical Supplies,North America,957,10.0,1.07,0,Low,99.12
2024-03-14,SUPP001,Surgical Masks Box,Medical Supplies,Europe,1154,10.0,1.15,0,Medium,95.19
2024-03-14,SUPP002,Surgical Gloves Box,Medical Supplies,North America,1277,12.5,0.97,0,Medium,102.04
2024-03-14,SUPP002,Surgical Gloves Box,Medical Supplies,Europe,975,12.5,1.04,0,Medium,97.54
2024-03-15,DRUG001,Atorvastatin 20mg,Pharmaceuticals,North America,809,1.25,1.02,0,High,102.92
2024-03-15,DRUG001,Atorvastatin 20mg,Pharmaceuticals,Europe,1138,1.25,1.12,0,Low,97.17
2024-03-15,DRUG002,Amoxicillin 500mg,Pharmaceuticals,North America,1633,0.85,1.11,0,Medium,98.59
2024-03-15,DRUG002,Amoxicillin 500mg,Pharmaceuticals,Europe,1156,0.85,0.95,0,Low,98.5
2024-03-15,DRUG003,Insulin Glargine 10ml,Pharmaceuticals,North America,918,25.0,1.09,0,High,97.53
2024-03-15,DRUG003,Insulin Glargine 10ml,Pharmaceuticals,Europe,813,25.0,0.94,0,High,100.49
2024-03-15,SUPP001,Surgical Masks Box,Medical Supplies,North America,1116,10.0,1.02,0,Low,98.93
2024-03-15,SUPP001,Surgical Masks Box,Medical Supplies,Europe,891,10.0,1.05,0,High,100.74
2024-03-15,SUPP002,Surgical Gloves Box,Medical Supplies,North America,856,12.5,1.19,0,Medium,99.5
2024-03-15,SUPP002,Surgical Gloves Box,Medical Supplies,Europe,587,12.5,1.06,0,Medium,103.51
2024-03-16,DRUG001,Atorvastatin 20mg,Pharmaceuticals,North America,0,1.25,1.0,0,High,98.16
2024-03-16,DRUG001,Atorvastatin 20mg,Pharmaceuticals,Europe,1385,1.25,1.14,0,Medium,104.37
2024-03-16,DRUG002,Amoxicillin 500mg,Pharmaceuticals,North America,1244,0.85,0.95,0,Medium,97.72
2024-03-16,DRUG002,Amoxicillin 500mg,Pharmaceuticals,Europe,1075,0.85,1.12,0,High,98.13
2024-03-16,DRUG003,Insulin Glargine 10ml,Pharmaceuticals,North America,651,25.0,1.12,0,Medium,99.16
2024-03-16,DRUG003,Insulin Glargine 10ml,Pharmaceuticals,Europe,1323,25.0,0.95,0,Low,101.18
2024-03-16,SUPP001,Surgical Masks Box,Medical Supplies,North America,978,10.0,1.12,0,Low,97.32
2024-03-16,SUPP001,Surgical Masks Box,Medical Supplies,Europe,778,10.0,1.02,0,Low,102.29
2024-03-16,SUPP002,Surgical Gloves Box,Medical Supplies,North America,780,12.5,1.09,0,High,97.89
2024-03-16,SUPP002,Surgical Gloves Box,Medical Supplies,Europe,1058,12.5,1.12,0,Low,104.03
2024-03-17,DRUG001,Atorvastatin 20mg,Pharmaceuticals,North America,1607,1.25,0.94,0,Medium,98.19
2024-03-17,DRUG001,Atorvastatin 20mg,Pharmaceuticals,Europe,970,1.25,1.05,0,Medium,99.87
2024-03-17,DRUG002,Amoxicillin 500mg,Pharmaceuticals,North America,450,0.85,0.93,0,Low,104.35
2024-03-17,DRUG002,Amoxicillin 500mg,Pharmaceuticals,Europe,729,0.85,1.03,0,Low,95.79
2024-03-17,DRUG003,Insulin Glargine 10ml,Pharmaceuticals,North America,622,25.0,1.05,0,High,98.2
2024-03-17,DRUG003,Insulin Glargine 10ml,Pharmaceuticals,Europe,1107,25.0,1.04,0,Medium,102.93
2024-03-17,SUPP001,Surgical Masks Box,Medical Supplies,North America,710,10.0,1.05,1,Medium,104.05
2024-03-17,SUPP001,Surgical Masks Box,Medical Supplies,Europe,1523,10.0,0.95,0,High,98.23
2024-03-17,SUPP002,Surgical Gloves Box,Medical Supplies,North America,963,12.5,0.92,0,Low,95.22
2024-03-17,SUPP002,Surgical Gloves Box,Medical Supplies,Europe,1270,12.5,0.94,0,High,96.11
2024-03-18,DRUG001,Atorvastatin 20mg,Pharmaceuticals,North America,604,1.25,1.12,0,Low,96.96
2024-03-18,DRUG001,Atorvastatin 20mg,Pharmaceuticals,Europe,952,1.25,1.07,0,Medium,95.58
2024-03-18,DRUG002,Amoxicillin 500mg,Pharmaceuticals,North America,1413,0.85,0.94,0,Low,102.46
2024-03-18,DRUG002,Amoxicillin 500mg,Pharmaceuticals,Europe,1088,0.85,1.08,0,Low,98.32
2024-03-18,DRUG003,Insulin Glargine 10ml,Pharmaceuticals,North America,1052,25.0,0.94,0,High,99.19
2024-03-18,DRUG003,Insulin Glargine 10ml,Pharmaceuticals,Europe,1262,25.0,1.16,0,Medium,103.44
2024-03-18,SUPP001,Surgical Masks Box,Medical Supplies,North America,991,10.0,1.09,0,Low,97.79
2024-03-18,SUPP001,Surgical Masks Box,Medical Supplies,Europe,1248,10.0,0.93,0,Low,104.69
2024-03-18,SUPP002,Surgical Gloves Box,Medical Supplies,North America,758,12.5,1.2,0,Medium,101.47
2024-03-18,SUPP002,Surgical Gloves Box,Medical Supplies,Europe,1549,12.5,0.92,0,Low,96.4
2024-03-19,DRUG001,Atorvastatin 20mg,Pharmaceuticals,North America,1332,1.25,1.07,0,Medium,99.1
2024-03-19,DRUG001,Atorvastatin 20mg,Pharmaceuticals,Europe,1391,1.25,0.94,0,Low,96.91
2024-03-19,DRUG002,Amoxicillin 500mg,Pharmaceuticals,North America,1157,0.85,1.09,0,Low,101.9
2024-03-19,DRUG002,Amoxicillin 500mg,Pharmaceuticals,Europe,1312,0.85,1.12,0,High,104.56
2024-03-19,DRUG003,Insulin Glargine 10ml,Pharmaceuticals,North America,1369,25.0,1.06,0,Low,100.74
2024-03-19,DRUG003,Insulin Glargine 10ml,Pharmaceuticals,Europe,898,25.0,1.17,0,Medium,96.6
2024-03-19,SUPP001,Surgical Masks Box,Medical Supplies,North America,623,10.0,0.99,0,Low,100.61
2024-03-19,SUPP001,Surgical Masks Box,Medical Supplies,Europe,800,10.0,1.03,0,Low,103.92
2024-03-19,SUPP002,Surgical Gloves Box,Medical Supplies,North America,1086,12.5,0.97,0,Low,101.12
2024-03-19,SUPP002,Surgical Gloves Box,Medical Supplies,Europe,1397,12.5,0.91,1,Low,102.11
2024-03-20,DRUG001,Atorvastatin 20mg,Pharmaceuticals,North America,1041,1.25,0.92,0,Medium,95.86
2024-03-20,DRUG001,Atorvastatin 20mg,Pharmaceuticals,Europe,640,1.25,1.15,0,High,104.17
2024-03-20,DRUG002,Amoxicillin 500mg,Pharmaceuticals,North America,518,0.85,1.13,0,Medium,103.37
2024-03-20,DRUG002,Amoxicillin 500mg,Pharmaceuticals,Europe,977,0.85,1.14,0,Medium,99.13
2024-03-20,DRUG003,Insulin Glargine 10ml,Pharmaceuticals,North America,617,25.0,1.04,0,Medium,103.2
2024-03-20,DRUG003,Insulin Glargine 10ml,Pharmaceuticals,Europe,989,25.0,1.06,0,Medium,102.97
2024-03-20,SUPP001,Surgical Masks Box,Medical Supplies,North America,1329,10.0,0.94,0,High,104.11
2024-03-20,SUPP001,Surgical Masks Box,Medical Supplies,Europe,590,10.0,1.07,0,High,104.59
2024-03-20,SUPP002,Surgical Gloves Box,Medical Supplies,North America,1854,12.5,1.02,0,Medium,102.91
2024-03-20,SUPP002,Surgical Gloves Box,Medical Supplies,Europe,859,12.5,1.14,0,Low,100.27
2024-03-21,DRUG001,Atorvastatin 20mg,Pharmaceuticals,North America,958,1.25,1.17,0,Medium,95.64
2024-03-21,DRUG001,Atorvastatin 20mg,Pharmaceuticals,Europe,945,1.25,1.03,0,Low,98.26
2024-03-21,DRUG002,Amoxicillin 500mg,Pharmaceuticals,North America,1056,0.85,1.19,0,High,103.46
2024-03-21,DRUG002,Amoxicillin 500mg,Pharmaceuticals,Europe,838,0.85,1.16,0,Medium,99.06
2024-03-21,DRUG003,Insulin Glargine 10ml,Pharmaceuticals,North America,861,25.0,0.92,1,Low,104.77
2024-03-21,DRUG003,Insulin Glargine 10ml,Pharmaceuticals,Europe,1138,25.0,1.12,0,Medium,103.18
2024-03-21,SUPP001,Surgical Masks Box,Medical Supplies,North America,1237,10.0,1.14,0,Low,97.04
2024-03-21,SUPP001,Surgical Masks Box,Medical Supplies,Europe,776,10.0,0.96,0,Medium,98.8
2024-03-21,SUPP002,Surgical Gloves Box,Medical Supplies,North America,902,12.5,1.04,0,High,100.25
2024-03-21,SUPP002,Surgical Gloves Box,Medical Supplies,Europe,1150,12.5,1.01,0,Low,95.79
2024-03-22,DRUG001,Atorvastatin 20mg,Pharmaceuticals,North America,1434,1.25,0.91,0,Medium,104.29
2024-03-22,DRUG001,Atorvastatin 20mg,Pharmaceuticals,Europe,916,1.25,0.99,0,Medium,98.57
2024-03-22,DRUG002,Amoxicillin 500mg,Pharmaceuticals,North America,1238,0.85,1.13,0,High,99.31
2024-03-22,DRUG002,Amoxicillin 500mg,Pharmaceuticals,Europe,1397,0.85,1.2,0,Medium,100.34
2024-03-22,DRUG003,Insulin Glargine 10ml,Pharmaceuticals,North America,970,25.0,1.14,1,Medium,102.76
2024-03-22,DRUG003,Insulin Glargine 10ml,Pharmaceuticals,Europe,1402,25.0,0.92,0,High,101.93
2024-03-22,SUPP001,Surgical Masks Box,Medical Supplies,North America,396,10.0,0.91,0,Medium,97.11
2024-03-22,SUPP001,Surgical Masks Box,Medical Supplies,Europe,1278,10.0,0.95,0,Medium,97.4
2024-03-22,SUPP002,Surgical Gloves Box,Medical Supplies,North America,1261,12.5,1.04,0,High,95.92
2024-03-22,SUPP002,Surgical Gloves Box,Medical Supplies,Europe,1057,12.5,0.93,0,Medium,99.26
2024-03-23,DRUG001,Atorvastatin 20mg,Pharmaceuticals,North America,1339,1.25,0.9,1,Low,104.17
2024-03-23,DRUG001,Atorvastatin 20mg,Pharmaceuticals,Europe,582,1.25,0.93,0,Low,104.96
2024-03-23,DRUG002,Amoxicillin 500mg,Pharmaceuticals,North America,1114,0.85,1.01,1,High,99.34
2024-03-23,DRUG002,Amoxicillin 500mg,Pharmaceuticals,Europe,1245,0.85,1.07,1,High,99.5
2024-03-23,DRUG003,Insulin Glargine 10ml,Pharmaceuticals,North America,859,25.0,1.01,0,Low,101.57
2024-03-23,DRUG003,Insulin Glargine 10ml,Pharmaceuticals,Europe,1246,25.0,1.05,0,Medium,98.73
2024-03-23,SUPP001,Surgical Masks Box,Medical Supplies,North America,1226,10.0,1.0,0,High,98.9
2024-03-23,SUPP001,Surgical Masks Box,Medical Supplies,Europe,938,10.0,1.1,0,Low,100.74
2024-03-23,SUPP002,Surgical Gloves Box,Medical Supplies,North America,988,12.5,1.18,1,Low,99.02
2024-03-23,SUPP002,Surgical Gloves Box,Medical Supplies,Europe,1115,12.5,1.09,0,Low,104.94
2024-03-24,DRUG001,Atorvastatin 20mg,Pharmaceuticals,North America,883,1.25,1.09,0,Medium,104.31
2024-03-24,DRUG001,Atorvastatin 20mg,Pharmaceuticals,Europe,1470,1.25,1.17,0,Medium,101.97
2024-03-24,DRUG002,Amoxicillin 500mg,Pharmaceuticals,North America,845,0.85,1.05,0,Low,95.96
2024-03-24,DRUG002,Amoxicillin 500mg,Pharmaceuticals,Europe,943,0.85,0.96,0,Medium,97.94
2024-03-24,DRUG003,Insulin Glargine 10ml,Pharmaceuticals,North America,1196,25.0,0.94,0,High,101.25
2024-03-24,DRUG003,Insulin Glargine 10ml,Pharmaceuticals,Europe,880,25.0,1.12,0,Low,101.46
2024-03-24,SUPP001,Surgical Masks Box,Medical Supplies,North America,748,10.0,1.04,1,Low,99.61
2024-03-24,SUPP001,Surgical Masks Box,Medical Supplies,Europe,1085,10.0,1.04,0,High,102.59
2024-03-24,SUPP002,Surgical Gloves Box,Medical Supplies,North America,811,12.5,1.0,0,Medium,104.65
2024-03-24,SUPP002,Surgical Gloves Box,Medical Supplies,Europe,940,12.5,1.04,0,Medium,96.51
2024-03-25,DRUG001,Atorvastatin 20mg,Pharmaceuticals,North America,1662,1.25,1.19,0,High,100.42
2024-03-25,DRUG001,Atorvastatin 20mg,Pharmaceuticals,Europe,426,1.25,0.97,0,Low,99.53
2024-03-25,DRUG002,Amoxicillin 500mg,Pharmaceuticals,North America,986,0.85,1.2,0,Medium,96.19
2024-03-25,DRUG002,Amoxicillin 500mg,Pharmaceuticals,Europe,883,0.85,1.04,0,High,96.81
2024-03-25,DRUG003,Insulin Glargine 10ml,Pharmaceuticals,North America,1695,25.0,1.05,0,Low,98.77
2024-03-25,DRUG003,Insulin Glargine 10ml,Pharmaceuticals,Europe,674,25.0,1.14,0,Medium,95.29
2024-03-25,SUPP001,Surgical Masks Box,Medical Supplies,North America,1303,10.0,1.06,0,Low,101.53
2024-03-25,SUPP001,Surgical Masks Box,Medical Supplies,Europe,1102,10.0,1.05,0,Medium,104.88
2024-03-25,SUPP002,Surgical Gloves Box,Medical Supplies,North America,177,12.5,0.99,0,High,95.42
2024-03-25,SUPP002,Surgical Gloves Box,Medical Supplies,Europe,1116,12.5,1.19,1,Medium,98.32
2024-03-26,DRUG001,Atorvastatin 20mg,Pharmaceuticals,North America,780,1.25,0.92,0,Low,102.18
2024-03-26,DRUG001,Atorvastatin 20mg,Pharmaceuticals,Europe,727,1.25,1.01,0,Medium,104.74
2024-03-26,DRUG002,Amoxicillin 500mg,Pharmaceuticals,North America,975,0.85,1.13,0,High,97.05
2024-03-26,DRUG002,Amoxicillin 500mg,Pharmaceuticals,Europe,1581,0.85,1.16,0,High,97.81
2024-03-26,DRUG003,Insulin Glargine 10ml,Pharmaceuticals,North America,1048,25.0,1.05,0,Medium,104.68
2024-03-26,DRUG003,Insulin Glargine 10ml,Pharmaceuticals,Europe,994,25.0,1.14,0,Low,95.98
2024-03-26,SUPP001,Surgical Masks Box,Medical Supplies,North America,674,10.0,0.98,0,Low,100.67
2024-03-26,SUPP001,Surgical Masks Box,Medical Supplies,Europe,1147,10.0,1.02,0,Low,99.08
2024-03-26,SUPP002,Surgical Gloves Box,Medical Supplies,North America,907,12.5,1.01,0,Medium,102.98
2024-03-26,SUPP002,Surgical Gloves Box,Medical Supplies,Europe,1208,12.5,1.19,0,Medium,103.22
2024-03-27,DRUG001,Atorvastatin 20mg,Pharmaceuticals,North America,460,1.25,0.99,0,Low,96.84
2024-03-27,DRUG001,Atorvastatin 20mg,Pharmaceuticals,Europe,1021,1.25,0.92,0,High,100.87
2024-03-27,DRUG002,Amoxicillin 500mg,Pharmaceuticals,North America,889,0.85,1.17,0,Low,96.41
2024-03-27,DRUG002,Amoxicillin 500mg,Pharmaceuticals,Europe,1118,0.85,0.99,0,Low,95.6
2024-03-27,DRUG003,Insulin Glargine 10ml,Pharmaceuticals,North America,764,25.0,1.2,0,Low,101.87
2024-03-27,DRUG003,Insulin Glargine 10ml,Pharmaceuticals,Europe,735,25.0,1.16,0,High,98.4
2024-03-27,SUPP001,Surgical Masks Box,Medical Supplies,North America,822,10.0,1.08,0,Medium,97.37
2024-03-27,SUPP001,Surgical Masks Box,Medical Supplies,Europe,684,10.0,1.11,0,Medium,100.58
2024-03-27,SUPP002,Surgical Gloves Box,Medical Supplies,North America,674,12.5,1.15,0,Low,104.75
2024-03-27,SUPP002,Surgical Gloves Box,Medical Supplies,Europe,1231,12.5,1.1,0,Low,100.33
2024-03-28,DRUG001,Atorvastatin 20mg,Pharmaceuticals,North America,924,1.25,1.02,0,Low,103.22
2024-03-28,DRUG001,Atorvastatin 20mg,Pharmaceuticals,Europe,638,1.25,1.0,0,Medium,101.25
2024-03-28,DRUG002,Amoxicillin 500mg,Pharmaceuticals,North America,725,0.85,0.99,0,Low,102.26
2024-03-28,DRUG002,Amoxicillin 500mg,Pharmaceuticals,Europe,536,0.85,1.07,0,Low,97.21
2024-03-28,DRUG003,Insulin Glargine 10ml,Pharmaceuticals,North America,1106,25.0,1.05,0,Low,104.46
2024-03-28,DRUG003,Insulin Glargine 10ml,Pharmaceuticals,Europe,271,25.0,1.0,0,Medium,103.06
2024-03-28,SUPP001,Surgical Masks Box,Medical Supplies,North America,1416,10.0,1.17,0,Low,103.27
2024-03-28,SUPP001,Surgical Masks Box,Medical Supplies,Europe,795,10.0,1.13,0,Medium,104.79
2024-03-28,SUPP002,Surgical Gloves Box,Medical Supplies,North America,784,12.5,1.04,0,Low,100.87
2024-03-28,SUPP002,Surgical Gloves Box,Medical Supplies,Europe,965,12.5,0.99,0,High,99.2
2024-03-29,DRUG001,Atorvastatin 20mg,Pharmaceuticals,North America,1098,1.25,1.0,0,Low,103.11
2024-03-29,DRUG001,Atorvastatin 20mg,Pharmaceuticals,Europe,1101,1.25,1.15,0,Medium,96.39
2024-03-29,DRUG002,Amoxicillin 500mg,Pharmaceuticals,North America,1012,0.85,0.95,1,High,104.72
2024-03-29,DRUG002,Amoxicillin 500mg,Pharmaceuticals,Europe,999,0.85,0.95,0,Low,102.25
2024-03-29,DRUG003,Insulin Glargine 10ml,Pharmaceuticals,North America,676,25.0,1.14,0,Low,99.23
2024-03-29,DRUG003,Insulin Glargine 10ml,Pharmaceuticals,Europe,1144,25.0,0.93,0,Low,103.52
2024-03-29,SUPP001,Surgical Masks Box,Medical Supplies,North America,917,10.0,1.12,0,Low,102.26
2024-03-29,SUPP001,Surgical Masks Box,Medical Supplies,Europe,1423,10.0,1.11,0,Medium,101.83
2024-03-29,SUPP002,Surgical Gloves Box,Medical Supplies,North America,1290,12.5,0.95,0,Low,96.25
2024-03-29,SUPP002,Surgical Gloves Box,Medical Supplies,Europe,909,12.5,1.08,0,High,99.31
2024-03-30,DRUG001,Atorvastatin 20mg,Pharmaceuticals,North America,630,1.25,0.96,0,Medium,101.57
2024-03-30,DRUG001,Atorvastatin 20mg,Pharmaceuticals,Europe,1324,1.25,1.07,1,Medium,104.32
2024-03-30,DRUG002,Amoxicillin 500mg,Pharmaceuticals,North America,762,0.85,1.06,0,Medium,102.45
2024-03-30,DRUG002,Amoxicillin 500mg,Pharmaceuticals,Europe,876,0.85,1.19,0,Low,98.39
2024-03-30,DRUG003,Insulin Glargine 10ml,Pharmaceuticals,North America,780,25.0,1.06,0,Low,102.12
2024-03-30,DRUG003,Insulin Glargine 10ml,Pharmaceuticals,Europe,834,25.0,1.12,0,Low,103.9
2024-03-30,SUPP001,Surgical Masks Box,Medical Supplies,North America,354,10.0,0.98,0,Low,103.17
2024-03-30,SUPP001,Surgical Masks Box,Medical Supplies,Europe,1086,10.0,0.93,0,Low,102.81
2024-03-30,SUPP002,Surgical Gloves Box,Medical Supplies,North America,989,12.5,1.07,0,Low,97.75
2024-03-30,SUPP002,Surgical Gloves Box,Medical Supplies,Europe,975,12.5,1.14,1,Low,95.39
2024-03-31,DRUG001,Atorvastatin 20mg,Pharmaceuticals,North America,1437,1.25,1.11,1,High,102.88
2024-03-31,DRUG001,Atorvastatin 20mg,Pharmaceuticals,Europe,1080,1.25,1.04,0,Medium,100.02
2024-03-31,DRUG002,Amoxicillin 500mg,Pharmaceuticals,North America,638,0.85,1.1,0,Medium,97.4
2024-03-31,DRUG002,Amoxicillin 500mg,Pharmaceuticals,Europe,1126,0.85,1.03,0,High,99.88
2024-03-31,DRUG003,Insulin Glargine 10ml,Pharmaceuticals,North America,676,25.0,1.2,0,Low,101.58
2024-03-31,DRUG003,Insulin Glargine 10ml,Pharmaceuticals,Europe,1199,25.0,0.98,0,Low,104.88
2024-03-31,SUPP001,Surgical Masks Box,Medical Supplies,North America,1328,10.0,0.92,0,Medium,101.55
2024-03-31,SUPP001,Surgical Masks Box,Medical Supplies,Europe,1100,10.0,0.96,0,Low,101.13
2024-03-31,SUPP002,Surgical Gloves Box,Medical Supplies,North America,608,12.5,0.96,0,Low,104.63
2024-03-31,SUPP002,Surgical Gloves Box,Medical Supplies,Europe,681,12.5,0.95,1,Medium,98.78
2024-04-01,DRUG001,Atorvastatin 20mg,Pharmaceuticals,North America,1192,1.25,1.11,0,Low,104.19
2024-04-01,DRUG001,Atorvastatin 20mg,Pharmaceuticals,Europe,618,1.25,1.19,0,Medium,99.5
2024-04-01,DRUG002,Amoxicillin 500mg,Pharmaceuticals,North America,837,0.85,1.04,0,Low,100.82
2024-04-01,DRUG002,Amoxicillin 500mg,Pharmaceuticals,Europe,931,0.85,1.16,0,Low,102.72
2024-04-01,DRUG003,Insulin Glargine 10ml,Pharmaceuticals,North America,770,25.0,1.01,0,High,101.18
2024-04-01,DRUG003,Insulin Glargine 10ml,Pharmaceuticals,Europe,817,25.0,1.02,0,High,96.13
2024-04-01,SUPP001,Surgical Masks Box,Medical Supplies,North America,926,10.0,0.91,0,Low,95.58
2024-04-01,SUPP001,Surgical Masks Box,Medical Supplies,Europe,669,10.0,1.05,1,Medium,98.56
2024-04-01,SUPP002,Surgical Gloves Box,Medical Supplies,North America,1001,12.5,1.01,0,Low,100.12
2024-04-01,SUPP002,Surgical Gloves Box,Medical Supplies,Europe,1027,12.5,1.03,0,Low,98.11
2024-04-02,DRUG001,Atorvastatin 20mg,Pharmaceuticals,North America,788,1.25,0.95,1,Medium,95.63
2024-04-02,DRUG001,Atorvastatin 20mg,Pharmaceuticals,Europe,1004,1.25,1.11,0,Medium,102.5
2024-04-02,DRUG002,Amoxicillin 500mg,Pharmaceuticals,North America,1386,0.85,0.93,0,Low,98.4
2024-04-02,DRUG002,Amoxicillin 500mg,Pharmaceuticals,Europe,1251,0.85,1.18,0,High,95.89
2024-04-02,DRUG003,Insulin Glargine 10ml,Pharmaceuticals,North America,782,25.0,1.09,0,Low,97.59
2024-04-02,DRUG003,Insulin Glargine 10ml,Pharmaceuticals,Europe,988,25.0,1.12,0,High,96.32
2024-04-02,SUPP001,Surgical Masks Box,Medical Supplies,North America,970,10.0,1.19,0,Low,102.51
2024-04-02,SUPP001,Surgical Masks Box,Medical Supplies,Europe,871,10.0,0.99,0,Low,99.6
2024-04-02,SUPP002,Surgical Gloves Box,Medical Supplies,North America,895,12.5,1.13,0,Medium,104.28
2024-04-02,SUPP002,Surgical Gloves Box,Medical Supplies,Europe,496,12.5,0.98,0,Medium,101.21
2024-04-03,DRUG001,Atorvastatin 20mg,Pharmaceuticals,North America,1036,1.25,1.01,0,High,100.52
2024-04-03,DRUG001,Atorvastatin 20mg,Pharmaceuticals,Europe,845,1.25,0.9,0,Medium,97.49
2024-04-03,DRUG002,Amoxicillin 500mg,Pharmaceuticals,North America,1156,0.85,0.99,0,Low,100.59
2024-04-03,DRUG002,Amoxicillin 500mg,Pharmaceuticals,Europe,988,0.85,1.18,0,Low,101.39
2024-04-03,DRUG003,Insulin Glargine 10ml,Pharmaceuticals,North America,1394,25.0,0.95,0,Medium,95.19
2024-04-03,DRUG003,Insulin Glargine 10ml,Pharmaceuticals,Europe,1508,25.0,1.06,1,Low,104.66
2024-04-03,SUPP001,Surgical Masks Box,Medical Supplies,North America,1079,10.0,0.93,0,Medium,100.93
2024-04-03,SUPP001,Surgical Masks Box,Medical Supplies,Europe,861,10.0,1.13,0,Medium,104.12
2024-04-03,SUPP002,Surgical Gloves Box,Medical Supplies,North America,548,12.5,0.95,0,Medium,95.43
2024-04-03,SUPP002,Surgical Gloves Box,Medical Supplies,Europe,921,12.5,0.94,0,Medium,97.43
2024-04-04,DRUG001,Atorvastatin 20mg,Pharmaceuticals,North America,1097,1.25,1.13,0,Medium,95.98
2024-04-04,DRUG001,Atorvastatin 20mg,Pharmaceuticals,Europe,649,1.25,1.18,0,High,104.79
2024-04-04,DRUG002,Amoxicillin 500mg,Pharmaceuticals,North America,743,0.85,1.17,0,High,101.08
2024-04-04,DRUG002,Amoxicillin 500mg,Pharmaceuticals,Europe,1027,0.85,1.06,0,Low,99.69
2024-04-04,DRUG003,Insulin Glargine 10ml,Pharmaceuticals,North America,1178,25.0,1.08,0,High,100.19
2024-04-04,DRUG003,Insulin Glargine 10ml,Pharmaceuticals,Europe,1055,25.0,1.0,0,Medium,95.81
2024-04-04,SUPP001,Surgical Masks Box,Medical Supplies,North America,1029,10.0,1.15,0,Medium,102.08
2024-04-04,SUPP001,Surgical Masks Box,Medical Supplies,Europe,932,10.0,1.03,0,High,99.32
2024-04-04,SUPP002,Surgical Gloves Box,Medical Supplies,North America,1116,12.5,0.92,1,Medium,96.49
2024-04-04,SUPP002,Surgical Gloves Box,Medical Supplies,Europe,1615,12.5,1.19,0,Medium,101.11
2024-04-05,DRUG001,Atorvastatin 20mg,Pharmaceuticals,North America,1043,1.25,0.92,0,Medium,103.74
2024-04-05,DRUG001,Atorvastatin 20mg,Pharmaceuticals,Europe,716,1.25,1.12,0,High,100.73
2024-04-05,DRUG002,Amoxicillin 500mg,Pharmaceuticals,North America,655,0.85,1.16,1,Medium,104.41
2024-04-05,DRUG002,Amoxicillin 500mg,Pharmaceuticals,Europe,1110,0.85,0.99,0,Medium,96.64
2024-04-05,DRUG003,Insulin Glargine 10ml,Pharmaceuticals,North America,1368,25.0,0.99,0,Low,99.0
2024-04-05,DRUG003,Insulin Glargine 10ml,Pharmaceuticals,Europe,1337,25.0,0.95,0,Low,104.62
2024-04-05,SUPP001,Surgical Masks Box,Medical Supplies,North America,774,10.0,1.19,0,Medium,99.68
2024-04-05,SUPP001,Surgical Masks Box,Medical Supplies,Europe,1331,10.0,1.02,0,Low,100.28
2024-04-05,SUPP002,Surgical Gloves Box,Medical Supplies,North America,1477,12.5,1.01,0,Medium,104.62
2024-04-05,SUPP002,Surgical Gloves Box,Medical Supplies,Europe,1051,12.5,1.02,1,High,101.38
2024-04-06,DRUG001,Atorvastatin 20mg,Pharmaceuticals,North America,804,1.25,1.19,0,Medium,98.3
2024-04-06,DRUG001,Atorvastatin 20mg,Pharmaceuticals,Europe,1072,1.25,1.03,0,High,99.58
2024-04-06,DRUG002,Amoxicillin 500mg,Pharmaceuticals,North America,1009,0.85,0.95,0,Medium,95.5
2024-04-06,DRUG002,Amoxicillin 500mg,Pharmaceuticals,Europe,1049,0.85,1.04,0,Medium,102.5
2024-04-06,DRUG003,Insulin Glargine 10ml,Pharmaceuticals,North America,628,25.0,0.98,0,Low,100.84
2024-04-06,DRUG003,Insulin Glargine 10ml,Pharmaceuticals,Europe,954,25.0,1.08,0,Medium,99.14
2024-04-06,SUPP001,Surgical Masks Box,Medical Supplies,North America,1201,10.0,1.0,0,Medium,96.62
2024-04-06,SUPP001,Surgical Masks Box,Medical Supplies,Europe,420,10.0,1.09,0,Low,102.28
2024-04-06,SUPP002,Surgical Gloves Box,Medical Supplies,North America,640,12.5,1.1,0,High,101.29
2024-04-06,SUPP002,Surgical Gloves Box,Medical Supplies,Europe,1812,12.5,1.16,0,Medium,97.15
2024-04-07,DRUG001,Atorvastatin 20mg,Pharmaceuticals,North America,1021,1.25,1.12,0,Medium,99.9
2024-04-07,DRUG001,Atorvastatin 20mg,Pharmaceuticals,Europe,728,1.25,1.03,0,Low,98.5
2024-04-07,DRUG002,Amoxicillin 500mg,Pharmaceuticals,North America,751,0.85,0.93,0,Medium,99.3
2024-04-07,DRUG002,Amoxicillin 500mg,Pharmaceuticals,Europe,1094,0.85,0.95,0,Medium,103.9
2024-04-07,DRUG003,Insulin Glargine 10ml,Pharmaceuticals,North America,903,25.0,1.1,0,Low,96.96
2024-04-07,DRUG003,Insulin Glargine 10ml,Pharmaceuticals,Europe,1044,25.0,1.13,0,Medium,101.68
2024-04-07,SUPP001,Surgical Masks Box,Medical Supplies,North America,902,10.0,1.09,0,Medium,97.87
2024-04-07,SUPP001,Surgical Masks Box,Medical Supplies,Europe,537,10.0,1.13,0,Medium,99.56
2024-04-07,SUPP002,Surgical Gloves Box,Medical Supplies,North America,1235,12.5,0.95,0,Medium,96.57
2024-04-07,SUPP002,Surgical Gloves Box,Medical Supplies,Europe,1539,12.5,0.96,1,Medium,97.5
2024-04-08,DRUG001,Atorvastatin 20mg,Pharmaceuticals,North America,1269,1.25,1.15,0,High,97.12
2024-04-08,DRUG001,Atorvastatin 20mg,Pharmaceuticals,Europe,1719,1.25,1.09,0,Low,102.14
2024-04-08,DRUG002,Amoxicillin 500mg,Pharmaceuticals,North America,1018,0.85,1.15,0,Low,102.14
2024-04-08,DRUG002,Amoxicillin 500mg,Pharmaceuticals,Europe,887,0.85,1.18,0,Medium,97.3
2024-04-08,DRUG003,Insulin Glargine 10ml,Pharmaceuticals,North America,1159,25.0,1.04,0,Medium,102.79
2024-04-08,DRUG003,Insulin Glargine 10ml,Pharmaceuticals,Europe,880,25.0,1.09,1,High,104.47
2024-04-08,SUPP001,Surgical Masks Box,Medical Supplies,North America,1165,10.0,1.1,0,Low,95.06
2024-04-08,SUPP001,Surgical Masks Box,Medical Supplies,Europe,1260,10.0,0.94,0,Low,104.02
2024-04-08,SUPP002,Surgical Gloves Box,Medical Supplies,North America,1215,12.5,1.14,1,High,104.76
2024-04-08,SUPP002,Surgical Gloves Box,Medical Supplies,Europe,830,12.5,1.02,0,Medium,97.99
2024-04-09,DRUG001,Atorvastatin 20mg,Pharmaceuticals,North America,1045,1.25,1.14,0,Medium,100.64
2024-04-09,DRUG001,Atorvastatin 20mg,Pharmaceuticals,Europe,1414,1.25,1.18,0,High,103.05
2024-04-09,DRUG002,Amoxicillin 500mg,Pharmaceuticals,North America,1258,0.85,1.08,0,Low,103.66
2024-04-09,DRUG002,Amoxicillin 500mg,Pharmaceuticals,Europe,1208,0.85,1.12,0,Medium,99.48
2024-04-09,DRUG003,Insulin Glargine 10ml,Pharmaceuticals,North America,1034,25.0,0.98,0,Medium,100.9
2024-04-09,DRUG003,Insulin Glargine 10ml,Pharmaceuticals,Europe,633,25.0,0.91,0,Low,95.31
2024-04-09,SUPP001,Surgical Masks Box,Medical Supplies,North America,1149,10.0,1.03,0,Low,97.98
2024-04-09,SUPP001,Surgical Masks Box,Medical Supplies,Europe,843,10.0,1.14,0,Low,99.04
2024-04-09,SUPP002,Surgical Gloves Box,Medical Supplies,North America,861,12.5,1.09,0,Low,101.74
2024-04-09,SUPP002,Surgical Gloves Box,Medical Supplies,Europe,1016,12.5,1.11,0,Low,100.3
2024-04-10,DRUG001,Atorvastatin 20mg,Pharmaceuticals,North America,1460,1.25,1.08,0,Medium,101.87
2024-04-10,DRUG001,Atorvastatin 20mg,Pharmaceuticals,Europe,740,1.25,1.01,0,High,96.75
2024-04-10,DRUG002,Amoxicillin 500mg,Pharmaceuticals,North America,960,0.85,1.12,0,Medium,98.99
2024-04-10,DRUG002,Amoxicillin 500mg,Pharmaceuticals,Europe,1266,0.85,1.17,0,Low,98.62
2024-04-10,DRUG003,Insulin Glargine 10ml,Pharmaceuticals,North America,1138,25.0,0.98,1,Medium,95.07
2024-04-10,DRUG003,Insulin Glargine 10ml,Pharmaceuticals,Europe,893,25.0,0.91,0,Low,102.68
2024-04-10,SUPP001,Surgical Masks Box,Medical Supplies,North America,1424,10.0,0.97,0,Medium,103.64
2024-04-10,SUPP001,Surgical Masks Box,Medical Supplies,Europe,1300,10.0,1.19,0,Low,103.03
2024-04-10,SUPP002,Surgical Gloves Box,Medical Supplies,North America,1071,12.5,1.01,0,Low,97.38
2024-04-10,SUPP002,Surgical Gloves Box,Medical Supplies,Europe,1312,12.5,1.05,0,Medium,104.57
2024-04-11,DRUG001,Atorvastatin 20mg,Pharmaceuticals,North America,839,1.25,1.14,1,High,101.83
2024-04-11,DRUG001,Atorvastatin 20mg,Pharmaceuticals,Europe,1337,1.25,0.96,0,Low,104.66
2024-04-11,DRUG002,Amoxicillin 500mg,Pharmaceuticals,North America,1346,0.85,1.04,0,Low,97.5
2024-04-11,DRUG002,Amoxicillin 500mg,Pharmaceuticals,Europe,963,0.85,1.03,0,Low,102.65
2024-04-11,DRUG003,Insulin Glargine 10ml,Pharmaceuticals,North America,1335,25.0,0.93,0,Low,102.95
2024-04-11,DRUG003,Insulin Glargine 10ml,Pharmaceuticals,Europe,856,25.0,1.02,0,High,95.21
2024-04-11,SUPP001,Surgical Masks Box,Medical Supplies,North America,596,10.0,1.05,0,Low,99.24
2024-04-11,SUPP001,Surgical Masks Box,Medical Supplies,Europe,1285,10.0,1.15,0,Medium,103.74
2024-04-11,SUPP002,Surgical Gloves Box,Medical Supplies,North America,1333,12.5,1.16,0,Low,104.8
2024-04-11,SUPP002,Surgical Gloves Box,Medical Supplies,Europe,682,12.5,1.19,0,Low,97.71
2024-04-12,DRUG001,Atorvastatin 20mg,Pharmaceuticals,North America,639,1.25,1.09,0,Low,103.5
2024-04-12,DRUG001,Atorvastatin 20mg,Pharmaceuticals,Europe,375,1.25,0.93,0,Medium,95.6
2024-04-12,DRUG002,Amoxicillin 500mg,Pharmaceuticals,North America,1256,0.85,0.97,0,Low,95.45
2024-04-12,DRUG002,Amoxicillin 500mg,Pharmaceuticals,Europe,930,0.85,1.07,0,Medium,101.17
2024-04-12,DRUG003,Insulin Glargine 10ml,Pharmaceuticals,North America,1038,25.0,0.96,0,Medium,102.46
2024-04-12,DRUG003,Insulin Glargine 10ml,Pharmaceuticals,Europe,1053,25.0,1.05,0,Medium,99.92
2024-04-12,SUPP001,Surgical Masks Box,Medical Supplies,North America,1314,10.0,1.17,0,Medium,100.15
2024-04-12,SUPP001,Surgical Masks Box,Medical Supplies,Europe,1014,10.0,1.06,1,Medium,97.77
2024-04-12,SUPP002,Surgical Gloves Box,Medical Supplies,North America,1673,12.5,1.09,0,Low,95.34
2024-04-12,SUPP002,Surgical Gloves Box,Medical Supplies,Europe,1167,12.5,1.0,0,Low,103.15
2024-04-13,DRUG001,Atorvastatin 20mg,Pharmaceuticals,North America,1197,1.25,0.95,0,Medium,96.89
2024-04-13,DRUG001,Atorvastatin 20mg,Pharmaceuticals,Europe,925,1.25,1.18,0,Medium,104.27
2024-04-13,DRUG002,Amoxicillin 500mg,Pharmaceuticals,North America,763,0.85,0.99,0,Low,99.67
2024-04-13,DRUG002,Amoxicillin 500mg,Pharmaceuticals,Europe,932,0.85,1.15,0,Low,96.61
2024-04-13,DRUG003,Insulin Glargine 10ml,Pharmaceuticals,North America,1197,25.0,1.01,0,Medium,96.0
2024-04-13,DRUG003,Insulin Glargine 10ml,Pharmaceuticals,Europe,531,25.0,1.09,0,Low,96.78
2024-04-13,SUPP001,Surgical Masks Box,Medical Supplies,North America,1121,10.0,1.07,0,High,99.22
2024-04-13,SUPP001,Surgical Masks Box,Medical Supplies,Europe,658,10.0,0.93,0,Medium,104.79
2024-04-13,SUPP002,Surgical Gloves Box,Medical Supplies,North America,1182,12.5,1.03,0,Medium,101.97
2024-04-13,SUPP002,Surgical Gloves Box,Medical Supplies,Europe,1029,12.5,1.01,0,Low,99.4
2024-04-14,DRUG001,Atorvastatin 20mg,Pharmaceuticals,North America,1739,1.25,0.98,0,Medium,101.87
2024-04-14,DRUG001,Atorvastatin 20mg,Pharmaceuticals,Europe,1075,1.25,1.13,0,Low,104.99
2024-04-14,DRUG002,Amoxicillin 500mg,Pharmaceuticals,North America,861,0.85,0.96,0,Medium,103.51
2024-04-14,DRUG002,Amoxicillin 500mg,Pharmaceuticals,Europe,1201,0.85,1.13,0,Low,100.93
2024-04-14,DRUG003,Insulin Glargine 10ml,Pharmaceuticals,North America,824,25.0,1.11,0,Medium,101.48
2024-04-14,DRUG003,Insulin Glargine 10ml,Pharmaceuticals,Europe,902,25.0,1.14,0,Medium,104.99
2024-04-14,SUPP001,Surgical Masks Box,Medical Supplies,North America,1133,10.0,1.1,0,Medium,102.24
2024-04-14,SUPP001,Surgical Masks Box,Medical Supplies,Europe,1186,10.0,1.09,0,Medium,96.21
2024-04-14,SUPP002,Surgical Gloves Box,Medical Supplies,North America,504,12.5,1.02,0,Low,103.09
2024-04-14,SUPP002,Surgical Gloves Box,Medical Supplies,Europe,1124,12.5,1.06,0,Medium,97.91
2024-04-15,DRUG001,Atorvastatin 20mg,Pharmaceuticals,North America,254,1.25,1.18,0,Medium,103.51
2024-04-15,DRUG001,Atorvastatin 20mg,Pharmaceuticals,Europe,824,1.25,1.19,0,Medium,95.44
2024-04-15,DRUG002,Amoxicillin 500mg,Pharmaceuticals,North America,677,0.85,1.15,0,Medium,100.21
2024-04-15,DRUG002,Amoxicillin 500mg,Pharmaceuticals,Europe,999,0.85,1.19,0,Low,97.41
2024-04-15,DRUG003,Insulin Glargine 10ml,Pharmaceuticals,North America,1108,25.0,1.11,0,Low,102.63
2024-04-15,DRUG003,Insulin Glargine 10ml,Pharmaceuticals,Europe,842,25.0,1.09,1,Medium,98.04
2024-04-15,SUPP001,Surgical Masks Box,Medical Supplies,North America,656,10.0,1.12,0,Low,96.58
2024-04-15,SUPP001,Surgical Masks Box,Medical Supplies,Europe,874,10.0,0.92,1,Low,98.44
2024-04-15,SUPP002,Surgical Gloves Box,Medical Supplies,North America,809,12.5,1.11,0,Low,101.86
2024-04-15,SUPP002,Surgical Gloves Box,Medical Supplies,Europe,516,12.5,1.01,1,Low,95.07
2024-04-16,DRUG001,Atorvastatin 20mg,Pharmaceuticals,North America,641,1.25,0.91,0,Medium,99.61
2024-04-16,DRUG001,Atorvastatin 20mg,Pharmaceuticals,Europe,1016,1.25,1.1,0,Medium,100.97
2024-04-16,DRUG002,Amoxicillin 500mg,Pharmaceuticals,North America,677,0.85,0.98,0,Medium,102.74
2024-04-16,DRUG002,Amoxicillin 500mg,Pharmaceuticals,Europe,1177,0.85,1.01,0,Low,97.15
2024-04-16,DRUG003,Insulin Glargine 10ml,Pharmaceuticals,North America,933,25.0,1.11,0,High,104.84
2024-04-16,DRUG003,Insulin Glargine 10ml,Pharmaceuticals,Europe,1519,25.0,1.1,0,Medium,104.35
2024-04-16,SUPP001,Surgical Masks Box,Medical Supplies,North America,1385,10.0,1.06,0,Low,103.94
2024-04-16,SUPP001,Surgical Masks Box,Medical Supplies,Europe,1170,10.0,0.92,0,Low,98.87
2024-04-16,SUPP002,Surgical Gloves Box,Medical Supplies,North America,538,12.5,1.04,0,Low,96.03
2024-04-16,SUPP002,Surgical Gloves Box,Medical Supplies,Europe,1200,12.5,1.06,0,Medium,98.19
2024-04-17,DRUG001,Atorvastatin 20mg,Pharmaceuticals,North America,813,1.25,1.2,0,Low,100.41
2024-04-17,DRUG001,Atorvastatin 20mg,Pharmaceuticals,Europe,971,1.25,1.16,0,Medium,96.39
2024-04-17,DRUG002,Amoxicillin 500mg,Pharmaceuticals,North America,1357,0.85,1.07,0,Low,97.42
2024-04-17,DRUG002,Amoxicillin 500mg,Pharmaceuticals,Europe,1211,0.85,1.16,0,Low,98.53
2024-04-17,DRUG003,Insulin Glargine 10ml,Pharmaceuticals,North America,1835,25.0,1.0,0,High,96.06
2024-04-17,DRUG003,Insulin Glargine 10ml,Pharmaceuticals,Europe,1294,25.0,1.05,0,Low,100.2
2024-04-17,SUPP001,Surgical Masks Box,Medical Supplies,North America,1469,10.0,0.97,0,Medium,104.83
2024-04-17,SUPP001,Surgical Masks Box,Medical Supplies,Europe,1150,10.0,0.97,1,Medium,103.26
2024-04-17,SUPP002,Surgical Gloves Box,Medical Supplies,North America,920,12.5,0.92,0,High,96.05
2024-04-17,SUPP002,Surgical Gloves Box,Medical Supplies,Europe,836,12.5,1.07,0,Medium,96.97
2024-04-18,DRUG001,Atorvastatin 20mg,Pharmaceuticals,North America,888,1.25,1.13,0,Low,95.08
2024-04-18,DRUG001,Atorvastatin 20mg,Pharmaceuticals,Europe,747,1.25,1.19,0,Medium,101.51
2024-04-18,DRUG002,Amoxicillin 500mg,Pharmaceuticals,North America,1085,0.85,0.94,0,Medium,100.59
2024-04-18,DRUG002,Amoxicillin 500mg,Pharmaceuticals,Europe,679,0.85,0.94,0,Medium,102.26
2024-04-18,DRUG003,Insulin Glargine 10ml,Pharmaceuticals,North America,1075,25.0,1.2,0,Medium,97.36
2024-04-18,DRUG003,Insulin Glargine 10ml,Pharmaceuticals,Europe,1109,25.0,1.09,0,Low,95.72
2024-04-18,SUPP001,Surgical Masks Box,Medical Supplies,North America,982,10.0,1.09,0,Medium,99.62
2024-04-18,SUPP001,Surgical Masks Box,Medical Supplies,Europe,1584,10.0,1.2,0,Low,104.93
2024-04-18,SUPP002,Surgical Gloves Box,Medical Supplies,North America,1012,12.5,0.99,0,Medium,97.4
2024-04-18,SUPP002,Surgical Gloves Box,Medical Supplies,Europe,878,12.5,1.07,0,Low,98.83
2024-04-19,DRUG001,Atorvastatin 20mg,Pharmaceuticals,North America,1235,1.25,1.12,0,Low,95.74
2024-04-19,DRUG001,Atorvastatin 20mg,Pharmaceuticals,Europe,829,1.25,0.94,0,Medium,104.71
2024-04-19,DRUG002,Amoxicillin 500mg,Pharmaceuticals,North America,1115,0.85,0.91,1,Low,104.12
2024-04-19,DRUG002,Amoxicillin 500mg,Pharmaceuticals,Europe,964,0.85,0.92,1,Low,98.03
2024-04-19,DRUG003,Insulin Glargine 10ml,Pharmaceuticals,North America,284,25.0,1.1,1,Medium,102.21
2024-04-19,DRUG003,Insulin Glargine 10ml,Pharmaceuticals,Europe,945,25.0,0.93,0,Medium,103.86
2024-04-19,SUPP001,Surgical Masks Box,Medical Supplies,North America,1472,10.0,0.97,0,Low,98.04
2024-04-19,SUPP001,Surgical Masks Box,Medical Supplies,Europe,705,10.0,0.98,0,High,95.64
2024-04-19,SUPP002,Surgical Gloves Box,Medical Supplies,North America,1030,12.5,1.05,0,Medium,97.87
2024-04-19,SUPP002,Surgical Gloves Box,Medical Supplies,Europe,786,12.5,1.1,0,Low,103.27
2024-04-20,DRUG001,Atorvastatin 20mg,Pharmaceuticals,North America,789,1.25,1.15,1,Medium,97.15
2024-04-20,DRUG001,Atorvastatin 20mg,Pharmaceuticals,Europe,1450,1.25,1.17,0,Low,98.27
2024-04-20,DRUG002,Amoxicillin 500mg,Pharmaceuticals,North America,1106,0.85,1.09,1,Low,95.61
2024-04-20,DRUG002,Amoxicillin 500mg,Pharmaceuticals,Europe,1056,0.85,1.08,1,Medium,95.52
2024-04-20,DRUG003,Insulin Glargine 10ml,Pharmaceuticals,North America,785,25.0,1.0,0,High,100.16
2024-04-20,DRUG003,Insulin Glargine 10ml,Pharmaceuticals,Europe,765,25.0,1.1,0,Low,100.86
2024-04-20,SUPP001,Surgical Masks Box,Medical Supplies,North America,1022,10.0,1.16,0,Low,97.02
2024-04-20,SUPP001,Surgical Masks Box,Medical Supplies,Europe,1300,10.0,1.1,0,Low,99.19
2024-04-20,SUPP002,Surgical Gloves Box,Medical Supplies,North America,1258,12.5,0.93,0,Medium,101.98
2024-04-20,SUPP002,Surgical Gloves Box,Medical Supplies,Europe,965,12.5,1.09,1,Medium,100.57
2024-04-21,DRUG001,Atorvastatin 20mg,Pharmaceuticals,North America,924,1.25,1.11,0,High,101.05
2024-04-21,DRUG001,Atorvastatin 20mg,Pharmaceuticals,Europe,562,1.25,1.06,0,Low,96.56
2024-04-21,DRUG002,Amoxicillin 500mg,Pharmaceuticals,North America,960,0.85,1.0,0,Medium,100.96
2024-04-21,DRUG002,Amoxicillin 500mg,Pharmaceuticals,Europe,822,0.85,1.04,0,High,95.86
2024-04-21,DRUG003,Insulin Glargine 10ml,Pharmaceuticals,North America,949,25.0,1.05,0,Low,99.3
2024-04-21,DRUG003,Insulin Glargine 10ml,Pharmaceuticals,Europe,1117,25.0,1.12,0,Medium,97.79
2024-04-21,SUPP001,Surgical Masks Box,Medical Supplies,North America,1239,10.0,1.16,0,Low,96.93
2024-04-21,SUPP001,Surgical Masks Box,Medical Supplies,Europe,934,10.0,1.19,0,High,98.69
2024-04-21,SUPP002,Surgical Gloves Box,Medical Supplies,North America,1387,12.5,1.19,1,Medium,102.55
2024-04-21,SUPP002,Surgical Gloves Box,Medical Supplies,Europe,581,12.5,1.07,0,High,99.86
2024-04-22,DRUG001,Atorvastatin 20mg,Pharmaceuticals,North America,1209,1.25,1.07,0,Low,97.08
2024-04-22,DRUG001,Atorvastatin 20mg,Pharmaceuticals,Europe,1673,1.25,1.04,0,Medium,104.04
2024-04-22,DRUG002,Amoxicillin 500mg,Pharmaceuticals,North America,1306,0.85,0.95,1,Medium,95.32
2024-04-22,DRUG002,Amoxicillin 500mg,Pharmaceuticals,Europe,1101,0.85,1.09,1,Low,100.82
2024-04-22,DRUG003,Insulin Glargine 10ml,Pharmaceuticals,North America,870,25.0,1.0,0,Low,102.53
2024-04-22,DRUG003,Insulin Glargine 10ml,Pharmaceuticals,Europe,1677,25.0,0.9,0,Medium,98.77
2024-04-22,SUPP001,Surgical Masks Box,Medical Supplies,North America,1268,10.0,1.18,0,Medium,103.84
2024-04-22,SUPP001,Surgical Masks Box,Medical Supplies,Europe,844,10.0,1.18,0,Low,95.98
2024-04-22,SUPP002,Surgical Gloves Box,Medical Supplies,North America,1201,12.5,1.07,0,Low,96.44
2024-04-22,SUPP002,Surgical Gloves Box,Medical Supplies,Europe,990,12.5,1.04,1,Low,103.77
2024-04-23,DRUG001,Atorvastatin 20mg,Pharmaceuticals,North America,1084,1.25,1.08,0,Low,96.9
2024-04-23,DRUG001,Atorvastatin 20mg,Pharmaceuticals,Europe,725,1.25,0.97,1,Low,95.37
2024-04-23,DRUG002,Amoxicillin 500mg,Pharmaceuticals,North America,1594,0.85,1.15,1,Medium,104.3
2024-04-23,DRUG002,Amoxicillin 500mg,Pharmaceuticals,Europe,1717,0.85,1.12,0,High,101.67
2024-04-23,DRUG003,Insulin Glargine 10ml,Pharmaceuticals,North America,1518,25.0,1.02,0,Medium,103.24
2024-04-23,DRUG003,Insulin Glargine 10ml,Pharmaceuticals,Europe,752,25.0,1.12,0,High,95.25
2024-04-23,SUPP001,Surgical Masks Box,Medical Supplies,North America,639,10.0,0.91,0,Medium,103.83
2024-04-23,SUPP001,Surgical Masks Box,Medical Supplies,Europe,748,10.0,1.2,0,Medium,102.24
2024-04-23,SUPP002,Surgical Gloves Box,Medical Supplies,North America,963,12.5,1.14,0,Low,100.26
2024-04-23,SUPP002,Surgical Gloves Box,Medical Supplies,Europe,1363,12.5,1.1,0,Low,100.71
2024-04-24,DRUG001,Atorvastatin 20mg,Pharmaceuticals,North America,801,1.25,1.1,0,Low,98.47
2024-04-24,DRUG001,Atorvastatin 20mg,Pharmaceuticals,Europe,823,1.25,1.14,0,Medium,99.73
2024-04-24,DRUG002,Amoxicillin 500mg,Pharmaceuticals,North America,576,0.85,1.06,0,Medium,98.36
2024-04-24,DRUG002,Amoxicillin 500mg,Pharmaceuticals,Europe,1120,0.85,1.1,0,Low,95.07
2024-04-24,DRUG003,Insulin Glargine 10ml,Pharmaceuticals,North America,1215,25.0,0.92,0,Medium,102.56
2024-04-24,DRUG003,Insulin Glargine 10ml,Pharmaceuticals,Europe,599,25.0,1.0,0,High,104.46
2024-04-24,SUPP001,Surgical Masks Box,Medical Supplies,North America,1286,10.0,1.08,1,Medium,102.75
2024-04-24,SUPP001,Surgical Masks Box,Medical Supplies,Europe,822,10.0,1.13,0,Medium,97.61
2024-04-24,SUPP002,Surgical Gloves Box,Medical Supplies,North America,940,12.5,1.18,0,Medium,101.24
2024-04-24,SUPP002,Surgical Gloves Box,Medical Supplies,Europe,699,12.5,0.94,0,Medium,104.72
2024-04-25,DRUG001,Atorvastatin 20mg,Pharmaceuticals,North America,904,1.25,0.93,0,Low,100.41
2024-04-25,DRUG001,Atorvastatin 20mg,Pharmaceuticals,Europe,645,1.25,0.97,0,Medium,104.63
2024-04-25,DRUG002,Amoxicillin 500mg,Pharmaceuticals,North America,1356,0.85,0.98,1,Medium,103.03
2024-04-25,DRUG002,Amoxicillin 500mg,Pharmaceuticals,Europe,665,0.85,0.91,0,Medium,97.93
2024-04-25,DRUG003,Insulin Glargine 10ml,Pharmaceuticals,North America,1159,25.0,1.11,0,Medium,96.7
2024-04-25,DRUG003,Insulin Glargine 10ml,Pharmaceuticals,Europe,527,25.0,0.94,0,Low,99.41
2024-04-25,SUPP001,Surgical Masks Box,Medical Supplies,North America,1413,10.0,1.04,1,Low,102.4
2024-04-25,SUPP001,Surgical Masks Box,Medical Supplies,Europe,610,10.0,0.98,0,Medium,98.29
2024-04-25,SUPP002,Surgical Gloves Box,Medical Supplies,North America,464,12.5,0.9,0,Medium,102.71
2024-04-25,SUPP002,Surgical Gloves Box,Medical Supplies,Europe,931,12.5,0.98,0,Low,97.37
2024-04-26,DRUG001,Atorvastatin 20mg,Pharmaceuticals,North America,1152,1.25,0.96,0,High,97.09
2024-04-26,DRUG001,Atorvastatin 20mg,Pharmaceuticals,Europe,1402,1.25,1.0,0,Medium,99.61
2024-04-26,DRUG002,Amoxicillin 500mg,Pharmaceuticals,North America,946,0.85,1.12,0,Medium,103.71
2024-04-26,DRUG002,Amoxicillin 500mg,Pharmaceuticals,Europe,1075,0.85,1.04,0,High,96.36
2024-04-26,DRUG003,Insulin Glargine 10ml,Pharmaceuticals,North America,1139,25.0,1.07,0,Low,97.6
2024-04-26,DRUG003,Insulin Glargine 10ml,Pharmaceuticals,Europe,1068,25.0,0.93,0,Low,97.23
2024-04-26,SUPP001,Surgical Masks Box,Medical Supplies,North America,659,10.0,1.07,0,Low,95.81
2024-04-26,SUPP001,Surgical Masks Box,Medical Supplies,Europe,215,10.0,0.92,0,Low,102.46
2024-04-26,SUPP002,Surgical Gloves Box,Medical Supplies,North America,137,12.5,1.13,0,Medium,104.35
2024-04-26,SUPP002,Surgical Gloves Box,Medical Supplies,Europe,781,12.5,1.03,0,Low,103.38
2024-04-27,DRUG001,Atorvastatin 20mg,Pharmaceuticals,North America,735,1.25,1.1,0,Low,98.05
2024-04-27,DRUG001,Atorvastatin 20mg,Pharmaceuticals,Europe,698,1.25,1.1,0,Medium,103.28
2024-04-27,DRUG002,Amoxicillin 500mg,Pharmaceuticals,North America,774,0.85,0.93,0,Low,97.21
2024-04-27,DRUG002,Amoxicillin 500mg,Pharmaceuticals,Europe,1022,0.85,1.04,0,Low,103.03
2024-04-27,DRUG003,Insulin Glargine 10ml,Pharmaceuticals,North America,1266,25.0,1.2,0,Medium,103.55
2024-04-27,DRUG003,Insulin Glargine 10ml,Pharmaceuticals,Europe,1270,25.0,1.07,0,Medium,100.9
2024-04-27,SUPP001,Surgical Masks Box,Medical Supplies,North America,1104,10.0,1.11,0,Low,103.65
2024-04-27,SUPP001,Surgical Masks Box,Medical Supplies,Europe,1084,10.0,1.02,0,Medium,99.21
2024-04-27,SUPP002,Surgical Gloves Box,Medical Supplies,North America,930,12.5,1.11,0,Low,98.29
2024-04-27,SUPP002,Surgical Gloves Box,Medical Supplies,Europe,1650,12.5,1.03,1,Low,98.81
2024-04-28,DRUG001,Atorvastatin 20mg,Pharmaceuticals,North America,712,1.25,1.19,0,Medium,101.45
2024-04-28,DRUG001,Atorvastatin 20mg,Pharmaceuticals,Europe,1546,1.25,0.92,0,Medium,98.59
2024-04-28,DRUG002,Amoxicillin 500mg,Pharmaceuticals,North America,1562,0.85,0.91,0,High,98.88
2024-04-28,DRUG002,Amoxicillin 500mg,Pharmaceuticals,Europe,731,0.85,1.08,0,Medium,104.28
2024-04-28,DRUG003,Insulin Glargine 10ml,Pharmaceuticals,North America,1267,25.0,1.17,1,High,95.03
2024-04-28,DRUG003,Insulin Glargine 10ml,Pharmaceuticals,Europe,1044,25.0,1.18,0,Low,95.55
2024-04-28,SUPP001,Surgical Masks Box,Medical Supplies,North America,1365,10.0,1.02,0,Medium,99.42
2024-04-28,SUPP001,Surgical Masks Box,Medical Supplies,Europe,543,10.0,1.13,0,Low,97.56
2024-04-28,SUPP002,Surgical Gloves Box,Medical Supplies,North America,1245,12.5,1.04,0,Low,98.71
2024-04-28,SUPP002,Surgical Gloves Box,Medical Supplies,Europe,514,12.5,1.19,0,High,102.08
2024-04-29,DRUG001,Atorvastatin 20mg,Pharmaceuticals,North America,1236,1.25,1.02,0,Low,95.35
2024-04-29,DRUG001,Atorvastatin 20mg,Pharmaceuticals,Europe,1332,1.25,1.15,0,Low,102.87
2024-04-29,DRUG002,Amoxicillin 500mg,Pharmaceuticals,North America,775,0.85,1.03,0,Medium,103.38
2024-04-29,DRUG002,Amoxicillin 500mg,Pharmaceuticals,Europe,1168,0.85,0.93,0,Medium,102.86
2024-04-29,DRUG003,Insulin Glargine 10ml,Pharmaceuticals,North America,1025,25.0,1.16,0,Medium,103.04
2024-04-29,DRUG003,Insulin Glargine 10ml,Pharmaceuticals,Europe,646,25.0,0.93,0,Low,95.01
2024-04-29,SUPP001,Surgical Masks Box,Medical Supplies,North America,925,10.0,0.93,0,Low,104.35
2024-04-29,SUPP001,Surgical Masks Box,Medical Supplies,Europe,951,10.0,1.05,0,Medium,101.93
2024-04-29,SUPP002,Surgical Gloves Box,Medical Supplies,North America,680,12.5,1.16,0,Low,100.29
2024-04-29,SUPP002,Surgical Gloves Box,Medical Supplies,Europe,958,12.5,1.09,0,High,101.7
2024-04-30,DRUG001,Atorvastatin 20mg,Pharmaceuticals,North America,709,1.25,1.19,0,Medium,98.09
2024-04-30,DRUG001,Atorvastatin 20mg,Pharmaceuticals,Europe,1551,1.25,1.12,0,Low,103.11
2024-04-30,DRUG002,Amoxicillin 500mg,Pharmaceuticals,North America,427,0.85,1.08,0,Low,96.85
2024-04-30,DRUG002,Amoxicillin 500mg,Pharmaceuticals,Europe,762,0.85,1.19,0,Low,103.01
2024-04-30,DRUG003,Insulin Glargine 10ml,Pharmaceuticals,North America,516,25.0,0.96,0,High,95.61
2024-04-30,DRUG003,Insulin Glargine 10ml,Pharmaceuticals,Europe,1047,25.0,0.97,0,Low,101.3
2024-04-30,SUPP001,Surgical Masks Box,Medical Supplies,North America,1146,10.0,1.01,0,Medium,101.83
2024-04-30,SUPP001,Surgical Masks Box,Medical Supplies,Europe,604,10.0,1.1,0,Medium,100.19
2024-04-30,SUPP002,Surgical Gloves Box,Medical Supplies,North America,1426,12.5,1.1,0,Low,97.11
2024-04-30,SUPP002,Surgical Gloves Box,Medical Supplies,Europe,1303,12.5,0.98,1,Medium,100.53
2024-05-01,DRUG001,Atorvastatin 20mg,Pharmaceuticals,North America,856,1.25,1.17,0,Low,102.97
2024-05-01,DRUG001,Atorvastatin 20mg,Pharmaceuticals,Europe,908,1.25,1.03,0,Medium,101.14
2024-05-01,DRUG002,Amoxicillin 500mg,Pharmaceuticals,North America,653,0.85,1.0,0,Low,99.44
2024-05-01,DRUG002,Amoxicillin 500mg,Pharmaceuticals,Europe,652,0.85,1.01,0,Medium,101.54
2024-05-01,DRUG003,Insulin Glargine 10ml,Pharmaceuticals,North America,806,25.0,0.91,0,Low,95.65
2024-05-01,DRUG003,Insulin Glargine 10ml,Pharmaceuticals,Europe,678,25.0,1.08,1,Low,103.21
2024-05-01,SUPP001,Surgical Masks Box,Medical Supplies,North America,1103,10.0,1.09,1,Low,98.15
2024-05-01,SUPP001,Surgical Masks Box,Medical Supplies,Europe,767,10.0,0.93,0,High,102.82
2024-05-01,SUPP002,Surgical Gloves Box,Medical Supplies,North America,1078,12.5,1.17,0,Low,103.38
2024-05-01,SUPP002,Surgical Gloves Box,Medical Supplies,Europe,1529,12.5,0.98,0,Low,101.09
2024-05-02,DRUG001,Atorvastatin 20mg,Pharmaceuticals,North America,560,1.25,1.12,0,High,100.85
2024-05-02,DRUG001,Atorvastatin 20mg,Pharmaceuticals,Europe,1196,1.25,1.13,0,Low,98.1
2024-05-02,DRUG002,Amoxicillin 500mg,Pharmaceuticals,North America,883,0.85,0.99,0,Low,96.26
2024-05-02,DRUG002,Amoxicillin 500mg,Pharmaceuticals,Europe,994,0.85,1.04,0,High,100.46
2024-05-02,DRUG003,Insulin Glargine 10ml,Pharmaceuticals,North America,296,25.0,0.96,0,Medium,99.65
2024-05-02,DRUG003,Insulin Glargine 10ml,Pharmaceuticals,Europe,846,25.0,1.14,0,Low,100.1
2024-05-02,SUPP001,Surgical Masks Box,Medical Supplies,North America,376,10.0,1.06,1,High,104.04
2024-05-02,SUPP001,Surgical Masks Box,Medical Supplies,Europe,541,10.0,0.91,0,Low,97.63
2024-05-02,SUPP002,Surgical Gloves Box,Medical Supplies,North America,1603,12.5,1.05,1,High,96.64
2024-05-02,SUPP002,Surgical Gloves Box,Medical Supplies,Europe,753,12.5,1.16,0,Medium,102.85
2024-05-03,DRUG001,Atorvastatin 20mg,Pharmaceuticals,North America,1239,1.25,1.2,0,Low,96.67
2024-05-03,DRUG001,Atorvastatin 20mg,Pharmaceuticals,Europe,1109,1.25,1.0,0,High,97.97
2024-05-03,DRUG002,Amoxicillin 500mg,Pharmaceuticals,North America,971,0.85,1.04,0,Medium,95.31
2024-05-03,DRUG002,Amoxicillin 500mg,Pharmaceuticals,Europe,610,0.85,1.11,0,Medium,103.15
2024-05-03,DRUG003,Insulin Glargine 10ml,Pharmaceuticals,North America,507,25.0,0.95,0,Low,99.24
2024-05-03,DRUG003,Insulin Glargine 10ml,Pharmaceuticals,Europe,890,25.0,1.1,0,Low,98.73
2024-05-03,SUPP001,Surgical Masks Box,Medical Supplies,North America,998,10.0,1.19,0,Low,96.93
2024-05-03,SUPP001,Surgical Masks Box,Medical Supplies,Europe,1350,10.0,1.11,0,Medium,102.55
2024-05-03,SUPP002,Surgical Gloves Box,Medical Supplies,North America,1045,12.5,1.02,0,Medium,96.5
2024-05-03,SUPP002,Surgical Gloves Box,Medical Supplies,Europe,1420,12.5,1.03,0,Low,95.91
2024-05-04,DRUG001,Atorvastatin 20mg,Pharmaceuticals,North America,913,1.25,1.01,0,Low,99.16
2024-05-04,DRUG001,Atorvastatin 20mg,Pharmaceuticals,Europe,913,1.25,0.99,0,Low,96.97
2024-05-04,DRUG002,Amoxicillin 500mg,Pharmaceuticals,North America,673,0.85,0.98,0,Low,102.97
2024-05-04,DRUG002,Amoxicillin 500mg,Pharmaceuticals,Europe,1063,0.85,1.05,0,Low,100.54
2024-05-04,DRUG003,Insulin Glargine 10ml,Pharmaceuticals,North America,741,25.0,1.1,0,Medium,103.52
2024-05-04,DRUG003,Insulin Glargine 10ml,Pharmaceuticals,Europe,673,25.0,0.94,0,Low,98.49
2024-05-04,SUPP001,Surgical Masks Box,Medical Supplies,North America,1334,10.0,0.93,0,High,96.81
2024-05-04,SUPP001,Surgical Masks Box,Medical Supplies,Europe,1621,10.0,1.17,0,High,96.76
2024-05-04,SUPP002,Surgical Gloves Box,Medical Supplies,North America,1103,12.5,1.01,0,High,101.03
2024-05-04,SUPP002,Surgical Gloves Box,Medical Supplies,Europe,1226,12.5,1.01,0,High,98.39
2024-05-05,DRUG001,Atorvastatin 20mg,Pharmaceuticals,North America,524,1.25,0.96,0,Low,101.37
2024-05-05,DRUG001,Atorvastatin 20mg,Pharmaceuticals,Europe,646,1.25,1.16,0,High,99.11
2024-05-05,DRUG002,Amoxicillin 500mg,Pharmaceuticals,North America,642,0.85,1.11,0,Low,104.48
2024-05-05,DRUG002,Amoxicillin 500mg,Pharmaceuticals,Europe,1443,0.85,0.9,0,Low,98.92
2024-05-05,DRUG003,Insulin Glargine 10ml,Pharmaceuticals,North America,850,25.0,1.16,0,Low,101.62
2024-05-05,DRUG003,Insulin Glargine 10ml,Pharmaceuticals,Europe,1163,25.0,1.0,0,Medium,98.1
2024-05-05,SUPP001,Surgical Masks Box,Medical Supplies,North America,1168,10.0,1.14,0,Medium,101.96
2024-05-05,SUPP001,Surgical Masks Box,Medical Supplies,Europe,836,10.0,1.05,0,High,96.48
2024-05-05,SUPP002,Surgical Gloves Box,Medical Supplies,North America,1280,12.5,1.11,0,Low,97.72
2024-05-05,SUPP002,Surgical Gloves Box,Medical Supplies,Europe,1067,12.5,1.16,0,Medium,96.48
2024-05-06,DRUG001,Atorvastatin 20mg,Pharmaceuticals,North America,1091,1.25,0.98,0,Medium,95.12
2024-05-06,DRUG001,Atorvastatin 20mg,Pharmaceuticals,Europe,1475,1.25,1.09,0,Low,102.53
2024-05-06,DRUG002,Amoxicillin 500mg,Pharmaceuticals,North America,675,0.85,1.04,0,High,96.41
2024-05-06,DRUG002,Amoxicillin 500mg,Pharmaceuticals,Europe,714,0.85,1.02,0,Medium,99.48
2024-05-06,DRUG003,Insulin Glargine 10ml,Pharmaceuticals,North America,695,25.0,1.15,0,High,95.79
2024-05-06,DRUG003,Insulin Glargine 10ml,Pharmaceuticals,Europe,1354,25.0,1.05,0,Medium,95.23
2024-05-06,SUPP001,Surgical Masks Box,Medical Supplies,North America,971,10.0,1.06,0,Low,99.4
2024-05-06,SUPP001,Surgical Masks Box,Medical Supplies,Europe,502,10.0,1.06,0,High,103.51
2024-05-06,SUPP002,Surgical Gloves Box,Medical Supplies,North America,814,12.5,0.95,0,Medium,104.56
2024-05-06,SUPP002,Surgical Gloves Box,Medical Supplies,Europe,863,12.5,0.97,0,High,103.26
2024-05-07,DRUG001,Atorvastatin 20mg,Pharmaceuticals,North America,754,1.25,1.13,0,Medium,101.09
2024-05-07,DRUG001,Atorvastatin 20mg,Pharmaceuticals,Europe,1180,1.25,1.08,0,Medium,95.68
2024-05-07,DRUG002,Amoxicillin 500mg,Pharmaceuticals,North America,1603,0.85,0.99,0,Low,99.19
2024-05-07,DRUG002,Amoxicillin 500mg,Pharmaceuticals,Europe,842,0.85,1.2,0,Medium,102.43
2024-05-07,DRUG003,Insulin Glargine 10ml,Pharmaceuticals,North America,1291,25.0,0.91,0,Low,98.45
2024-05-07,DRUG003,Insulin Glargine 10ml,Pharmaceuticals,Europe,910,25.0,1.15,0,Medium,96.31
2024-05-07,SUPP001,Surgical Masks Box,Medical Supplies,North America,1155,10.0,1.05,0,Medium,96.56
2024-05-07,SUPP001,Surgical Masks Box,Medical Supplies,Europe,1180,10.0,0.96,0,High,103.91
2024-05-07,SUPP002,Surgical Gloves Box,Medical Supplies,North America,1290,12.5,1.2,0,Medium,104.1
2024-05-07,SUPP002,Surgical Gloves Box,Medical Supplies,Europe,1701,12.5,0.97,0,Medium,95.96
2024-05-08,DRUG001,Atorvastatin 20mg,Pharmaceuticals,North America,658,1.25,1.06,1,Low,98.76
2024-05-08,DRUG001,Atorvastatin 20mg,Pharmaceuticals,Europe,433,1.25,0.94,0,Medium,99.82
2024-05-08,DRUG002,Amoxicillin 500mg,Pharmaceuticals,North America,1195,0.85,1.06,0,Medium,99.35
2024-05-08,DRUG002,Amoxicillin 500mg,Pharmaceuticals,Europe,589,0.85,1.19,0,Medium,103.89
2024-05-08,DRUG003,Insulin Glargine 10ml,Pharmaceuticals,North America,1135,25.0,0.92,0,Medium,100.83
2024-05-08,DRUG003,Insulin Glargine 10ml,Pharmaceuticals,Europe,1078,25.0,0.95,0,Low,97.61
2024-05-08,SUPP001,Surgical Masks Box,Medical Supplies,North America,1060,10.0,1.16,0,High,103.84
2024-05-08,SUPP001,Surgical Masks Box,Medical Supplies,Europe,358,10.0,1.02,0,Low,104.3
2024-05-08,SUPP002,Surgical Gloves Box,Medical Supplies,North America,1023,12.5,1.01,1,Medium,103.17
2024-05-08,SUPP002,Surgical Gloves Box,Medical Supplies,Europe,956,12.5,0.98,0,Medium,104.98
2024-05-09,DRUG001,Atorvastatin 20mg,Pharmaceuticals,North America,1220,1.25,1.14,0,Medium,98.87
2024-05-09,DRUG001,Atorvastatin 20mg,Pharmaceuticals,Europe,1008,1.25,0.96,1,High,102.47
2024-05-09,DRUG002,Amoxicillin 500mg,Pharmaceuticals,North America,693,0.85,1.2,0,High,98.55
2024-05-09,DRUG002,Amoxicillin 500mg,Pharmaceuticals,Europe,755,0.85,1.03,0,Low,98.54
2024-05-09,DRUG003,Insulin Glargine 10ml,Pharmaceuticals,North America,1026,25.0,1.13,0,Low,97.03
2024-05-09,DRUG003,Insulin Glargine 10ml,Pharmaceuticals,Europe,1060,25.0,1.05,0,Medium,102.81
2024-05-09,SUPP001,Surgical Masks Box,Medical Supplies,North America,1341,10.0,0.94,0,Medium,97.3
2024-05-09,SUPP001,Surgical Masks Box,Medical Supplies,Europe,908,10.0,1.05,1,Medium,96.57
2024-05-09,SUPP002,Surgical Gloves Box,Medical Supplies,North America,1377,12.5,0.91,0,Low,96.36
2024-05-09,SUPP002,Surgical Gloves Box,Medical Supplies,Europe,1522,12.5,0.98,0,Low,103.91
2024-05-10,DRUG001,Atorvastatin 20mg,Pharmaceuticals,North America,1282,1.25,1.06,0,Medium,103.22
2024-05-10,DRUG001,Atorvastatin 20mg,Pharmaceuticals,Europe,1084,1.25,0.96,0,Low,98.89
2024-05-10,DRUG002,Amoxicillin 500mg,Pharmaceuticals,North America,768,0.85,0.98,0,Low,101.33
2024-05-10,DRUG002,Amoxicillin 500mg,Pharmaceuticals,Europe,876,0.85,1.06,0,Low,100.22
2024-05-10,DRUG003,Insulin Glargine 10ml,Pharmaceuticals,North America,983,25.0,1.07,0,Low,97.2
2024-05-10,DRUG003,Insulin Glargine 10ml,Pharmaceuticals,Europe,883,25.0,0.92,0,High,98.54
2024-05-10,SUPP001,Surgical Masks Box,Medical Supplies,North America,1623,10.0,1.09,1,High,102.94
2024-05-10,SUPP001,Surgical Masks Box,Medical Supplies,Europe,839,10.0,1.19,0,Medium,103.87
2024-05-10,SUPP002,Surgical Gloves Box,Medical Supplies,North America,1067,12.5,0.93,0,High,98.8
2024-05-10,SUPP002,Surgical Gloves Box,Medical Supplies,Europe,1017,12.5,1.12,0,Medium,104.35
2024-05-11,DRUG001,Atorvastatin 20mg,Pharmaceuticals,North America,930,1.25,0.91,0,Medium,96.07
2024-05-11,DRUG001,Atorvastatin 20mg,Pharmaceuticals,Europe,982,1.25,0.92,0,High,96.21
2024-05-11,DRUG002,Amoxicillin 500mg,Pharmaceuticals,North America,1300,0.85,1.06,1,Medium,101.77
2024-05-11,DRUG002,Amoxicillin 500mg,Pharmaceuticals,Europe,787,0.85,1.05,1,Low,97.3
2024-05-11,DRUG003,Insulin Glargine 10ml,Pharmaceuticals,North America,1264,25.0,1.05,0,Medium,96.33
2024-05-11,DRUG003,Insulin Glargine 10ml,Pharmaceuticals,Europe,870,25.0,0.9,0,Medium,102.12
2024-05-11,SUPP001,Surgical Masks Box,Medical Supplies,North America,1460,10.0,0.92,0,Low,99.49
2024-05-11,SUPP001,Surgical Masks Box,Medical Supplies,Europe,831,10.0,0.96,0,Medium,98.59
2024-05-11,SUPP002,Surgical Gloves Box,Medical Supplies,North America,372,12.5,0.95,0,Low,95.58
2024-05-11,SUPP002,Surgical Gloves Box,Medical Supplies,Europe,1411,12.5,1.09,0,Low,98.87
2024-05-12,DRUG001,Atorvastatin 20mg,Pharmaceuticals,North America,835,1.25,0.94,0,Medium,101.0
2024-05-12,DRUG001,Atorvastatin 20mg,Pharmaceuticals,Europe,1187,1.25,1.11,0,Medium,97.39
2024-05-12,DRUG002,Amoxicillin 500mg,Pharmaceuticals,North America,1153,0.85,0.98,0,Low,96.04
2024-05-12,DRUG002,Amoxicillin 500mg,Pharmaceuticals,Europe,1106,0.85,1.0,0,High,98.99
2024-05-12,DRUG003,Insulin Glargine 10ml,Pharmaceuticals,North America,828,25.0,0.95,0,Medium,95.61
2024-05-12,DRUG003,Insulin Glargine 10ml,Pharmaceuticals,Europe,856,25.0,1.2,0,Medium,98.58
2024-05-12,SUPP001,Surgical Masks Box,Medical Supplies,North America,913,10.0,1.0,0,High,97.91
2024-05-12,SUPP001,Surgical Masks Box,Medical Supplies,Europe,1579,10.0,1.03,0,Low,96.86
2024-05-12,SUPP002,Surgical Gloves Box,Medical Supplies,North America,1177,12.5,1.02,0,Medium,96.92
2024-05-12,SUPP002,Surgical Gloves Box,Medical Supplies,Europe,715,12.5,1.07,0,Medium,101.0
2024-05-13,DRUG001,Atorvastatin 20mg,Pharmaceuticals,North America,723,1.25,1.07,0,High,99.81
2024-05-13,DRUG001,Atorvastatin 20mg,Pharmaceuticals,Europe,1281,1.25,1.09,0,High,102.32
2024-05-13,DRUG002,Amoxicillin 500mg,Pharmaceuticals,North America,1018,0.85,1.09,0,High,97.49
2024-05-13,DRUG002,Amoxicillin 500mg,Pharmaceuticals,Europe,981,0.85,0.97,0,Medium,99.47
2024-05-13,DRUG003,Insulin Glargine 10ml,Pharmaceuticals,North America,775,25.0,1.08,0,Low,101.95
2024-05-13,DRUG003,Insulin Glargine 10ml,Pharmaceuticals,Europe,1634,25.0,1.14,0,Low,95.14
2024-05-13,SUPP001,Surgical Masks Box,Medical Supplies,North America,815,10.0,1.01,0,Medium,102.02
2024-05-13,SUPP001,Surgical Masks Box,Medical Supplies,Europe,1318,10.0,1.13,0,Medium,102.21
2024-05-13,SUPP002,Surgical Gloves Box,Medical Supplies,North America,829,12.5,1.17,0,Medium,95.59
2024-05-13,SUPP002,Surgical Gloves Box,Medical Supplies,Europe,913,12.5,1.15,0,High,104.75
2024-05-14,DRUG001,Atorvastatin 20mg,Pharmaceuticals,North America,1226,1.25,0.91,0,Low,99.11
2024-05-14,DRUG001,Atorvastatin 20mg,Pharmaceuticals,Europe,547,1.25,1.15,0,Low,99.03
2024-05-14,DRUG002,Amoxicillin 500mg,Pharmaceuticals,North America,1030,0.85,1.19,0,Low,98.55
2024-05-14,DRUG002,Amoxicillin 500mg,Pharmaceuticals,Europe,919,0.85,1.19,0,Medium,99.0
2024-05-14,DRUG003,Insulin Glargine 10ml,Pharmaceuticals,North America,1148,25.0,1.0,0,Medium,97.78
2024-05-14,DRUG003,Insulin Glargine 10ml,Pharmaceuticals,Europe,1108,25.0,0.98,0,Low,103.11
2024-05-14,SUPP001,Surgical Masks Box,Medical Supplies,North America,757,10.0,1.04,0,Medium,104.53
2024-05-14,SUPP001,Surgical Masks Box,Medical Supplies,Europe,899,10.0,1.13,0,High,98.92
2024-05-14,SUPP002,Surgical Gloves Box,Medical Supplies,North America,235,12.5,0.98,0,Low,100.79
2024-05-14,SUPP002,Surgical Gloves Box,Medical Supplies,Europe,748,12.5,0.97,0,Medium,97.96
2024-05-15,DRUG001,Atorvastatin 20mg,Pharmaceuticals,North America,1348,1.25,1.07,0,Medium,95.82
2024-05-15,DRUG001,Atorvastatin 20mg,Pharmaceuticals,Europe,1310,1.25,1.1,0,Medium,103.6
2024-05-15,DRUG002,Amoxicillin 500mg,Pharmaceuticals,North America,1263,0.85,0.94,0,High,97.92
2024-05-15,DRUG002,Amoxicillin 500mg,Pharmaceuticals,Europe,630,0.85,1.15,1,Medium,98.09
2024-05-15,DRUG003,Insulin Glargine 10ml,Pharmaceuticals,North America,1272,25.0,0.95,0,Low,97.83
2024-05-15,DRUG003,Insulin Glargine 10ml,Pharmaceuticals,Europe,1137,25.0,1.16,0,Low,101.04
2024-05-15,SUPP001,Surgical Masks Box,Medical Supplies,North America,792,10.0,1.06,0,Low,95.54
2024-05-15,SUPP001,Surgical Masks Box,Medical Supplies,Europe,783,10.0,1.06,0,High,97.35
2024-05-15,SUPP002,Surgical Gloves Box,Medical Supplies,North America,1317,12.5,1.02,1,High,97.08
2024-05-15,SUPP002,Surgical Gloves Box,Medical Supplies,Europe,1088,12.5,0.98,0,Low,104.08
2024-05-16,DRUG001,Atorvastatin 20mg,Pharmaceuticals,North America,1413,1.25,1.02,0,High,96.7
2024-05-16,DRUG001,Atorvastatin 20mg,Pharmaceuticals,Europe,1602,1.25,0.94,0,Low,98.38
2024-05-16,DRUG002,Amoxicillin 500mg,Pharmaceuticals,North America,1040,0.85,1.13,0,Low,103.27
2024-05-16,DRUG002,Amoxicillin 500mg,Pharmaceuticals,Europe,157,0.85,1.15,0,Low,103.25
2024-05-16,DRUG003,Insulin Glargine 10ml,Pharmaceuticals,North America,929,25.0,1.03,0,Low,99.25
2024-05-16,DRUG003,Insulin Glargine 10ml,Pharmaceuticals,Europe,830,25.0,1.13,0,High,95.74
2024-05-16,SUPP001,Surgical Masks Box,Medical Supplies,North America,1208,10.0,1.06,0,Low,97.8
2024-05-16,SUPP001,Surgical Masks Box,Medical Supplies,Europe,769,10.0,1.03,0,High,96.08
2024-05-16,SUPP002,Surgical Gloves Box,Medical Supplies,North America,1473,12.5,1.1,0,Low,100.13
2024-05-16,SUPP002,Surgical Gloves Box,Medical Supplies,Europe,848,12.5,1.09,0,Medium,99.43
2024-05-17,DRUG001,Atorvastatin 20mg,Pharmaceuticals,North America,145,1.25,1.06,0,Medium,102.23
2024-05-17,DRUG001,Atorvastatin 20mg,Pharmaceuticals,Europe,977,1.25,1.08,0,Medium,95.27
2024-05-17,DRUG002,Amoxicillin 500mg,Pharmaceuticals,North America,739,0.85,0.93,0,Medium,103.01
2024-05-17,DRUG002,Amoxicillin 500mg,Pharmaceuticals,Europe,930,0.85,0.98,0,Low,101.16
2024-05-17,DRUG003,Insulin Glargine 10ml,Pharmaceuticals,North America,939,25.0,1.01,1,Low,99.87
2024-05-17,DRUG003,Insulin Glargine 10ml,Pharmaceuticals,Europe,1398,25.0,1.02,0,Low,95.28
2024-05-17,SUPP001,Surgical Masks Box,Medical Supplies,North America,1081,10.0,1.14,0,Medium,102.01
2024-05-17,SUPP001,Surgical Masks Box,Medical Supplies,Europe,1284,10.0,1.17,0,Low,102.09
2024-05-17,SUPP002,Surgical Gloves Box,Medical Supplies,North America,655,12.5,0.94,1,Medium,96.95
2024-05-17,SUPP002,Surgical Gloves Box,Medical Supplies,Europe,1155,12.5,1.18,0,Medium,101.25
2024-05-18,DRUG001,Atorvastatin 20mg,Pharmaceuticals,North America,923,1.25,0.94,0,Medium,95.04
2024-05-18,DRUG001,Atorvastatin 20mg,Pharmaceuticals,Europe,805,1.25,1.19,0,Low,97.22
2024-05-18,DRUG002,Amoxicillin 500mg,Pharmaceuticals,North America,775,0.85,1.16,0,Low,103.98
2024-05-18,DRUG002,Amoxicillin 500mg,Pharmaceuticals,Europe,513,0.85,1.12,0,Medium,104.22
2024-05-18,DRUG003,Insulin Glargine 10ml,Pharmaceuticals,North America,1523,25.0,1.19,0,Low,97.45
2024-05-18,DRUG003,Insulin Glargine 10ml,Pharmaceuticals,Europe,992,25.0,1.08,0,High,99.05
2024-05-18,SUPP001,Surgical Masks Box,Medical Supplies,North America,1552,10.0,1.06,0,Low,100.96
2024-05-18,SUPP001,Surgical Masks Box,Medical Supplies,Europe,882,10.0,1.16,0,Low,96.28
2024-05-18,SUPP002,Surgical Gloves Box,Medical Supplies,North America,1443,12.5,1.02,0,High,95.83
2024-05-18,SUPP002,Surgical Gloves Box,Medical Supplies,Europe,783,12.5,1.06,0,Low,101.44
2024-05-19,DRUG001,Atorvastatin 20mg,Pharmaceuticals,North America,1022,1.25,0.99,0,Low,102.36
2024-05-19,DRUG001,Atorvastatin 20mg,Pharmaceuticals,Europe,887,1.25,1.09,1,High,97.83
2024-05-19,DRUG002,Amoxicillin 500mg,Pharmaceuticals,North America,1013,0.85,1.08,0,Low,100.85
2024-05-19,DRUG002,Amoxicillin 500mg,Pharmaceuticals,Europe,960,0.85,1.17,1,Low,98.85
2024-05-19,DRUG003,Insulin Glargine 10ml,Pharmaceuticals,North America,988,25.0,1.13,0,Medium,95.96
2024-05-19,DRUG003,Insulin Glargine 10ml,Pharmaceuticals,Europe,822,25.0,1.01,1,Low,98.2
2024-05-19,SUPP001,Surgical Masks Box,Medical Supplies,North America,1256,10.0,1.17,0,Medium,99.67
2024-05-19,SUPP001,Surgical Masks Box,Medical Supplies,Europe,1270,10.0,1.18,0,High,96.33
2024-05-19,SUPP002,Surgical Gloves Box,Medical Supplies,North America,903,12.5,0.91,0,Medium,98.72
2024-05-19,SUPP002,Surgical Gloves Box,Medical Supplies,Europe,1418,12.5,1.16,0,Low,101.87
2024-05-20,DRUG001,Atorvastatin 20mg,Pharmaceuticals,North America,901,1.25,1.09,0,Medium,103.08
2024-05-20,DRUG001,Atorvastatin 20mg,Pharmaceuticals,Europe,607,1.25,1.13,0,Medium,102.0
2024-05-20,DRUG002,Amoxicillin 500mg,Pharmaceuticals,North America,774,0.85,1.19,0,High,98.24
2024-05-20,DRUG002,Amoxicillin 500mg,Pharmaceuticals,Europe,1243,0.85,1.13,0,Medium,96.56
2024-05-20,DRUG003,Insulin Glargine 10ml,Pharmaceuticals,North America,853,25.0,1.16,0,Medium,103.2
2024-05-20,DRUG003,Insulin Glargine 10ml,Pharmaceuticals,Europe,915,25.0,1.17,0,High,96.97
2024-05-20,SUPP001,Surgical Masks Box,Medical Supplies,North America,1269,10.0,0.9,0,Medium,99.2
2024-05-20,SUPP001,Surgical Masks Box,Medical Supplies,Europe,1278,10.0,1.18,0,High,99.59
2024-05-20,SUPP002,Surgical Gloves Box,Medical Supplies,North America,676,12.5,0.99,0,Medium,95.39
2024-05-20,SUPP002,Surgical Gloves Box,Medical Supplies,Europe,1078,12.5,1.06,0,Low,100.01
2024-05-21,DRUG001,Atorvastatin 20mg,Pharmaceuticals,North America,947,1.25,1.13,0,High,97.18
2024-05-21,DRUG001,Atorvastatin 20mg,Pharmaceuticals,Europe,1025,1.25,1.15,0,Medium,96.99
2024-05-21,DRUG002,Amoxicillin 500mg,Pharmaceuticals,North America,1113,0.85,0.91,0,Low,96.43
2024-05-21,DRUG002,Amoxicillin 500mg,Pharmaceuticals,Europe,1207,0.85,1.09,0,High,104.52
2024-05-21,DRUG003,Insulin Glargine 10ml,Pharmaceuticals,North America,1062,25.0,1.05,0,High,103.85
2024-05-21,DRUG003,Insulin Glargine 10ml,Pharmaceuticals,Europe,329,25.0,0.93,0,High,103.24
2024-05-21,SUPP001,Surgical Masks Box,Medical Supplies,North America,1285,10.0,1.1,0,Low,103.89
2024-05-21,SUPP001,Surgical Masks Box,Medical Supplies,Europe,722,10.0,1.1,0,Medium,102.41
2024-05-21,SUPP002,Surgical Gloves Box,Medical Supplies,North America,922,12.5,1.2,0,Medium,101.57
2024-05-21,SUPP002,Surgical Gloves Box,Medical Supplies,Europe,1108,12.5,1.03,0,High,101.45
2024-05-22,DRUG001,Atorvastatin 20mg,Pharmaceuticals,North America,673,1.25,0.9,0,High,102.64
2024-05-22,DRUG001,Atorvastatin 20mg,Pharmaceuticals,Europe,997,1.25,1.19,0,Medium,95.44
2024-05-22,DRUG002,Amoxicillin 500mg,Pharmaceuticals,North America,836,0.85,0.93,0,Low,101.6
2024-05-22,DRUG002,Amoxicillin 500mg,Pharmaceuticals,Europe,1387,0.85,1.1,0,High,98.87
2024-05-22,DRUG003,Insulin Glargine 10ml,Pharmaceuticals,North America,1416,25.0,1.07,0,High,95.51
2024-05-22,DRUG003,Insulin Glargine 10ml,Pharmaceuticals,Europe,952,25.0,0.95,0,Low,95.26
2024-05-22,SUPP001,Surgical Masks Box,Medical Supplies,North America,974,10.0,0.98,0,Medium,97.26
2024-05-22,SUPP001,Surgical Masks Box,Medical Supplies,Europe,804,10.0,0.91,0,Low,98.19
2024-05-22,SUPP002,Surgical Gloves Box,Medical Supplies,North America,1580,12.5,1.08,1,Medium,99.73
2024-05-22,SUPP002,Surgical Gloves Box,Medical Supplies,Europe,811,12.5,0.96,0,Low,99.91
2024-05-23,DRUG001,Atorvastatin 20mg,Pharmaceuticals,North America,1547,1.25,1.18,1,Low,97.62
2024-05-23,DRUG001,Atorvastatin 20mg,Pharmaceuticals,Europe,727,1.25,1.14,0,Medium,102.11
2024-05-23,DRUG002,Amoxicillin 500mg,Pharmaceuticals,North America,1113,0.85,1.08,0,Medium,103.09
2024-05-23,DRUG002,Amoxicillin 500mg,Pharmaceuticals,Europe,1024,0.85,1.08,0,High,101.18
2024-05-23,DRUG003,Insulin Glargine 10ml,Pharmaceuticals,North America,1453,25.0,1.1,0,Medium,102.43
2024-05-23,DRUG003,Insulin Glargine 10ml,Pharmaceuticals,Europe,716,25.0,1.05,0,Medium,104.83
2024-05-23,SUPP001,Surgical Masks Box,Medical Supplies,North America,840,10.0,1.03,0,Low,97.42
2024-05-23,SUPP001,Surgical Masks Box,Medical Supplies,Europe,918,10.0,1.1,0,Medium,102.79
2024-05-23,SUPP002,Surgical Gloves Box,Medical Supplies,North America,808,12.5,1.07,0,High,103.79
2024-05-23,SUPP002,Surgical Gloves Box,Medical Supplies,Europe,1400,12.5,1.0,0,Low,98.67
2024-05-24,DRUG001,Atorvastatin 20mg,Pharmaceuticals,North America,1577,1.25,1.0,0,High,101.52
2024-05-24,DRUG001,Atorvastatin 20mg,Pharmaceuticals,Europe,1236,1.25,0.95,0,Medium,103.71
2024-05-24,DRUG002,Amoxicillin 500mg,Pharmaceuticals,North America,713,0.85,1.08,0,Medium,95.4
2024-05-24,DRUG002,Amoxicillin 500mg,Pharmaceuticals,Europe,443,0.85,1.07,0,Low,101.62
2024-05-24,DRUG003,Insulin Glargine 10ml,Pharmaceuticals,North America,856,25.0,1.11,0,Low,100.77
2024-05-24,DRUG003,Insulin Glargine 10ml,Pharmaceuticals,Europe,741,25.0,0.94,0,Medium,96.09
2024-05-24,SUPP001,Surgical Masks Box,Medical Supplies,North America,1172,10.0,1.2,0,High,104.58
2024-05-24,SUPP001,Surgical Masks Box,Medical Supplies,Europe,1147,10.0,0.95,0,Low,101.21
2024-05-24,SUPP002,Surgical Gloves Box,Medical Supplies,North America,595,12.5,1.14,0,High,95.27
2024-05-24,SUPP002,Surgical Gloves Box,Medical Supplies,Europe,1111,12.5,1.1,0,Low,102.22
2024-05-25,DRUG001,Atorvastatin 20mg,Pharmaceuticals,North America,1027,1.25,1.17,0,High,95.65
2024-05-25,DRUG001,Atorvastatin 20mg,Pharmaceuticals,Europe,456,1.25,0.94,0,High,96.8
2024-05-25,DRUG002,Amoxicillin 500mg,Pharmaceuticals,North America,1459,0.85,1.13,0,Low,99.34
2024-05-25,DRUG002,Amoxicillin 500mg,Pharmaceuticals,Europe,592,0.85,1.13,0,Low,96.75
2024-05-25,DRUG003,Insulin Glargine 10ml,Pharmaceuticals,North America,869,25.0,1.04,0,Medium,101.65
2024-05-25,DRUG003,Insulin Glargine 10ml,Pharmaceuticals,Europe,937,25.0,0.96,0,Medium,101.44
2024-05-25,SUPP001,Surgical Masks Box,Medical Supplies,North America,1354,10.0,1.13,0,Low,95.0
2024-05-25,SUPP001,Surgical Masks Box,Medical Supplies,Europe,625,10.0,1.14,0,Medium,95.77
2024-05-25,SUPP002,Surgical Gloves Box,Medical Supplies,North America,1370,12.5,1.02,0,Medium,103.26
2024-05-25,SUPP002,Surgical Gloves Box,Medical Supplies,Europe,1098,12.5,0.91,0,Medium,101.02
2024-05-26,DRUG001,Atorvastatin 20mg,Pharmaceuticals,North America,1378,1.25,0.94,0,Medium,95.18
2024-05-26,DRUG001,Atorvastatin 20mg,Pharmaceuticals,Europe,1432,1.25,1.09,0,Low,100.98
2024-05-26,DRUG002,Amoxicillin 500mg,Pharmaceuticals,North America,493,0.85,1.04,1,Medium,101.3
2024-05-26,DRUG002,Amoxicillin 500mg,Pharmaceuticals,Europe,1072,0.85,0.91,0,Low,102.78
2024-05-26,DRUG003,Insulin Glargine 10ml,Pharmaceuticals,North America,637,25.0,1.12,0,Low,99.31
2024-05-26,DRUG003,Insulin Glargine 10ml,Pharmaceuticals,Europe,800,25.0,1.0,0,Low,98.93
2024-05-26,SUPP001,Surgical Masks Box,Medical Supplies,North America,1062,10.0,1.07,0,Medium,102.86
2024-05-26,SUPP001,Surgical Masks Box,Medical Supplies,Europe,1055,10.0,1.07,0,High,102.61
2024-05-26,SUPP002,Surgical Gloves Box,Medical Supplies,North America,858,12.5,0.98,0,Medium,96.34
2024-05-26,SUPP002,Surgical Gloves Box,Medical Supplies,Europe,1146,12.5,1.02,0,Low,102.06
2024-05-27,DRUG001,Atorvastatin 20mg,Pharmaceuticals,North America,848,1.25,0.93,0,Medium,103.14
2024-05-27,DRUG001,Atorvastatin 20mg,Pharmaceuticals,Europe,1021,1.25,1.04,0,Low,97.5
2024-05-27,DRUG002,Amoxicillin 500mg,Pharmaceuticals,North America,1092,0.85,0.97,0,Medium,95.77
2024-05-27,DRUG002,Amoxicillin 500mg,Pharmaceuticals,Europe,886,0.85,0.91,0,Low,101.97
2024-05-27,DRUG003,Insulin Glargine 10ml,Pharmaceuticals,North America,576,25.0,0.97,0,Medium,101.99
2024-05-27,DRUG003,Insulin Glargine 10ml,Pharmaceuticals,Europe,1090,25.0,1.04,0,High,100.66
2024-05-27,SUPP001,Surgical Masks Box,Medical Supplies,North America,922,10.0,1.0,0,High,103.81
2024-05-27,SUPP001,Surgical Masks Box,Medical Supplies,Europe,696,10.0,0.96,0,Medium,97.09
2024-05-27,SUPP002,Surgical Gloves Box,Medical Supplies,North America,1494,12.5,1.1,0,Medium,104.65
2024-05-27,SUPP002,Surgical Gloves Box,Medical Supplies,Europe,1226,12.5,1.0,0,Low,97.88
2024-05-28,DRUG001,Atorvastatin 20mg,Pharmaceuticals,North America,1042,1.25,0.93,0,Medium,95.29
2024-05-28,DRUG001,Atorvastatin 20mg,Pharmaceuticals,Europe,873,1.25,1.11,0,Medium,95.31
2024-05-28,DRUG002,Amoxicillin 500mg,Pharmaceuticals,North America,1130,0.85,1.01,0,Medium,103.67
2024-05-28,DRUG002,Amoxicillin 500mg,Pharmaceuticals,Europe,1200,0.85,0.98,0,High,95.26
2024-05-28,DRUG003,Insulin Glargine 10ml,Pharmaceuticals,North America,920,25.0,1.05,0,High,102.5
2024-05-28,DRUG003,Insulin Glargine 10ml,Pharmaceuticals,Europe,1167,25.0,1.18,0,Low,98.08
2024-05-28,SUPP001,Surgical Masks Box,Medical Supplies,North America,1737,10.0,1.18,0,Medium,104.61
2024-05-28,SUPP001,Surgical Masks Box,Medical Supplies,Europe,909,10.0,0.95,0,Medium,102.32
2024-05-28,SUPP002,Surgical Gloves Box,Medical Supplies,North America,700,12.5,0.91,1,High,95.94
2024-05-28,SUPP002,Surgical Gloves Box,Medical Supplies,Europe,627,12.5,1.2,0,High,95.67
2024-05-29,DRUG001,Atorvastatin 20mg,Pharmaceuticals,North America,1477,1.25,0.93,0,Medium,97.16
2024-05-29,DRUG001,Atorvastatin 20mg,Pharmaceuticals,Europe,688,1.25,0.99,1,Low,97.13
2024-05-29,DRUG002,Amoxicillin 500mg,Pharmaceuticals,North America,1601,0.85,1.12,0,Low,98.94
2024-05-29,DRUG002,Amoxicillin 500mg,Pharmaceuticals,Europe,1127,0.85,1.13,1,Medium,95.52
2024-05-29,DRUG003,Insulin Glargine 10ml,Pharmaceuticals,North America,788,25.0,1.12,0,Low,99.17
2024-05-29,DRUG003,Insulin Glargine 10ml,Pharmaceuticals,Europe,948,25.0,1.04,0,Medium,102.13
2024-05-29,SUPP001,Surgical Masks Box,Medical Supplies,North America,1232,10.0,0.99,0,Medium,99.9
2024-05-29,SUPP001,Surgical Masks Box,Medical Supplies,Europe,362,10.0,1.12,0,High,99.43
2024-05-29,SUPP002,Surgical Gloves Box,Medical Supplies,North America,1621,12.5,0.97,0,Medium,95.29
2024-05-29,SUPP002,Surgical Gloves Box,Medical Supplies,Europe,967,12.5,1.03,0,High,103.77
2024-05-30,DRUG001,Atorvastatin 20mg,Pharmaceuticals,North America,1017,1.25,0.92,0,Medium,96.23
2024-05-30,DRUG001,Atorvastatin 20mg,Pharmaceuticals,Europe,455,1.25,0.98,1,High,102.82
2024-05-30,DRUG002,Amoxicillin 500mg,Pharmaceuticals,North America,1119,0.85,0.94,0,Medium,98.11
2024-05-30,DRUG002,Amoxicillin 500mg,Pharmaceuticals,Europe,1174,0.85,1.15,0,Low,97.75
2024-05-30,DRUG003,Insulin Glargine 10ml,Pharmaceuticals,North America,1115,25.0,1.09,0,Medium,101.5
2024-05-30,DRUG003,Insulin Glargine 10ml,Pharmaceuticals,Europe,918,25.0,1.13,0,High,104.77
2024-05-30,SUPP001,Surgical Masks Box,Medical Supplies,North America,955,10.0,1.16,1,High,103.31
2024-05-30,SUPP001,Surgical Masks Box,Medical Supplies,Europe,1203,10.0,1.02,0,Low,102.67
2024-05-30,SUPP002,Surgical Gloves Box,Medical Supplies,North America,961,12.5,1.07,0,High,101.61
2024-05-30,SUPP002,Surgical Gloves Box,Medical Supplies,Europe,527,12.5,1.14,0,High,97.64
2024-05-31,DRUG001,Atorvastatin 20mg,Pharmaceuticals,North America,1323,1.25,1.04,0,Medium,96.21
2024-05-31,DRUG001,Atorvastatin 20mg,Pharmaceuticals,Europe,1364,1.25,1.04,0,Medium,101.35
2024-05-31,DRUG002,Amoxicillin 500mg,Pharmaceuticals,North America,1036,0.85,1.17,0,Medium,95.7
2024-05-31,DRUG002,Amoxicillin 500mg,Pharmaceuticals,Europe,1109,0.85,0.94,0,Low,102.99
2024-05-31,DRUG003,Insulin Glargine 10ml,Pharmaceuticals,North America,1305,25.0,1.19,0,Low,101.65
2024-05-31,DRUG003,Insulin Glargine 10ml,Pharmaceuticals,Europe,1034,25.0,0.99,0,High,104.8
2024-05-31,SUPP001,Surgical Masks Box,Medical Supplies,North America,1039,10.0,1.03,0,Medium,100.03
2024-05-31,SUPP001,Surgical Masks Box,Medical Supplies,Europe,1462,10.0,0.96,1,Medium,101.81
2024-05-31,SUPP002,Surgical Gloves Box,Medical Supplies,North America,987,12.5,0.92,0,High,100.78
2024-05-31,SUPP002,Surgical Gloves Box,Medical Supplies,Europe,1025,12.5,0.92,0,Low,100.4
2024-06-01,DRUG001,Atorvastatin 20mg,Pharmaceuticals,North America,1129,1.25,1.04,0,Low,98.87
2024-06-01,DRUG001,Atorvastatin 20mg,Pharmaceuticals,Europe,930,1.25,1.18,0,Medium,98.89
2024-06-01,DRUG002,Amoxicillin 500mg,Pharmaceuticals,North America,862,0.85,1.03,0,Medium,95.59
2024-06-01,DRUG002,Amoxicillin 500mg,Pharmaceuticals,Europe,1101,0.85,1.11,0,Low,101.13
2024-06-01,DRUG003,Insulin Glargine 10ml,Pharmaceuticals,North America,1469,25.0,0.92,0,Medium,102.91
2024-06-01,DRUG003,Insulin Glargine 10ml,Pharmaceuticals,Europe,1186,25.0,0.95,0,Medium,98.32
2024-06-01,SUPP001,Surgical Masks Box,Medical Supplies,North America,1159,10.0,0.96,0,Medium,96.38
2024-06-01,SUPP001,Surgical Masks Box,Medical Supplies,Europe,1005,10.0,0.91,0,Low,95.74
2024-06-01,SUPP002,Surgical Gloves Box,Medical Supplies,North America,968,12.5,0.91,0,Low,98.94
2024-06-01,SUPP002,Surgical Gloves Box,Medical Supplies,Europe,795,12.5,1.18,0,Medium,97.46
2024-06-02,DRUG001,Atorvastatin 20mg,Pharmaceuticals,North America,1084,1.25,1.2,0,Medium,102.8
2024-06-02,DRUG001,Atorvastatin 20mg,Pharmaceuticals,Europe,703,1.25,0.91,0,Low,97.37
2024-06-02,DRUG002,Amoxicillin 500mg,Pharmaceuticals,North America,468,0.85,1.02,0,Medium,101.02
2024-06-02,DRUG002,Amoxicillin 500mg,Pharmaceuticals,Europe,1302,0.85,1.01,0,Medium,102.79
2024-06-02,DRUG003,Insulin Glargine 10ml,Pharmaceuticals,North America,1201,25.0,1.2,0,Low,95.62
2024-06-02,DRUG003,Insulin Glargine 10ml,Pharmaceuticals,Europe,684,25.0,0.99,0,High,95.81
2024-06-02,SUPP001,Surgical Masks Box,Medical Supplies,North America,846,10.0,1.14,0,Low,104.46
2024-06-02,SUPP001,Surgical Masks Box,Medical Supplies,Europe,1406,10.0,0.92,0,High,95.8
2024-06-02,SUPP002,Surgical Gloves Box,Medical Supplies,North America,1383,12.5,1.2,0,Low,102.0
2024-06-02,SUPP002,Surgical Gloves Box,Medical Supplies,Europe,1063,12.5,1.11,0,High,95.87
2024-06-03,DRUG001,Atorvastatin 20mg,Pharmaceuticals,North America,1086,1.25,1.19,0,High,104.38
2024-06-03,DRUG001,Atorvastatin 20mg,Pharmaceuticals,Europe,757,1.25,1.17,1,High,103.2
2024-06-03,DRUG002,Amoxicillin 500mg,Pharmaceuticals,North America,1070,0.85,0.99,0,Medium,96.42
2024-06-03,DRUG002,Amoxicillin 500mg,Pharmaceuticals,Europe,1180,0.85,1.17,0,Medium,97.91
2024-06-03,DRUG003,Insulin Glargine 10ml,Pharmaceuticals,North America,1406,25.0,0.95,1,Low,100.34
2024-06-03,DRUG003,Insulin Glargine 10ml,Pharmaceuticals,Europe,1000,25.0,1.17,1,Low,96.44
2024-06-03,SUPP001,Surgical Masks Box,Medical Supplies,North America,1432,10.0,1.07,0,Medium,104.21
2024-06-03,SUPP001,Surgical Masks Box,Medical Supplies,Europe,978,10.0,1.09,0,Low,96.88
2024-06-03,SUPP002,Surgical Gloves Box,Medical Supplies,North America,1067,12.5,0.98,0,Medium,102.34
2024-06-03,SUPP002,Surgical Gloves Box,Medical Supplies,Europe,500,12.5,0.95,0,Medium,95.12
2024-06-04,DRUG001,Atorvastatin 20mg,Pharmaceuticals,North America,1051,1.25,1.02,0,Low,96.59
2024-06-04,DRUG001,Atorvastatin 20mg,Pharmaceuticals,Europe,845,1.25,1.19,0,Medium,104.42
2024-06-04,DRUG002,Amoxicillin 500mg,Pharmaceuticals,North America,1435,0.85,0.98,0,Low,99.04
2024-06-04,DRUG002,Amoxicillin 500mg,Pharmaceuticals,Europe,1229,0.85,0.91,0,Low,98.88
2024-06-04,DRUG003,Insulin Glargine 10ml,Pharmaceuticals,North America,886,25.0,1.15,0,Medium,97.37
2024-06-04,DRUG003,Insulin Glargine 10ml,Pharmaceuticals,Europe,1318,25.0,1.18,0,Medium,101.21
2024-06-04,SUPP001,Surgical Masks Box,Medical Supplies,North America,535,10.0,1.03,0,High,104.41
2024-06-04,SUPP001,Surgical Masks Box,Medical Supplies,Europe,894,10.0,0.99,0,Low,104.43
2024-06-04,SUPP002,Surgical Gloves Box,Medical Supplies,North America,715,12.5,1.17,0,Medium,96.76
2024-06-04,SUPP002,Surgical Gloves Box,Medical Supplies,Europe,493,12.5,1.05,1,Medium,97.55
2024-06-05,DRUG001,Atorvastatin 20mg,Pharmaceuticals,North America,983,1.25,1.07,0,Medium,100.23
2024-06-05,DRUG001,Atorvastatin 20mg,Pharmaceuticals,Europe,953,1.25,1.14,0,Medium,100.21
2024-06-05,DRUG002,Amoxicillin 500mg,Pharmaceuticals,North America,1107,0.85,0.95,0,Low,100.27
2024-06-05,DRUG002,Amoxicillin 500mg,Pharmaceuticals,Europe,970,0.85,1.07,0,Medium,101.34
2024-06-05,DRUG003,Insulin Glargine 10ml,Pharmaceuticals,North America,929,25.0,0.99,0,Low,101.78
2024-06-05,DRUG003,Insulin Glargine 10ml,Pharmaceuticals,Europe,1046,25.0,0.92,0,High,102.74
2024-06-05,SUPP001,Surgical Masks Box,Medical Supplies,North America,1267,10.0,1.11,0,High,101.95
2024-06-05,SUPP001,Surgical Masks Box,Medical Supplies,Europe,1104,10.0,1.08,0,High,97.96
2024-06-05,SUPP002,Surgical Gloves Box,Medical Supplies,North America,902,12.5,1.15,0,Low,102.89
2024-06-05,SUPP002,Surgical Gloves Box,Medical Supplies,Europe,789,12.5,1.05,0,Low,103.65
2024-06-06,DRUG001,Atorvastatin 20mg,Pharmaceuticals,North America,812,1.25,0.99,0,Medium,96.88
2024-06-06,DRUG001,Atorvastatin 20mg,Pharmaceuticals,Europe,916,1.25,0.93,0,Medium,98.66
2024-06-06,DRUG002,Amoxicillin 500mg,Pharmaceuticals,North America,1107,0.85,0.9,0,Medium,96.93
2024-06-06,DRUG002,Amoxicillin 500mg,Pharmaceuticals,Europe,590,0.85,1.13,0,Low,95.41
2024-06-06,DRUG003,Insulin Glargine 10ml,Pharmaceuticals,North America,1339,25.0,1.14,0,Medium,103.0
2024-06-06,DRUG003,Insulin Glargine 10ml,Pharmaceuticals,Europe,552,25.0,1.06,0,Medium,103.8
2024-06-06,SUPP001,Surgical Masks Box,Medical Supplies,North America,765,10.0,0.94,0,Medium,98.48
2024-06-06,SUPP001,Surgical Masks Box,Medical Supplies,Europe,737,10.0,1.19,1,High,96.42
2024-06-06,SUPP002,Surgical Gloves Box,Medical Supplies,North America,904,12.5,0.9,0,Medium,96.08
2024-06-06,SUPP002,Surgical Gloves Box,Medical Supplies,Europe,1218,12.5,1.06,0,Low,98.53
2024-06-07,DRUG001,Atorvastatin 20mg,Pharmaceuticals,North America,1176,1.25,0.91,0,Low,103.94
2024-06-07,DRUG001,Atorvastatin 20mg,Pharmaceuticals,Europe,932,1.25,0.93,0,Medium,103.88
2024-06-07,DRUG002,Amoxicillin 500mg,Pharmaceuticals,North America,1182,0.85,0.94,1,Medium,101.26
2024-06-07,DRUG002,Amoxicillin 500mg,Pharmaceuticals,Europe,641,0.85,1.03,0,Low,101.04
2024-06-07,DRUG003,Insulin Glargine 10ml,Pharmaceuticals,North America,960,25.0,1.16,0,High,98.5
2024-06-07,DRUG003,Insulin Glargine 10ml,Pharmaceuticals,Europe,1127,25.0,1.01,0,Medium,102.2
2024-06-07,SUPP001,Surgical Masks Box,Medical Supplies,North America,1751,10.0,0.91,0,Low,100.59
2024-06-07,SUPP001,Surgical Masks Box,Medical Supplies,Europe,337,10.0,1.07,0,Medium,97.35
2024-06-07,SUPP002,Surgical Gloves Box,Medical Supplies,North America,834,12.5,1.12,0,Medium,101.91
2024-06-07,SUPP002,Surgical Gloves Box,Medical Supplies,Europe,1090,12.5,0.91,0,Medium,103.47
2024-06-08,DRUG001,Atorvastatin 20mg,Pharmaceuticals,North America,576,1.25,1.06,0,Medium,103.77
2024-06-08,DRUG001,Atorvastatin 20mg,Pharmaceuticals,Europe,791,1.25,1.06,0,Low,99.51
2024-06-08,DRUG002,Amoxicillin 500mg,Pharmaceuticals,North America,699,0.85,1.19,0,Medium,95.19
2024-06-08,DRUG002,Amoxicillin 500mg,Pharmaceuticals,Europe,1212,0.85,1.17,0,Low,104.33
2024-06-08,DRUG003,Insulin Glargine 10ml,Pharmaceuticals,North America,1343,25.0,1.15,0,High,103.64
2024-06-08,DRUG003,Insulin Glargine 10ml,Pharmaceuticals,Europe,670,25.0,1.2,0,Low,101.36
2024-06-08,SUPP001,Surgical Masks Box,Medical Supplies,North America,1076,10.0,0.92,0,High,99.06
2024-06-08,SUPP001,Surgical Masks Box,Medical Supplies,Europe,1514,10.0,0.97,0,Low,102.0
2024-06-08,SUPP002,Surgical Gloves Box,Medical Supplies,North America,1550,12.5,0.98,0,Medium,103.38
2024-06-08,SUPP002,Surgical Gloves Box,Medical Supplies,Europe,1149,12.5,1.04,0,Low,97.13
2024-06-09,DRUG001,Atorvastatin 20mg,Pharmaceuticals,North America,848,1.25,0.91,0,Medium,101.48
2024-06-09,DRUG001,Atorvastatin 20mg,Pharmaceuticals,Europe,664,1.25,0.92,0,Medium,98.19
2024-06-09,DRUG002,Amoxicillin 500mg,Pharmaceuticals,North America,1496,0.85,0.9,0,Low,96.28
2024-06-09,DRUG002,Amoxicillin 500mg,Pharmaceuticals,Europe,808,0.85,1.19,0,Medium,102.34
2024-06-09,DRUG003,Insulin Glargine 10ml,Pharmaceuticals,North America,1058,25.0,1.01,0,Medium,97.95
2024-06-09,DRUG003,Insulin Glargine 10ml,Pharmaceuticals,Europe,1053,25.0,0.94,0,Low,95.52
2024-06-09,SUPP001,Surgical Masks Box,Medical Supplies,North America,1510,10.0,1.05,0,Medium,102.09
2024-06-09,SUPP001,Surgical Masks Box,Medical Supplies,Europe,954,10.0,0.92,0,Low,96.95
2024-06-09,SUPP002,Surgical Gloves Box,Medical Supplies,North America,1038,12.5,0.99,0,Low,96.32
2024-06-09,SUPP002,Surgical Gloves Box,Medical Supplies,Europe,1206,12.5,0.97,0,Low,97.73
2024-06-10,DRUG001,Atorvastatin 20mg,Pharmaceuticals,North America,817,1.25,1.1,0,Medium,101.46
2024-06-10,DRUG001,Atorvastatin 20mg,Pharmaceuticals,Europe,822,1.25,1.17,0,Low,99.14
2024-06-10,DRUG002,Amoxicillin 500mg,Pharmaceuticals,North America,645,0.85,0.96,0,Medium,104.28
2024-06-10,DRUG002,Amoxicillin 500mg,Pharmaceuticals,Europe,448,0.85,1.02,0,Medium,97.91
2024-06-10,DRUG003,Insulin Glargine 10ml,Pharmaceuticals,North America,764,25.0,1.12,0,Medium,98.22
2024-06-10,DRUG003,Insulin Glargine 10ml,Pharmaceuticals,Europe,658,25.0,0.99,0,High,101.38
2024-06-10,SUPP001,Surgical Masks Box,Medical Supplies,North America,1133,10.0,1.15,0,Medium,99.86
2024-06-10,SUPP001,Surgical Masks Box,Medical Supplies,Europe,985,10.0,0.96,0,Medium,95.3
2024-06-10,SUPP002,Surgical Gloves Box,Medical Supplies,North America,1389,12.5,0.94,0,Medium,96.39
2024-06-10,SUPP002,Surgical Gloves Box,Medical Supplies,Europe,1423,12.5,1.16,0,Low,96.16
2024-06-11,DRUG001,Atorvastatin 20mg,Pharmaceuticals,North America,1691,1.25,1.02,0,High,95.68
2024-06-11,DRUG001,Atorvastatin 20mg,Pharmaceuticals,Europe,1161,1.25,0.98,0,Low,98.53
2024-06-11,DRUG002,Amoxicillin 500mg,Pharmaceuticals,North America,812,0.85,1.15,0,Medium,101.75
2024-06-11,DRUG002,Amoxicillin 500mg,Pharmaceuticals,Europe,753,0.85,1.0,0,Medium,96.28
2024-06-11,DRUG003,Insulin Glargine 10ml,Pharmaceuticals,North America,1044,25.0,1.16,0,Low,97.07
2024-06-11,DRUG003,Insulin Glargine 10ml,Pharmaceuticals,Europe,1258,25.0,0.94,0,High,100.28
2024-06-11,SUPP001,Surgical Masks Box,Medical Supplies,North America,974,10.0,1.15,0,Medium,99.11
2024-06-11,SUPP001,Surgical Masks Box,Medical Supplies,Europe,990,10.0,1.0,0,Medium,101.96
2024-06-11,SUPP002,Surgical Gloves Box,Medical Supplies,North America,578,12.5,0.9,0,Medium,100.15
2024-06-11,SUPP002,Surgical Gloves Box,Medical Supplies,Europe,672,12.5,1.03,0,Medium,98.84
2024-06-12,DRUG001,Atorvastatin 20mg,Pharmaceuticals,North America,1108,1.25,1.07,0,Medium,99.25
2024-06-12,DRUG001,Atorvastatin 20mg,Pharmaceuticals,Europe,885,1.25,1.14,1,Medium,102.32
2024-06-12,DRUG002,Amoxicillin 500mg,Pharmaceuticals,North America,1026,0.85,1.13,0,Medium,103.99
2024-06-12,DRUG002,Amoxicillin 500mg,Pharmaceuticals,Europe,801,0.85,0.96,0,Medium,103.23
2024-06-12,DRUG003,Insulin Glargine 10ml,Pharmaceuticals,North America,1118,25.0,1.15,0,Low,102.62
2024-06-12,DRUG003,Insulin Glargine 10ml,Pharmaceuticals,Europe,1294,25.0,0.95,0,Low,98.15
2024-06-12,SUPP001,Surgical Masks Box,Medical Supplies,North America,717,10.0,0.99,0,Medium,102.69
2024-06-12,SUPP001,Surgical Masks Box,Medical Supplies,Europe,847,10.0,1.16,0,Medium,102.3
2024-06-12,SUPP002,Surgical Gloves Box,Medical Supplies,North America,933,12.5,1.1,0,High,101.16
2024-06-12,SUPP002,Surgical Gloves Box,Medical Supplies,Europe,968,12.5,0.95,0,Medium,103.08
2024-06-13,DRUG001,Atorvastatin 20mg,Pharmaceuticals,North America,779,1.25,0.92,0,Low,97.43
2024-06-13,DRUG001,Atorvastatin 20mg,Pharmaceuticals,Europe,1299,1.25,1.04,1,High,102.19
2024-06-13,DRUG002,Amoxicillin 500mg,Pharmaceuticals,North America,765,0.85,1.14,1,Low,102.06
2024-06-13,DRUG002,Amoxicillin 500mg,Pharmaceuticals,Europe,1115,0.85,0.94,0,Low,96.51
2024-06-13,DRUG003,Insulin Glargine 10ml,Pharmaceuticals,North America,1306,25.0,1.09,0,Medium,102.74
2024-06-13,DRUG003,Insulin Glargine 10ml,Pharmaceuticals,Europe,1303,25.0,1.19,0,Medium,101.95
2024-06-13,SUPP001,Surgical Masks Box,Medical Supplies,North America,701,10.0,0.95,0,High,101.14
2024-06-13,SUPP001,Surgical Masks Box,Medical Supplies,Europe,1058,10.0,1.03,0,Low,99.21
2024-06-13,SUPP002,Surgical Gloves Box,Medical Supplies,North America,1233,12.5,0.93,0,Low,104.9
2024-06-13,SUPP002,Surgical Gloves Box,Medical Supplies,Europe,992,12.5,1.16,0,High,100.14
2024-06-14,DRUG001,Atorvastatin 20mg,Pharmaceuticals,North America,1062,1.25,0.97,0,High,102.86
2024-06-14,DRUG001,Atorvastatin 20mg,Pharmaceuticals,Europe,629,1.25,0.98,0,Low,97.86
2024-06-14,DRUG002,Amoxicillin 500mg,Pharmaceuticals,North America,999,0.85,1.11,0,Low,98.4
2024-06-14,DRUG002,Amoxicillin 500mg,Pharmaceuticals,Europe,728,0.85,0.99,0,Low,97.99
2024-06-14,DRUG003,Insulin Glargine 10ml,Pharmaceuticals,North America,1258,25.0,1.04,0,Low,103.95
2024-06-14,DRUG003,Insulin Glargine 10ml,Pharmaceuticals,Europe,1090,25.0,0.95,0,Low,98.1
2024-06-14,SUPP001,Surgical Masks Box,Medical Supplies,North America,1081,10.0,1.14,0,Medium,101.23
2024-06-14,SUPP001,Surgical Masks Box,Medical Supplies,Europe,1008,10.0,1.15,0,Medium,101.69
2024-06-14,SUPP002,Surgical Gloves Box,Medical Supplies,North America,824,12.5,0.96,0,High,99.09
2024-06-14,SUPP002,Surgical Gloves Box,Medical Supplies,Europe,1117,12.5,1.19,0,Medium,98.79
2024-06-15,DRUG001,Atorvastatin 20mg,Pharmaceuticals,North America,947,1.25,1.04,0,Medium,103.57
2024-06-15,DRUG001,Atorvastatin 20mg,Pharmaceuticals,Europe,1106,1.25,0.99,0,High,95.73
2024-06-15,DRUG002,Amoxicillin 500mg,Pharmaceuticals,North America,757,0.85,0.95,0,Medium,98.95
2024-06-15,DRUG002,Amoxicillin 500mg,Pharmaceuticals,Europe,1254,0.85,0.91,1,Medium,97.72
2024-06-15,DRUG003,Insulin Glargine 10ml,Pharmaceuticals,North America,856,25.0,1.0,0,Medium,97.08
2024-06-15,DRUG003,Insulin Glargine 10ml,Pharmaceuticals,Europe,999,25.0,1.13,0,Medium,97.72
2024-06-15,SUPP001,Surgical Masks Box,Medical Supplies,North America,587,10.0,1.09,0,Low,95.28
2024-06-15,SUPP001,Surgical Masks Box,Medical Supplies,Europe,894,10.0,1.04,0,Medium,99.08
2024-06-15,SUPP002,Surgical Gloves Box,Medical Supplies,North America,1120,12.5,1.06,0,Medium,104.22
2024-06-15,SUPP002,Surgical Gloves Box,Medical Supplies,Europe,1041,12.5,0.96,0,High,98.93
2024-06-16,DRUG001,Atorvastatin 20mg,Pharmaceuticals,North America,1083,1.25,1.09,0,Medium,98.04
2024-06-16,DRUG001,Atorvastatin 20mg,Pharmaceuticals,Europe,965,1.25,0.95,0,Medium,103.26
2024-06-16,DRUG002,Amoxicillin 500mg,Pharmaceuticals,North America,1400,0.85,0.99,0,Low,98.85
2024-06-16,DRUG002,Amoxicillin 500mg,Pharmaceuticals,Europe,945,0.85,1.16,0,High,97.83
2024-06-16,DRUG003,Insulin Glargine 10ml,Pharmaceuticals,North America,743,25.0,1.1,0,Low,99.75
2024-06-16,DRUG003,Insulin Glargine 10ml,Pharmaceuticals,Europe,1265,25.0,1.02,1,Low,96.83
2024-06-16,SUPP001,Surgical Masks Box,Medical Supplies,North America,1430,10.0,1.11,1,High,97.88
2024-06-16,SUPP001,Surgical Masks Box,Medical Supplies,Europe,658,10.0,1.04,0,High,98.37
2024-06-16,SUPP002,Surgical Gloves Box,Medical Supplies,North America,1275,12.5,1.01,0,High,103.02
2024-06-16,SUPP002,Surgical Gloves Box,Medical Supplies,Europe,961,12.5,0.97,0,Low,104.13
2024-06-17,DRUG001,Atorvastatin 20mg,Pharmaceuticals,North America,915,1.25,1.11,0,Medium,101.07
2024-06-17,DRUG001,Atorvastatin 20mg,Pharmaceuticals,Europe,997,1.25,1.04,1,Low,102.12
2024-06-17,DRUG002,Amoxicillin 500mg,Pharmaceuticals,North America,1484,0.85,1.1,0,Low,96.89
2024-06-17,DRUG002,Amoxicillin 500mg,Pharmaceuticals,Europe,795,0.85,0.95,0,Low,99.75
2024-06-17,DRUG003,Insulin Glargine 10ml,Pharmaceuticals,North America,1144,25.0,1.12,0,Medium,103.25
2024-06-17,DRUG003,Insulin Glargine 10ml,Pharmaceuticals,Europe,544,25.0,0.93,0,Low,96.23
2024-06-17,SUPP001,Surgical Masks Box,Medical Supplies,North America,545,10.0,1.15,0,Low,100.21
2024-06-17,SUPP001,Surgical Masks Box,Medical Supplies,Europe,1075,10.0,1.08,0,Low,103.42
2024-06-17,SUPP002,Surgical Gloves Box,Medical Supplies,North America,999,12.5,1.13,0,Low,98.26
2024-06-17,SUPP002,Surgical Gloves Box,Medical Supplies,Europe,1188,12.5,0.93,1,Low,101.36
2024-06-18,DRUG001,Atorvastatin 20mg,Pharmaceuticals,North America,1277,1.25,0.96,0,Low,103.95
2024-06-18,DRUG001,Atorvastatin 20mg,Pharmaceuticals,Europe,609,1.25,1.15,0,Low,97.09
2024-06-18,DRUG002,Amoxicillin 500mg,Pharmaceuticals,North America,1046,0.85,0.98,0,Medium,98.73
2024-06-18,DRUG002,Amoxicillin 500mg,Pharmaceuticals,Europe,640,0.85,0.94,0,Low,102.35
2024-06-18,DRUG003,Insulin Glargine 10ml,Pharmaceuticals,North America,1075,25.0,1.03,0,Low,95.3
2024-06-18,DRUG003,Insulin Glargine 10ml,Pharmaceuticals,Europe,752,25.0,1.15,0,Medium,104.48
2024-06-18,SUPP001,Surgical Masks Box,Medical Supplies,North America,396,10.0,0.98,1,Medium,101.65
2024-06-18,SUPP001,Surgical Masks Box,Medical Supplies,Europe,1381,10.0,1.03,0,Medium,97.83
2024-06-18,SUPP002,Surgical Gloves Box,Medical Supplies,North America,590,12.5,0.9,0,Low,100.1
2024-06-18,SUPP002,Surgical Gloves Box,Medical Supplies,Europe,1584,12.5,1.0,0,Medium,104.97
2024-06-19,DRUG001,Atorvastatin 20mg,Pharmaceuticals,North America,629,1.25,1.08,0,Low,95.5
2024-06-19,DRUG001,Atorvastatin 20mg,Pharmaceuticals,Europe,893,1.25,0.91,0,Medium,96.86
2024-06-19,DRUG002,Amoxicillin 500mg,Pharmaceuticals,North America,875,0.85,1.17,0,Low,104.63
2024-06-19,DRUG002,Amoxicillin 500mg,Pharmaceuticals,Europe,1095,0.85,0.99,0,Low,102.28
2024-06-19,DRUG003,Insulin Glargine 10ml,Pharmaceuticals,North America,667,25.0,0.93,0,Low,96.38
2024-06-19,DRUG003,Insulin Glargine 10ml,Pharmaceuticals,Europe,987,25.0,1.05,0,Low,97.76
2024-06-19,SUPP001,Surgical Masks Box,Medical Supplies,North America,924,10.0,1.09,1,High,95.62
2024-06-19,SUPP001,Surgical Masks Box,Medical Supplies,Europe,1071,10.0,1.0,0,High,104.86
2024-06-19,SUPP002,Surgical Gloves Box,Medical Supplies,North America,1220,12.5,1.15,0,Low,95.11
2024-06-19,SUPP002,Surgical Gloves Box,Medical Supplies,Europe,656,12.5,1.02,0,High,96.28
2024-06-20,DRUG001,Atorvastatin 20mg,Pharmaceuticals,North America,876,1.25,1.13,0,Medium,100.92
2024-06-20,DRUG001,Atorvastatin 20mg,Pharmaceuticals,Europe,603,1.25,0.93,0,High,95.88
2024-06-20,DRUG002,Amoxicillin 500mg,Pharmaceuticals,North America,436,0.85,1.06,0,Medium,103.52
2024-06-20,DRUG002,Amoxicillin 500mg,Pharmaceuticals,Europe,1053,0.85,1.02,0,Low,102.9
2024-06-20,DRUG003,Insulin Glargine 10ml,Pharmaceuticals,North America,1228,25.0,0.98,0,Low,104.86
2024-06-20,DRUG003,Insulin Glargine 10ml,Pharmaceuticals,Europe,826,25.0,1.0,0,Low,98.1
2024-06-20,SUPP001,Surgical Masks Box,Medical Supplies,North America,1004,10.0,0.96,0,Low,99.3
2024-06-20,SUPP001,Surgical Masks Box,Medical Supplies,Europe,832,10.0,1.08,0,Low,98.03
2024-06-20,SUPP002,Surgical Gloves Box,Medical Supplies,North America,1170,12.5,1.08,0,Low,97.86
2024-06-20,SUPP002,Surgical Gloves Box,Medical Supplies,Europe,576,12.5,0.96,0,Medium,98.3
2024-06-21,DRUG001,Atorvastatin 20mg,Pharmaceuticals,North America,959,1.25,1.19,0,Medium,98.68
2024-06-21,DRUG001,Atorvastatin 20mg,Pharmaceuticals,Europe,1028,1.25,1.16,0,Low,98.35
2024-06-21,DRUG002,Amoxicillin 500mg,Pharmaceuticals,North America,1145,0.85,1.06,0,Low,104.89
2024-06-21,DRUG002,Amoxicillin 500mg,Pharmaceuticals,Europe,651,0.85,1.04,0,Low,97.68
2024-06-21,DRUG003,Insulin Glargine 10ml,Pharmaceuticals,North America,369,25.0,1.04,0,Low,95.7
2024-06-21,DRUG003,Insulin Glargine 10ml,Pharmaceuticals,Europe,1041,25.0,1.17,0,Medium,98.5
2024-06-21,SUPP001,Surgical Masks Box,Medical Supplies,North America,445,10.0,1.11,0,Low,97.42
2024-06-21,SUPP001,Surgical Masks Box,Medical Supplies,Europe,932,10.0,1.1,0,Medium,95.94
2024-06-21,SUPP002,Surgical Gloves Box,Medical Supplies,North America,1079,12.5,0.93,0,Medium,97.17
2024-06-21,SUPP002,Surgical Gloves Box,Medical Supplies,Europe,1710,12.5,1.01,0,Low,104.58
2024-06-22,DRUG001,Atorvastatin 20mg,Pharmaceuticals,North America,785,1.25,1.15,0,Medium,97.77
2024-06-22,DRUG001,Atorvastatin 20mg,Pharmaceuticals,Europe,1089,1.25,1.12,0,Medium,97.41
2024-06-22,DRUG002,Amoxicillin 500mg,Pharmaceuticals,North America,799,0.85,0.94,0,Medium,103.31
2024-06-22,DRUG002,Amoxicillin 500mg,Pharmaceuticals,Europe,578,0.85,1.0,0,High,103.91
2024-06-22,DRUG003,Insulin Glargine 10ml,Pharmaceuticals,North America,885,25.0,1.11,0,Low,100.95
2024-06-22,DRUG003,Insulin Glargine 10ml,Pharmaceuticals,Europe,978,25.0,1.08,0,Medium,99.28
2024-06-22,SUPP001,Surgical Masks Box,Medical Supplies,North America,1058,10.0,0.97,0,Medium,104.74
2024-06-22,SUPP001,Surgical Masks Box,Medical Supplies,Europe,1607,10.0,1.01,0,High,101.24
2024-06-22,SUPP002,Surgical Gloves Box,Medical Supplies,North America,737,12.5,1.15,0,Medium,96.87
2024-06-22,SUPP002,Surgical Gloves Box,Medical Supplies,Europe,886,12.5,0.94,0,Medium,101.95
2024-06-23,DRUG001,Atorvastatin 20mg,Pharmaceuticals,North America,754,1.25,0.91,0,Medium,104.2
2024-06-23,DRUG001,Atorvastatin 20mg,Pharmaceuticals,Europe,511,1.25,1.09,0,Low,104.05
2024-06-23,DRUG002,Amoxicillin 500mg,Pharmaceuticals,North America,1049,0.85,1.06,0,High,97.04
2024-06-23,DRUG002,Amoxicillin 500mg,Pharmaceuticals,Europe,1142,0.85,0.97,0,Low,104.53
2024-06-23,DRUG003,Insulin Glargine 10ml,Pharmaceuticals,North America,1498,25.0,1.19,0,Low,100.99
2024-06-23,DRUG003,Insulin Glargine 10ml,Pharmaceuticals,Europe,1369,25.0,1.05,0,Low,99.54
2024-06-23,SUPP001,Surgical Masks Box,Medical Supplies,North America,697,10.0,0.97,0,Low,98.09
2024-06-23,SUPP001,Surgical Masks Box,Medical Supplies,Europe,715,10.0,1.19,1,Medium,104.81
2024-06-23,SUPP002,Surgical Gloves Box,Medical Supplies,North America,1166,12.5,1.08,0,Medium,97.06
2024-06-23,SUPP002,Surgical Gloves Box,Medical Supplies,Europe,980,12.5,1.0,0,Low,95.05
2024-06-24,DRUG001,Atorvastatin 20mg,Pharmaceuticals,North America,891,1.25,0.93,0,Medium,104.93
2024-06-24,DRUG001,Atorvastatin 20mg,Pharmaceuticals,Europe,1202,1.25,0.94,0,Medium,100.63
2024-06-24,DRUG002,Amoxicillin 500mg,Pharmaceuticals,North America,688,0.85,1.03,0,High,95.42
2024-06-24,DRUG002,Amoxicillin 500mg,Pharmaceuticals,Europe,675,0.85,0.97,0,High,96.12
2024-06-24,DRUG003,Insulin Glargine 10ml,Pharmaceuticals,North America,900,25.0,0.99,0,Low,100.8
2024-06-24,DRUG003,Insulin Glargine 10ml,Pharmaceuticals,Europe,483,25.0,1.15,0,Low,99.68
2024-06-24,SUPP001,Surgical Masks Box,Medical Supplies,North America,1383,10.0,1.0,0,Low,102.16
2024-06-24,SUPP001,Surgical Masks Box,Medical Supplies,Europe,1220,10.0,0.95,0,Medium,103.89
2024-06-24,SUPP002,Surgical Gloves Box,Medical Supplies,North America,1144,12.5,0.93,0,Medium,101.0
2024-06-24,SUPP002,Surgical Gloves Box,Medical Supplies,Europe,1022,12.5,1.14,0,Medium,101.42
2024-06-25,DRUG001,Atorvastatin 20mg,Pharmaceuticals,North America,958,1.25,1.15,1,Medium,102.29
2024-06-25,DRUG001,Atorvastatin 20mg,Pharmaceuticals,Europe,1159,1.25,1.01,0,Medium,96.96
2024-06-25,DRUG002,Amoxicillin 500mg,Pharmaceuticals,North America,1319,0.85,0.93,0,Medium,98.31
2024-06-25,DRUG002,Amoxicillin 500mg,Pharmaceuticals,Europe,963,0.85,1.03,0,Low,95.04
2024-06-25,DRUG003,Insulin Glargine 10ml,Pharmaceuticals,North America,946,25.0,1.03,1,High,96.08
2024-06-25,DRUG003,Insulin Glargine 10ml,Pharmaceuticals,Europe,1075,25.0,1.05,0,Medium,102.61
2024-06-25,SUPP001,Surgical Masks Box,Medical Supplies,North America,612,10.0,1.04,0,Medium,95.71
2024-06-25,SUPP001,Surgical Masks Box,Medical Supplies,Europe,949,10.0,0.92,1,Low,97.94
2024-06-25,SUPP002,Surgical Gloves Box,Medical Supplies,North America,855,12.5,0.95,0,Medium,99.53
2024-06-25,SUPP002,Surgical Gloves Box,Medical Supplies,Europe,1429,12.5,1.18,0,Medium,96.12
2024-06-26,DRUG001,Atorvastatin 20mg,Pharmaceuticals,North America,1437,1.25,0.97,0,Low,96.03
2024-06-26,DRUG001,Atorvastatin 20mg,Pharmaceuticals,Europe,804,1.25,1.06,0,Low,104.18
2024-06-26,DRUG002,Amoxicillin 500mg,Pharmaceuticals,North America,876,0.85,0.96,0,Low,102.98
2024-06-26,DRUG002,Amoxicillin 500mg,Pharmaceuticals,Europe,910,0.85,1.05,0,High,98.71
2024-06-26,DRUG003,Insulin Glargine 10ml,Pharmaceuticals,North America,843,25.0,0.97,0,Low,100.16
2024-06-26,DRUG003,Insulin Glargine 10ml,Pharmaceuticals,Europe,768,25.0,1.1,0,Medium,97.06
2024-06-26,SUPP001,Surgical Masks Box,Medical Supplies,North America,1033,10.0,0.96,0,Medium,98.27
2024-06-26,SUPP001,Surgical Masks Box,Medical Supplies,Europe,697,10.0,1.13,0,High,102.59
2024-06-26,SUPP002,Surgical Gloves Box,Medical Supplies,North America,1004,12.5,1.07,0,Medium,99.83
2024-06-26,SUPP002,Surgical Gloves Box,Medical Supplies,Europe,790,12.5,1.01,0,High,98.18
2024-06-27,DRUG001,Atorvastatin 20mg,Pharmaceuticals,North America,1078,1.25,1.13,0,High,100.51
2024-06-27,DRUG001,Atorvastatin 20mg,Pharmaceuticals,Europe,1323,1.25,0.95,0,Medium,98.67
2024-06-27,DRUG002,Amoxicillin 500mg,Pharmaceuticals,North America,976,0.85,1.08,0,Low,102.22
2024-06-27,DRUG002,Amoxicillin 500mg,Pharmaceuticals,Europe,1880,0.85,0.96,0,Medium,104.82
2024-06-27,DRUG003,Insulin Glargine 10ml,Pharmaceuticals,North America,908,25.0,1.08,0,Low,102.34
2024-06-27,DRUG003,Insulin Glargine 10ml,Pharmaceuticals,Europe,1351,25.0,1.09,0,Low,103.03
2024-06-27,SUPP001,Surgical Masks Box,Medical Supplies,North America,1240,10.0,1.08,0,Low,97.32
2024-06-27,SUPP001,Surgical Masks Box,Medical Supplies,Europe,829,10.0,1.17,0,Medium,99.66
2024-06-27,SUPP002,Surgical Gloves Box,Medical Supplies,North America,853,12.5,1.09,0,High,102.02
2024-06-27,SUPP002,Surgical Gloves Box,Medical Supplies,Europe,1639,12.5,1.0,0,Medium,96.75
2024-06-28,DRUG001,Atorvastatin 20mg,Pharmaceuticals,North America,1066,1.25,1.16,0,Medium,96.41
2024-06-28,DRUG001,Atorvastatin 20mg,Pharmaceuticals,Europe,858,1.25,0.93,0,High,104.62
2024-06-28,DRUG002,Amoxicillin 500mg,Pharmaceuticals,North America,1236,0.85,1.07,0,Medium,103.06
2024-06-28,DRUG002,Amoxicillin 500mg,Pharmaceuticals,Europe,766,0.85,0.98,0,Low,95.76
2024-06-28,DRUG003,Insulin Glargine 10ml,Pharmaceuticals,North America,1087,25.0,1.03,0,Medium,99.81
2024-06-28,DRUG003,Insulin Glargine 10ml,Pharmaceuticals,Europe,911,25.0,1.14,0,High,96.01
2024-06-28,SUPP001,Surgical Masks Box,Medical Supplies,North America,1421,10.0,1.17,0,Medium,99.33
2024-06-28,SUPP001,Surgical Masks Box,Medical Supplies,Europe,1283,10.0,1.01,0,Low,103.37
2024-06-28,SUPP002,Surgical Gloves Box,Medical Supplies,North America,802,12.5,1.15,0,Medium,103.68
2024-06-28,SUPP002,Surgical Gloves Box,Medical Supplies,Europe,1418,12.5,1.15,0,Medium,99.27
2024-06-29,DRUG001,Atorvastatin 20mg,Pharmaceuticals,North America,1033,1.25,1.13,0,Medium,100.5
2024-06-29,DRUG001,Atorvastatin 20mg,Pharmaceuticals,Europe,1368,1.25,1.08,0,High,102.86
2024-06-29,DRUG002,Amoxicillin 500mg,Pharmaceuticals,North America,1176,0.85,0.94,0,High,96.01
2024-06-29,DRUG002,Amoxicillin 500mg,Pharmaceuticals,Europe,847,0.85,1.15,0,Medium,98.09
2024-06-29,DRUG003,Insulin Glargine 10ml,Pharmaceuticals,North America,1124,25.0,0.96,0,Low,97.18
2024-06-29,DRUG003,Insulin Glargine 10ml,Pharmaceuticals,Europe,974,25.0,1.13,0,High,100.01
2024-06-29,SUPP001,Surgical Masks Box,Medical Supplies,North America,836,10.0,1.19,0,Medium,98.96
2024-06-29,SUPP001,Surgical Masks Box,Medical Supplies,Europe,1005,10.0,1.02,0,Medium,96.54
2024-06-29,SUPP002,Surgical Gloves Box,Medical Supplies,North America,1442,12.5,1.03,0,Low,97.12
2024-06-29,SUPP002,Surgical Gloves Box,Medical Supplies,Europe,999,12.5,0.94,0,Medium,95.73
2024-06-30,DRUG001,Atorvastatin 20mg,Pharmaceuticals,North America,1064,1.25,0.95,0,Medium,102.56
2024-06-30,DRUG001,Atorvastatin 20mg,Pharmaceuticals,Europe,572,1.25,1.14,0,Medium,98.55
2024-06-30,DRUG002,Amoxicillin 500mg,Pharmaceuticals,North America,760,0.85,1.11,1,Low,95.94
2024-06-30,DRUG002,Amoxicillin 500mg,Pharmaceuticals,Europe,1105,0.85,0.94,0,Low,103.07
2024-06-30,DRUG003,Insulin Glargine 10ml,Pharmaceuticals,North America,489,25.0,1.12,0,Low,102.57
2024-06-30,DRUG003,Insulin Glargine 10ml,Pharmaceuticals,Europe,135,25.0,1.13,0,Low,97.13
2024-06-30,SUPP001,Surgical Masks Box,Medical Supplies,North America,599,10.0,1.1,0,Low,100.63
2024-06-30,SUPP001,Surgical Masks Box,Medical Supplies,Europe,715,10.0,1.01,0,Medium,103.94
2024-06-30,SUPP002,Surgical Gloves Box,Medical Supplies,North America,596,12.5,0.95,0,Medium,98.0
2024-06-30,SUPP002,Surgical Gloves Box,Medical Supplies,Europe,1484,12.5,1.2,0,Low,101.29
2024-07-01,DRUG001,Atorvastatin 20mg,Pharmaceuticals,North America,988,1.25,1.04,0,Medium,97.17
2024-07-01,DRUG001,Atorvastatin 20mg,Pharmaceuticals,Europe,508,1.25,1.17,0,Low,96.81
2024-07-01,DRUG002,Amoxicillin 500mg,Pharmaceuticals,North America,721,0.85,1.07,0,High,95.99
2024-07-01,DRUG002,Amoxicillin 500mg,Pharmaceuticals,Europe,632,0.85,0.98,0,Low,103.38
2024-07-01,DRUG003,Insulin Glargine 10ml,Pharmaceuticals,North America,599,25.0,1.16,0,Medium,103.48
2024-07-01,DRUG003,Insulin Glargine 10ml,Pharmaceuticals,Europe,1169,25.0,1.09,0,Low,97.24
2024-07-01,SUPP001,Surgical Masks Box,Medical Supplies,North America,1290,10.0,1.08,1,Low,101.95
2024-07-01,SUPP001,Surgical Masks Box,Medical Supplies,Europe,1042,10.0,1.09,0,Medium,97.22
2024-07-01,SUPP002,Surgical Gloves Box,Medical Supplies,North America,987,12.5,1.03,0,Medium,102.45
2024-07-01,SUPP002,Surgical Gloves Box,Medical Supplies,Europe,818,12.5,1.17,0,Medium,103.92
2024-07-02,DRUG001,Atorvastatin 20mg,Pharmaceuticals,North America,783,1.25,0.91,0,High,102.46
2024-07-02,DRUG001,Atorvastatin 20mg,Pharmaceuticals,Europe,1132,1.25,0.98,0,Low,99.51
2024-07-02,DRUG002,Amoxicillin 500mg,Pharmaceuticals,North America,1224,0.85,0.97,0,Low,101.63
2024-07-02,DRUG002,Amoxicillin 500mg,Pharmaceuticals,Europe,936,0.85,1.07,1,Low,97.21
2024-07-02,DRUG003,Insulin Glargine 10ml,Pharmaceuticals,North America,808,25.0,0.95,0,Medium,95.45
2024-07-02,DRUG003,Insulin Glargine 10ml,Pharmaceuticals,Europe,1388,25.0,0.99,0,Medium,95.35
2024-07-02,SUPP001,Surgical Masks Box,Medical Supplies,North America,1262,10.0,0.96,0,Medium,99.71
2024-07-02,SUPP001,Surgical Masks Box,Medical Supplies,Europe,589,10.0,1.17,0,Low,101.61
2024-07-02,SUPP002,Surgical Gloves Box,Medical Supplies,North America,446,12.5,1.0,0,Low,102.1
2024-07-02,SUPP002,Surgical Gloves Box,Medical Supplies,Europe,1246,12.5,1.1,0,Low,98.65
2024-07-03,DRUG001,Atorvastatin 20mg,Pharmaceuticals,North America,862,1.25,0.98,0,Medium,102.74
2024-07-03,DRUG001,Atorvastatin 20mg,Pharmaceuticals,Europe,927,1.25,1.02,1,High,104.85
2024-07-03,DRUG002,Amoxicillin 500mg,Pharmaceuticals,North America,1086,0.85,1.08,0,Medium,101.0
2024-07-03,DRUG002,Amoxicillin 500mg,Pharmaceuticals,Europe,1279,0.85,1.05,0,Medium,100.24
2024-07-03,DRUG003,Insulin Glargine 10ml,Pharmaceuticals,North America,1465,25.0,1.16,0,Medium,95.14
2024-07-03,DRUG003,Insulin Glargine 10ml,Pharmaceuticals,Europe,782,25.0,1.17,0,High,96.97
2024-07-03,SUPP001,Surgical Masks Box,Medical Supplies,North America,1476,10.0,1.09,0,Medium,100.49
2024-07-03,SUPP001,Surgical Masks Box,Medical Supplies,Europe,884,10.0,0.98,0,Low,101.94
2024-07-03,SUPP002,Surgical Gloves Box,Medical Supplies,North America,1002,12.5,1.02,0,Medium,101.45
2024-07-03,SUPP002,Surgical Gloves Box,Medical Supplies,Europe,977,12.5,1.19,0,Medium,99.79
2024-07-04,DRUG001,Atorvastatin 20mg,Pharmaceuticals,North America,881,1.25,1.01,0,Low,99.62
2024-07-04,DRUG001,Atorvastatin 20mg,Pharmaceuticals,Europe,972,1.25,0.98,0,Low,101.14
2024-07-04,DRUG002,Amoxicillin 500mg,Pharmaceuticals,North America,1647,0.85,1.06,0,Medium,102.71
2024-07-04,DRUG002,Amoxicillin 500mg,Pharmaceuticals,Europe,682,0.85,1.05,0,High,95.54
2024-07-04,DRUG003,Insulin Glargine 10ml,Pharmaceuticals,North America,921,25.0,1.08,0,Medium,100.59
2024-07-04,DRUG003,Insulin Glargine 10ml,Pharmaceuticals,Europe,660,25.0,1.05,0,Medium,96.62
2024-07-04,SUPP001,Surgical Masks Box,Medical Supplies,North America,902,10.0,1.11,0,Medium,100.72
2024-07-04,SUPP001,Surgical Masks Box,Medical Supplies,Europe,818,10.0,1.07,0,Low,103.97
2024-07-04,SUPP002,Surgical Gloves Box,Medical Supplies,North America,1483,12.5,1.04,0,Medium,95.54
2024-07-04,SUPP002,Surgical Gloves Box,Medical Supplies,Europe,1244,12.5,1.17,0,Low,95.88
2024-07-05,DRUG001,Atorvastatin 20mg,Pharmaceuticals,North America,1290,1.25,1.11,1,Low,100.61
2024-07-05,DRUG001,Atorvastatin 20mg,Pharmaceuticals,Europe,1314,1.25,1.09,1,Low,104.56
2024-07-05,DRUG002,Amoxicillin 500mg,Pharmaceuticals,North America,1129,0.85,1.09,0,Low,95.78
2024-07-05,DRUG002,Amoxicillin 500mg,Pharmaceuticals,Europe,827,0.85,0.92,0,Medium,104.06
2024-07-05,DRUG003,Insulin Glargine 10ml,Pharmaceuticals,North America,773,25.0,0.96,0,Medium,103.16
2024-07-05,DRUG003,Insulin Glargine 10ml,Pharmaceuticals,Europe,983,25.0,1.2,0,Low,97.35
2024-07-05,SUPP001,Surgical Masks Box,Medical Supplies,North America,1146,10.0,0.93,0,Medium,101.67
2024-07-05,SUPP001,Surgical Masks Box,Medical Supplies,Europe,1027,10.0,0.98,0,Low,104.26
2024-07-05,SUPP002,Surgical Gloves Box,Medical Supplies,North America,682,12.5,1.06,0,Medium,101.61
2024-07-05,SUPP002,Surgical Gloves Box,Medical Supplies,Europe,836,12.5,1.01,0,High,103.19
2024-07-06,DRUG001,Atorvastatin 20mg,Pharmaceuticals,North America,972,1.25,1.09,0,Medium,100.34
2024-07-06,DRUG001,Atorvastatin 20mg,Pharmaceuticals,Europe,767,1.25,0.96,0,Medium,98.23
2024-07-06,DRUG002,Amoxicillin 500mg,Pharmaceuticals,North America,1244,0.85,1.12,0,High,101.88
2024-07-06,DRUG002,Amoxicillin 500mg,Pharmaceuticals,Europe,736,0.85,1.0,0,Medium,97.12
2024-07-06,DRUG003,Insulin Glargine 10ml,Pharmaceuticals,North America,1633,25.0,1.06,0,Medium,96.99
2024-07-06,DRUG003,Insulin Glargine 10ml,Pharmaceuticals,Europe,871,25.0,1.02,0,Medium,101.54
2024-07-06,SUPP001,Surgical Masks Box,Medical Supplies,North America,1119,10.0,0.93,0,Low,97.29
2024-07-06,SUPP001,Surgical Masks Box,Medical Supplies,Europe,981,10.0,1.09,0,Low,97.93
2024-07-06,SUPP002,Surgical Gloves Box,Medical Supplies,North America,1227,12.5,1.14,0,Medium,95.3
2024-07-06,SUPP002,Surgical Gloves Box,Medical Supplies,Europe,1111,12.5,0.99,0,Medium,96.5
2024-07-07,DRUG001,Atorvastatin 20mg,Pharmaceuticals,North America,590,1.25,1.02,0,Low,104.37
2024-07-07,DRUG001,Atorvastatin 20mg,Pharmaceuticals,Europe,916,1.25,1.07,0,Medium,101.61
2024-07-07,DRUG002,Amoxicillin 500mg,Pharmaceuticals,North America,960,0.85,1.08,0,Low,99.45
2024-07-07,DRUG002,Amoxicillin 500mg,Pharmaceuticals,Europe,999,0.85,1.12,1,Low,100.43
2024-07-07,DRUG003,Insulin Glargine 10ml,Pharmaceuticals,North America,871,25.0,0.94,0,High,96.59
2024-07-07,DRUG003,Insulin Glargine 10ml,Pharmaceuticals,Europe,1272,25.0,1.0,0,High,104.38
2024-07-07,SUPP001,Surgical Masks Box,Medical Supplies,North America,1214,10.0,0.95,0,High,100.1
2024-07-07,SUPP001,Surgical Masks Box,Medical Supplies,Europe,963,10.0,0.96,0,Medium,103.27
2024-07-07,SUPP002,Surgical Gloves Box,Medical Supplies,North America,1061,12.5,1.16,0,Medium,102.59
2024-07-07,SUPP002,Surgical Gloves Box,Medical Supplies,Europe,1322,12.5,1.03,0,Low,101.24
2024-07-08,DRUG001,Atorvastatin 20mg,Pharmaceuticals,North America,882,1.25,0.99,0,Medium,97.59
2024-07-08,DRUG001,Atorvastatin 20mg,Pharmaceuticals,Europe,897,1.25,0.94,0,High,95.2
2024-07-08,DRUG002,Amoxicillin 500mg,Pharmaceuticals,North America,1181,0.85,0.98,0,Low,95.85
2024-07-08,DRUG002,Amoxicillin 500mg,Pharmaceuticals,Europe,952,0.85,1.17,1,High,103.52
2024-07-08,DRUG003,Insulin Glargine 10ml,Pharmaceuticals,North America,1130,25.0,1.15,0,Low,101.41
2024-07-08,DRUG003,Insulin Glargine 10ml,Pharmaceuticals,Europe,1281,25.0,1.16,0,High,99.74
2024-07-08,SUPP001,Surgical Masks Box,Medical Supplies,North America,1659,10.0,1.16,0,Medium,100.27
2024-07-08,SUPP001,Surgical Masks Box,Medical Supplies,Europe,1103,10.0,0.91,0,Low,104.28
2024-07-08,SUPP002,Surgical Gloves Box,Medical Supplies,North America,974,12.5,1.18,1,Medium,100.89
2024-07-08,SUPP002,Surgical Gloves Box,Medical Supplies,Europe,741,12.5,0.98,0,Low,102.86
2024-07-09,DRUG001,Atorvastatin 20mg,Pharmaceuticals,North America,1351,1.25,1.01,0,Medium,103.02
2024-07-09,DRUG001,Atorvastatin 20mg,Pharmaceuticals,Europe,631,1.25,0.96,0,Low,95.76
2024-07-09,DRUG002,Amoxicillin 500mg,Pharmaceuticals,North America,630,0.85,0.92,0,Medium,96.35
2024-07-09,DRUG002,Amoxicillin 500mg,Pharmaceuticals,Europe,1124,0.85,0.92,0,Medium,101.68
2024-07-09,DRUG003,Insulin Glargine 10ml,Pharmaceuticals,North America,711,25.0,1.09,0,Medium,103.01
2024-07-09,DRUG003,Insulin Glargine 10ml,Pharmaceuticals,Europe,1114,25.0,1.0,0,High,97.12
2024-07-09,SUPP001,Surgical Masks Box,Medical Supplies,North America,1311,10.0,1.11,0,Low,98.52
2024-07-09,SUPP001,Surgical Masks Box,Medical Supplies,Europe,689,10.0,0.94,0,Low,101.89
2024-07-09,SUPP002,Surgical Gloves Box,Medical Supplies,North America,1164,12.5,1.17,1,Medium,95.47
2024-07-09,SUPP002,Surgical Gloves Box,Medical Supplies,Europe,975,12.5,0.99,0,Low,98.0
2024-07-10,DRUG001,Atorvastatin 20mg,Pharmaceuticals,North America,988,1.25,0.96,0,Medium,98.51
2024-07-10,DRUG001,Atorvastatin 20mg,Pharmaceuticals,Europe,794,1.25,1.06,0,Low,102.91
2024-07-10,DRUG002,Amoxicillin 500mg,Pharmaceuticals,North America,984,0.85,1.08,1,Medium,96.59
2024-07-10,DRUG002,Amoxicillin 500mg,Pharmaceuticals,Europe,871,0.85,1.06,0,Medium,96.97
2024-07-10,DRUG003,Insulin Glargine 10ml,Pharmaceuticals,North America,641,25.0,1.12,0,Low,103.9
2024-07-10,DRUG003,Insulin Glargine 10ml,Pharmaceuticals,Europe,1000,25.0,1.08,0,Low,101.32
2024-07-10,SUPP001,Surgical Masks Box,Medical Supplies,North America,1227,10.0,0.91,0,High,104.65
2024-07-10,SUPP001,Surgical Masks Box,Medical Supplies,Europe,929,10.0,0.91,0,Low,102.01
2024-07-10,SUPP002,Surgical Gloves Box,Medical Supplies,North America,810,12.5,1.05,0,Medium,99.29
2024-07-10,SUPP002,Surgical Gloves Box,Medical Supplies,Europe,1283,12.5,0.9,0,Low,102.65
2024-07-11,DRUG001,Atorvastatin 20mg,Pharmaceuticals,North America,1251,1.25,1.09,0,Low,97.67
2024-07-11,DRUG001,Atorvastatin 20mg,Pharmaceuticals,Europe,649,1.25,1.16,0,Low,101.1
2024-07-11,DRUG002,Amoxicillin 500mg,Pharmaceuticals,North America,852,0.85,1.1,0,Low,101.22
2024-07-11,DRUG002,Amoxicillin 500mg,Pharmaceuticals,Europe,1330,0.85,1.14,1,Low,101.6
2024-07-11,DRUG003,Insulin Glargine 10ml,Pharmaceuticals,North America,959,25.0,1.08,0,Low,97.61
2024-07-11,DRUG003,Insulin Glargine 10ml,Pharmaceuticals,Europe,992,25.0,1.01,0,Low,100.53
2024-07-11,SUPP001,Surgical Masks Box,Medical Supplies,North America,1200,10.0,1.16,0,Medium,101.49
2024-07-11,SUPP001,Surgical Masks Box,Medical Supplies,Europe,612,10.0,1.07,0,Medium,95.28
2024-07-11,SUPP002,Surgical Gloves Box,Medical Supplies,North America,1167,12.5,0.91,0,Medium,102.59
2024-07-11,SUPP002,Surgical Gloves Box,Medical Supplies,Europe,332,12.5,0.93,1,Medium,98.63
2024-07-12,DRUG001,Atorvastatin 20mg,Pharmaceuticals,North America,1134,1.25,1.16,0,Medium,98.58
2024-07-12,DRUG001,Atorvastatin 20mg,Pharmaceuticals,Europe,535,1.25,1.02,0,Medium,98.59
2024-07-12,DRUG002,Amoxicillin 500mg,Pharmaceuticals,North America,852,0.85,1.16,0,Low,104.07
2024-07-12,DRUG002,Amoxicillin 500mg,Pharmaceuticals,Europe,651,0.85,0.92,0,Low,96.16
2024-07-12,DRUG003,Insulin Glargine 10ml,Pharmaceuticals,North America,1076,25.0,1.08,0,Medium,102.57
2024-07-12,DRUG003,Insulin Glargine 10ml,Pharmaceuticals,Europe,804,25.0,0.96,0,Medium,104.44
2024-07-12,SUPP001,Surgical Masks Box,Medical Supplies,North America,1379,10.0,0.98,0,Low,104.6
2024-07-12,SUPP001,Surgical Masks Box,Medical Supplies,Europe,1242,10.0,0.93,0,Low,99.27
2024-07-12,SUPP002,Surgical Gloves Box,Medical Supplies,North America,1075,12.5,1.17,0,Medium,95.42
2024-07-12,SUPP002,Surgical Gloves Box,Medical Supplies,Europe,875,12.5,1.02,0,Low,101.45
2024-07-13,DRUG001,Atorvastatin 20mg,Pharmaceuticals,North America,1373,1.25,1.18,1,Medium,99.95
2024-07-13,DRUG001,Atorvastatin 20mg,Pharmaceuticals,Europe,1292,1.25,1.0,0,Medium,104.33
2024-07-13,DRUG002,Amoxicillin 500mg,Pharmaceuticals,North America,766,0.85,0.99,0,Low,99.56
2024-07-13,DRUG002,Amoxicillin 500mg,Pharmaceuticals,Europe,679,0.85,1.03,0,Medium,100.13
2024-07-13,DRUG003,Insulin Glargine 10ml,Pharmaceuticals,North America,1005,25.0,1.19,1,Medium,100.15
2024-07-13,DRUG003,Insulin Glargine 10ml,Pharmaceuticals,Europe,776,25.0,0.99,1,Low,99.53
2024-07-13,SUPP001,Surgical Masks Box,Medical Supplies,North America,1035,10.0,1.07,0,Low,103.15
2024-07-13,SUPP001,Surgical Masks Box,Medical Supplies,Europe,938,10.0,0.9,0,Medium,104.08
2024-07-13,SUPP002,Surgical Gloves Box,Medical Supplies,North America,1072,12.5,1.06,0,Low,99.24
2024-07-13,SUPP002,Surgical Gloves Box,Medical Supplies,Europe,532,12.5,0.95,0,Low,104.76
2024-07-14,DRUG001,Atorvastatin 20mg,Pharmaceuticals,North America,761,1.25,1.07,0,Low,99.4
2024-07-14,DRUG001,Atorvastatin 20mg,Pharmaceuticals,Europe,1095,1.25,1.03,0,Medium,98.29
2024-07-14,DRUG002,Amoxicillin 500mg,Pharmaceuticals,North America,1556,0.85,0.98,0,Medium,101.02
2024-07-14,DRUG002,Amoxicillin 500mg,Pharmaceuticals,Europe,540,0.85,0.95,0,Medium,98.63
2024-07-14,DRUG003,Insulin Glargine 10ml,Pharmaceuticals,North America,787,25.0,1.04,0,Low,98.38
2024-07-14,DRUG003,Insulin Glargine 10ml,Pharmaceuticals,Europe,1100,25.0,0.95,0,Medium,96.49
2024-07-14,SUPP001,Surgical Masks Box,Medical Supplies,North America,1402,10.0,1.15,0,Low,102.2
2024-07-14,SUPP001,Surgical Masks Box,Medical Supplies,Europe,993,10.0,0.97,0,Medium,101.79
2024-07-14,SUPP002,Surgical Gloves Box,Medical Supplies,North America,1138,12.5,1.08,0,High,102.29
2024-07-14,SUPP002,Surgical Gloves Box,Medical Supplies,Europe,1109,12.5,1.07,0,Low,99.19
2024-07-15,DRUG001,Atorvastatin 20mg,Pharmaceuticals,North America,713,1.25,1.05,0,High,96.46
2024-07-15,DRUG001,Atorvastatin 20mg,Pharmaceuticals,Europe,620,1.25,1.04,0,Medium,98.61
2024-07-15,DRUG002,Amoxicillin 500mg,Pharmaceuticals,North America,1358,0.85,1.2,0,Medium,95.14
2024-07-15,DRUG002,Amoxicillin 500mg,Pharmaceuticals,Europe,974,0.85,1.16,1,Medium,102.54
2024-07-15,DRUG003,Insulin Glargine 10ml,Pharmaceuticals,North America,448,25.0,1.16,0,Medium,101.59
2024-07-15,DRUG003,Insulin Glargine 10ml,Pharmaceuticals,Europe,1032,25.0,1.16,0,Low,99.67
2024-07-15,SUPP001,Surgical Masks Box,Medical Supplies,North America,1012,10.0,1.18,0,Medium,98.49
2024-07-15,SUPP001,Surgical Masks Box,Medical Supplies,Europe,1109,10.0,0.99,0,Medium,102.99
2024-07-15,SUPP002,Surgical Gloves Box,Medical Supplies,North America,766,12.5,1.11,0,Low,99.13
2024-07-15,SUPP002,Surgical Gloves Box,Medical Supplies,Europe,1323,12.5,1.17,0,Low,98.52
2024-07-16,DRUG001,Atorvastatin 20mg,Pharmaceuticals,North America,1068,1.25,0.94,0,Low,100.98
2024-07-16,DRUG001,Atorvastatin 20mg,Pharmaceuticals,Europe,560,1.25,0.94,1,Medium,103.22
2024-07-16,DRUG002,Amoxicillin 500mg,Pharmaceuticals,North America,1229,0.85,1.15,0,Medium,97.66
2024-07-16,DRUG002,Amoxicillin 500mg,Pharmaceuticals,Europe,1287,0.85,1.14,1,High,96.15
2024-07-16,DRUG003,Insulin Glargine 10ml,Pharmaceuticals,North America,572,25.0,0.94,0,Low,104.92
2024-07-16,DRUG003,Insulin Glargine 10ml,Pharmaceuticals,Europe,588,25.0,1.07,0,Medium,101.62
2024-07-16,SUPP001,Surgical Masks Box,Medical Supplies,North America,1030,10.0,0.92,0,High,98.87
2024-07-16,SUPP001,Surgical Masks Box,Medical Supplies,Europe,1158,10.0,1.08,0,Low,103.75
2024-07-16,SUPP002,Surgical Gloves Box,Medical Supplies,North America,679,12.5,1.02,1,Low,103.19
2024-07-16,SUPP002,Surgical Gloves Box,Medical Supplies,Europe,671,12.5,1.0,0,High,98.49
2024-07-17,DRUG001,Atorvastatin 20mg,Pharmaceuticals,North America,825,1.25,0.98,0,Low,95.74
2024-07-17,DRUG001,Atorvastatin 20mg,Pharmaceuticals,Europe,1127,1.25,1.16,0,Medium,101.12
2024-07-17,DRUG002,Amoxicillin 500mg,Pharmaceuticals,North America,1388,0.85,1.06,0,Medium,102.03
2024-07-17,DRUG002,Amoxicillin 500mg,Pharmaceuticals,Europe,1221,0.85,1.0,0,Low,100.49
2024-07-17,DRUG003,Insulin Glargine 10ml,Pharmaceuticals,North America,1184,25.0,1.02,0,Low,100.72
2024-07-17,DRUG003,Insulin Glargine 10ml,Pharmaceuticals,Europe,359,25.0,1.07,0,Medium,103.0
2024-07-17,SUPP001,Surgical Masks Box,Medical Supplies,North America,1198,10.0,1.17,0,Medium,101.13
2024-07-17,SUPP001,Surgical Masks Box,Medical Supplies,Europe,882,10.0,1.06,1,Low,96.54
2024-07-17,SUPP002,Surgical Gloves Box,Medical Supplies,North America,1243,12.5,0.96,1,Medium,103.5
2024-07-17,SUPP002,Surgical Gloves Box,Medical Supplies,Europe,549,12.5,0.97,0,Low,97.58
2024-07-18,DRUG001,Atorvastatin 20mg,Pharmaceuticals,North America,1202,1.25,1.02,0,Medium,95.47
2024-07-18,DRUG001,Atorvastatin 20mg,Pharmaceuticals,Europe,995,1.25,1.05,0,High,102.53
2024-07-18,DRUG002,Amoxicillin 500mg,Pharmaceuticals,North America,1451,0.85,0.93,0,High,103.22
2024-07-18,DRUG002,Amoxicillin 500mg,Pharmaceuticals,Europe,608,0.85,0.99,0,Medium,104.68
2024-07-18,DRUG003,Insulin Glargine 10ml,Pharmaceuticals,North America,934,25.0,1.13,1,Low,103.3
2024-07-18,DRUG003,Insulin Glargine 10ml,Pharmaceuticals,Europe,1197,25.0,0.98,0,Low,100.07
2024-07-18,SUPP001,Surgical Masks Box,Medical Supplies,North America,1029,10.0,0.94,0,Medium,100.83
2024-07-18,SUPP001,Surgical Masks Box,Medical Supplies,Europe,1365,10.0,1.07,0,Medium,104.09
2024-07-18,SUPP002,Surgical Gloves Box,Medical Supplies,North America,1544,12.5,1.17,0,Medium,102.21
2024-07-18,SUPP002,Surgical Gloves Box,Medical Supplies,Europe,1026,12.5,0.98,0,High,97.96
2024-07-19,DRUG001,Atorvastatin 20mg,Pharmaceuticals,North America,1075,1.25,1.03,0,Medium,103.38
2024-07-19,DRUG001,Atorvastatin 20mg,Pharmaceuticals,Europe,1247,1.25,1.04,1,Medium,101.6
2024-07-19,DRUG002,Amoxicillin 500mg,Pharmaceuticals,North America,807,0.85,1.15,0,High,103.66
2024-07-19,DRUG002,Amoxicillin 500mg,Pharmaceuticals,Europe,1125,0.85,0.92,0,Medium,100.18
2024-07-19,DRUG003,Insulin Glargine 10ml,Pharmaceuticals,North America,966,25.0,1.07,0,High,103.07
2024-07-19,DRUG003,Insulin Glargine 10ml,Pharmaceuticals,Europe,970,25.0,1.14,0,Low,100.5
2024-07-19,SUPP001,Surgical Masks Box,Medical Supplies,North America,735,10.0,1.1,0,Low,99.67
2024-07-19,SUPP001,Surgical Masks Box,Medical Supplies,Europe,887,10.0,1.1,0,Medium,103.16
2024-07-19,SUPP002,Surgical Gloves Box,Medical Supplies,North America,1288,12.5,1.16,1,Low,96.73
2024-07-19,SUPP002,Surgical Gloves Box,Medical Supplies,Europe,1462,12.5,1.15,0,High,95.23
2024-07-20,DRUG001,Atorvastatin 20mg,Pharmaceuticals,North America,1048,1.25,1.13,0,High,97.28
2024-07-20,DRUG001,Atorvastatin 20mg,Pharmaceuticals,Europe,1226,1.25,0.98,0,High,99.56
2024-07-20,DRUG002,Amoxicillin 500mg,Pharmaceuticals,North America,1358,0.85,1.16,0,Medium,102.1
2024-07-20,DRUG002,Amoxicillin 500mg,Pharmaceuticals,Europe,1334,0.85,1.13,0,Low,95.75
2024-07-20,DRUG003,Insulin Glargine 10ml,Pharmaceuticals,North America,988,25.0,1.08,1,Low,102.61
2024-07-20,DRUG003,Insulin Glargine 10ml,Pharmaceuticals,Europe,295,25.0,1.06,0,Medium,104.67
2024-07-20,SUPP001,Surgical Masks Box,Medical Supplies,North America,1006,10.0,0.92,0,Medium,103.41
2024-07-20,SUPP001,Surgical Masks Box,Medical Supplies,Europe,679,10.0,1.12,0,High,98.03
2024-07-20,SUPP002,Surgical Gloves Box,Medical Supplies,North America,949,12.5,1.17,0,High,97.14
2024-07-20,SUPP002,Surgical Gloves Box,Medical Supplies,Europe,1489,12.5,1.1,0,Medium,100.04
2024-07-21,DRUG001,Atorvastatin 20mg,Pharmaceuticals,North America,1261,1.25,1.15,0,High,96.82
2024-07-21,DRUG001,Atorvastatin 20mg,Pharmaceuticals,Europe,868,1.25,1.02,0,High,102.49
2024-07-21,DRUG002,Amoxicillin 500mg,Pharmaceuticals,North America,1407,0.85,0.96,0,Low,97.38
2024-07-21,DRUG002,Amoxicillin 500mg,Pharmaceuticals,Europe,671,0.85,1.16,0,Low,97.42
2024-07-21,DRUG003,Insulin Glargine 10ml,Pharmaceuticals,North America,466,25.0,1.11,0,Low,104.39
2024-07-21,DRUG003,Insulin Glargine 10ml,Pharmaceuticals,Europe,1064,25.0,0.98,0,Low,97.41
2024-07-21,SUPP001,Surgical Masks Box,Medical Supplies,North America,790,10.0,1.16,0,Medium,99.57
2024-07-21,SUPP001,Surgical Masks Box,Medical Supplies,Europe,700,10.0,1.05,0,Low,98.31
2024-07-21,SUPP002,Surgical Gloves Box,Medical Supplies,North America,790,12.5,0.93,0,Low,98.93
2024-07-21,SUPP002,Surgical Gloves Box,Medical Supplies,Europe,997,12.5,0.94,0,Low,95.68
2024-07-22,DRUG001,Atorvastatin 20mg,Pharmaceuticals,North America,843,1.25,1.11,0,Low,96.27
2024-07-22,DRUG001,Atorvastatin 20mg,Pharmaceuticals,Europe,936,1.25,0.97,0,High,103.35
2024-07-22,DRUG002,Amoxicillin 500mg,Pharmaceuticals,North America,1007,0.85,0.98,0,Medium,96.32
2024-07-22,DRUG002,Amoxicillin 500mg,Pharmaceuticals,Europe,969,0.85,1.03,0,Medium,104.78
2024-07-22,DRUG003,Insulin Glargine 10ml,Pharmaceuticals,North America,1200,25.0,1.01,0,Medium,105.0
2024-07-22,DRUG003,Insulin Glargine 10ml,Pharmaceuticals,Europe,1209,25.0,1.02,1,Low,97.97
2024-07-22,SUPP001,Surgical Masks Box,Medical Supplies,North America,970,10.0,1.14,0,High,100.45
2024-07-22,SUPP001,Surgical Masks Box,Medical Supplies,Europe,614,10.0,1.04,0,Low,102.74
2024-07-22,SUPP002,Surgical Gloves Box,Medical Supplies,North America,756,12.5,1.08,1,Medium,101.49
2024-07-22,SUPP002,Surgical Gloves Box,Medical Supplies,Europe,714,12.5,1.13,0,High,99.18
2024-07-23,DRUG001,Atorvastatin 20mg,Pharmaceuticals,North America,854,1.25,0.97,0,Low,96.81
2024-07-23,DRUG001,Atorvastatin 20mg,Pharmaceuticals,Europe,684,1.25,1.1,0,Medium,98.44
2024-07-23,DRUG002,Amoxicillin 500mg,Pharmaceuticals,North America,856,0.85,1.07,0,Medium,98.24
2024-07-23,DRUG002,Amoxicillin 500mg,Pharmaceuticals,Europe,1104,0.85,1.14,0,Medium,96.76
2024-07-23,DRUG003,Insulin Glargine 10ml,Pharmaceuticals,North America,1117,25.0,1.03,1,Low,104.52
2024-07-23,DRUG003,Insulin Glargine 10ml,Pharmaceuticals,Europe,937,25.0,1.18,0,Low,99.0
2024-07-23,SUPP001,Surgical Masks Box,Medical Supplies,North America,880,10.0,1.15,0,High,103.27
2024-07-23,SUPP001,Surgical Masks Box,Medical Supplies,Europe,629,10.0,1.17,0,Low,95.83
2024-07-23,SUPP002,Surgical Gloves Box,Medical Supplies,North America,987,12.5,0.92,0,Low,103.1
2024-07-23,SUPP002,Surgical Gloves Box,Medical Supplies,Europe,1221,12.5,1.12,0,Low,104.11
2024-07-24,DRUG001,Atorvastatin 20mg,Pharmaceuticals,North America,1170,1.25,0.92,0,Low,100.66
2024-07-24,DRUG001,Atorvastatin 20mg,Pharmaceuticals,Europe,625,1.25,1.09,0,Low,103.51
2024-07-24,DRUG002,Amoxicillin 500mg,Pharmaceuticals,North America,948,0.85,1.03,0,Low,104.97
2024-07-24,DRUG002,Amoxicillin 500mg,Pharmaceuticals,Europe,927,0.85,1.01,0,Low,101.8
2024-07-24,DRUG003,Insulin Glargine 10ml,Pharmaceuticals,North America,1200,25.0,0.97,0,High,102.39
2024-07-24,DRUG003,Insulin Glargine 10ml,Pharmaceuticals,Europe,600,25.0,0.95,0,Medium,95.91
2024-07-24,SUPP001,Surgical Masks Box,Medical Supplies,North America,493,10.0,1.04,0,Low,96.23
2024-07-24,SUPP001,Surgical Masks Box,Medical Supplies,Europe,927,10.0,0.98,1,Medium,95.19
2024-07-24,SUPP002,Surgical Gloves Box,Medical Supplies,North America,553,12.5,1.09,0,High,97.19
2024-07-24,SUPP002,Surgical Gloves Box,Medical Supplies,Europe,817,12.5,1.08,0,High,99.07
2024-07-25,DRUG001,Atorvastatin 20mg,Pharmaceuticals,North America,659,1.25,1.03,0,High,102.19
2024-07-25,DRUG001,Atorvastatin 20mg,Pharmaceuticals,Europe,1322,1.25,1.01,0,Low,96.03
2024-07-25,DRUG002,Amoxicillin 500mg,Pharmaceuticals,North America,620,0.85,1.19,0,Medium,101.78
2024-07-25,DRUG002,Amoxicillin 500mg,Pharmaceuticals,Europe,1293,0.85,1.13,0,Low,102.73
2024-07-25,DRUG003,Insulin Glargine 10ml,Pharmaceuticals,North America,713,25.0,1.09,0,High,101.32
2024-07-25,DRUG003,Insulin Glargine 10ml,Pharmaceuticals,Europe,841,25.0,1.2,0,High,96.46
2024-07-25,SUPP001,Surgical Masks Box,Medical Supplies,North America,747,10.0,1.05,0,Low,101.36
2024-07-25,SUPP001,Surgical Masks Box,Medical Supplies,Europe,978,10.0,0.95,0,Medium,104.15
2024-07-25,SUPP002,Surgical Gloves Box,Medical Supplies,North America,1121,12.5,0.91,0,High,95.53
2024-07-25,SUPP002,Surgical Gloves Box,Medical Supplies,Europe,1019,12.5,1.07,0,Medium,95.64
2024-07-26,DRUG001,Atorvastatin 20mg,Pharmaceuticals,North America,889,1.25,1.15,0,Low,97.75
2024-07-26,DRUG001,Atorvastatin 20mg,Pharmaceuticals,Europe,1048,1.25,1.09,1,Low,96.43
2024-07-26,DRUG002,Amoxicillin 500mg,Pharmaceuticals,North America,1319,0.85,1.04,0,Medium,97.61
2024-07-26,DRUG002,Amoxicillin 500mg,Pharmaceuticals,Europe,875,0.85,1.02,0,High,104.24
2024-07-26,DRUG003,Insulin Glargine 10ml,Pharmaceuticals,North America,891,25.0,1.05,0,Medium,100.96
2024-07-26,DRUG003,Insulin Glargine 10ml,Pharmaceuticals,Europe,1463,25.0,1.17,0,Medium,101.85
2024-07-26,SUPP001,Surgical Masks Box,Medical Supplies,North America,1259,10.0,1.18,1,Medium,95.48
2024-07-26,SUPP001,Surgical Masks Box,Medical Supplies,Europe,637,10.0,1.16,0,Low,96.87
2024-07-26,SUPP002,Surgical Gloves Box,Medical Supplies,North America,759,12.5,0.91,0,Medium,96.69
2024-07-26,SUPP002,Surgical Gloves Box,Medical Supplies,Europe,1231,12.5,0.91,0,Medium,95.82
2024-07-27,DRUG001,Atorvastatin 20mg,Pharmaceuticals,North America,657,1.25,0.96,0,Low,96.73
2024-07-27,DRUG001,Atorvastatin 20mg,Pharmaceuticals,Europe,1053,1.25,1.0,0,Medium,95.75
2024-07-27,DRUG002,Amoxicillin 500mg,Pharmaceuticals,North America,1080,0.85,1.13,0,High,96.83
2024-07-27,DRUG002,Amoxicillin 500mg,Pharmaceuticals,Europe,1092,0.85,0.94,0,High,98.08
2024-07-27,DRUG003,Insulin Glargine 10ml,Pharmaceuticals,North America,935,25.0,1.17,1,High,99.96
2024-07-27,DRUG003,Insulin Glargine 10ml,Pharmaceuticals,Europe,1118,25.0,1.16,1,Low,99.19
2024-07-27,SUPP001,Surgical Masks Box,Medical Supplies,North America,707,10.0,1.13,0,Medium,96.22
2024-07-27,SUPP001,Surgical Masks Box,Medical Supplies,Europe,1320,10.0,0.99,0,High,96.94
2024-07-27,SUPP002,Surgical Gloves Box,Medical Supplies,North America,1165,12.5,1.05,0,Low,99.65
2024-07-27,SUPP002,Surgical Gloves Box,Medical Supplies,Europe,1173,12.5,0.9,0,High,96.55
2024-07-28,DRUG001,Atorvastatin 20mg,Pharmaceuticals,North America,1153,1.25,1.16,0,High,98.09
2024-07-28,DRUG001,Atorvastatin 20mg,Pharmaceuticals,Europe,1024,1.25,1.17,1,Medium,98.55
2024-07-28,DRUG002,Amoxicillin 500mg,Pharmaceuticals,North America,471,0.85,0.96,0,Medium,99.63
2024-07-28,DRUG002,Amoxicillin 500mg,Pharmaceuticals,Europe,726,0.85,0.93,0,Low,96.15
2024-07-28,DRUG003,Insulin Glargine 10ml,Pharmaceuticals,North America,592,25.0,0.92,0,Medium,101.15
2024-07-28,DRUG003,Insulin Glargine 10ml,Pharmaceuticals,Europe,1495,25.0,1.01,0,Medium,103.88
2024-07-28,SUPP001,Surgical Masks Box,Medical Supplies,North America,1330,10.0,1.06,0,High,102.73
2024-07-28,SUPP001,Surgical Masks Box,Medical Supplies,Europe,1154,10.0,1.17,0,High,101.22
2024-07-28,SUPP002,Surgical Gloves Box,Medical Supplies,North America,1283,12.5,0.95,0,High,97.88
2024-07-28,SUPP002,Surgical Gloves Box,Medical Supplies,Europe,1128,12.5,1.02,0,Medium,95.39
2024-07-29,DRUG001,Atorvastatin 20mg,Pharmaceuticals,North America,736,1.25,1.12,0,Medium,95.7
2024-07-29,DRUG001,Atorvastatin 20mg,Pharmaceuticals,Europe,753,1.25,1.05,0,High,102.08
2024-07-29,DRUG002,Amoxicillin 500mg,Pharmaceuticals,North America,1095,0.85,1.15,0,Medium,95.52
2024-07-29,DRUG002,Amoxicillin 500mg,Pharmaceuticals,Europe,1528,0.85,1.1,0,Low,95.66
2024-07-29,DRUG003,Insulin Glargine 10ml,Pharmaceuticals,North America,963,25.0,1.16,1,High,103.82
2024-07-29,DRUG003,Insulin Glargine 10ml,Pharmaceuticals,Europe,1107,25.0,1.17,0,Low,101.39
2024-07-29,SUPP001,Surgical Masks Box,Medical Supplies,North America,718,10.0,1.1,0,High,101.09
2024-07-29,SUPP001,Surgical Masks Box,Medical Supplies,Europe,991,10.0,1.07,0,Medium,104.54
2024-07-29,SUPP002,Surgical Gloves Box,Medical Supplies,North America,950,12.5,1.1,0,Low,97.87
2024-07-29,SUPP002,Surgical Gloves Box,Medical Supplies,Europe,667,12.5,0.97,0,High,100.05
2024-07-30,DRUG001,Atorvastatin 20mg,Pharmaceuticals,North America,816,1.25,0.93,1,Medium,104.8
2024-07-30,DRUG001,Atorvastatin 20mg,Pharmaceuticals,Europe,588,1.25,1.0,0,Low,95.76
2024-07-30,DRUG002,Amoxicillin 500mg,Pharmaceuticals,North America,1026,0.85,0.99,0,High,97.48
2024-07-30,DRUG002,Amoxicillin 500mg,Pharmaceuticals,Europe,882,0.85,0.99,0,Medium,103.28
2024-07-30,DRUG003,Insulin Glargine 10ml,Pharmaceuticals,North America,598,25.0,0.95,1,High,104.84
2024-07-30,DRUG003,Insulin Glargine 10ml,Pharmaceuticals,Europe,504,25.0,1.02,0,Medium,99.54
2024-07-30,SUPP001,Surgical Masks Box,Medical Supplies,North America,881,10.0,0.97,0,Medium,98.73
2024-07-30,SUPP001,Surgical Masks Box,Medical Supplies,Europe,1121,10.0,1.01,1,Low,97.48
2024-07-30,SUPP002,Surgical Gloves Box,Medical Supplies,North America,1363,12.5,0.92,0,Low,100.26
2024-07-30,SUPP002,Surgical Gloves Box,Medical Supplies,Europe,1148,12.5,0.98,0,Medium,104.27
2024-07-31,DRUG001,Atorvastatin 20mg,Pharmaceuticals,North America,1094,1.25,1.1,0,Low,104.06
2024-07-31,DRUG001,Atorvastatin 20mg,Pharmaceuticals,Europe,1045,1.25,1.09,1,Low,97.97
2024-07-31,DRUG002,Amoxicillin 500mg,Pharmaceuticals,North America,575,0.85,0.98,0,Medium,98.11
2024-07-31,DRUG002,Amoxicillin 500mg,Pharmaceuticals,Europe,663,0.85,0.92,0,Medium,100.56
2024-07-31,DRUG003,Insulin Glargine 10ml,Pharmaceuticals,North America,1292,25.0,1.07,1,Medium,97.93
2024-07-31,DRUG003,Insulin Glargine 10ml,Pharmaceuticals,Europe,966,25.0,1.01,0,Medium,101.87
2024-07-31,SUPP001,Surgical Masks Box,Medical Supplies,North America,1201,10.0,1.13,0,Medium,104.92
2024-07-31,SUPP001,Surgical Masks Box,Medical Supplies,Europe,650,10.0,1.02,0,High,97.12
2024-07-31,SUPP002,Surgical Gloves Box,Medical Supplies,North America,745,12.5,0.91,0,Low,96.07
2024-07-31,SUPP002,Surgical Gloves Box,Medical Supplies,Europe,1169,12.5,0.96,0,Medium,103.17
2024-08-01,DRUG001,Atorvastatin 20mg,Pharmaceuticals,North America,918,1.25,1.16,0,Medium,102.19
2024-08-01,DRUG001,Atorvastatin 20mg,Pharmaceuticals,Europe,1348,1.25,0.96,0,Medium,96.27
2024-08-01,DRUG002,Amoxicillin 500mg,Pharmaceuticals,North America,591,0.85,0.97,0,Low,104.24
2024-08-01,DRUG002,Amoxicillin 500mg,Pharmaceuticals,Europe,718,0.85,1.1,0,Medium,101.91
2024-08-01,DRUG003,Insulin Glargine 10ml,Pharmaceuticals,North America,1334,25.0,1.15,0,Medium,104.22
2024-08-01,DRUG003,Insulin Glargine 10ml,Pharmaceuticals,Europe,1120,25.0,1.18,0,Low,96.04
2024-08-01,SUPP001,Surgical Masks Box,Medical Supplies,North America,798,10.0,1.08,0,Low,97.08
2024-08-01,SUPP001,Surgical Masks Box,Medical Supplies,Europe,785,10.0,1.13,1,Low,96.33
2024-08-01,SUPP002,Surgical Gloves Box,Medical Supplies,North America,1342,12.5,1.14,0,High,97.17
2024-08-01,SUPP002,Surgical Gloves Box,Medical Supplies,Europe,1160,12.5,0.93,0,High,100.82
2024-08-02,DRUG001,Atorvastatin 20mg,Pharmaceuticals,North America,899,1.25,0.93,0,Low,95.29
2024-08-02,DRUG001,Atorvastatin 20mg,Pharmaceuticals,Europe,1045,1.25,1.17,0,Low,102.8
2024-08-02,DRUG002,Amoxicillin 500mg,Pharmaceuticals,North America,1399,0.85,0.9,0,Low,104.99
2024-08-02,DRUG002,Amoxicillin 500mg,Pharmaceuticals,Europe,1187,0.85,1.1,0,Low,100.99
2024-08-02,DRUG003,Insulin Glargine 10ml,Pharmaceuticals,North America,1331,25.0,0.99,1,Medium,97.96
2024-08-02,DRUG003,Insulin Glargine 10ml,Pharmaceuticals,Europe,1148,25.0,1.0,0,High,102.35
2024-08-02,SUPP001,Surgical Masks Box,Medical Supplies,North America,644,10.0,0.94,0,Medium,102.51
2024-08-02,SUPP001,Surgical Masks Box,Medical Supplies,Europe,1081,10.0,0.97,0,Low,104.18
2024-08-02,SUPP002,Surgical Gloves Box,Medical Supplies,North America,420,12.5,1.0,0,Medium,102.91
2024-08-02,SUPP002,Surgical Gloves Box,Medical Supplies,Europe,1146,12.5,1.19,0,Low,101.83
2024-08-03,DRUG001,Atorvastatin 20mg,Pharmaceuticals,North America,981,1.25,1.16,0,Medium,100.6
2024-08-03,DRUG001,Atorvastatin 20mg,Pharmaceuticals,Europe,1010,1.25,1.11,0,Low,96.22
2024-08-03,DRUG002,Amoxicillin 500mg,Pharmaceuticals,North America,1147,0.85,1.03,0,Medium,98.41
2024-08-03,DRUG002,Amoxicillin 500mg,Pharmaceuticals,Europe,804,0.85,1.12,0,Low,98.33
2024-08-03,DRUG003,Insulin Glargine 10ml,Pharmaceuticals,North America,840,25.0,0.92,0,Medium,101.17
2024-08-03,DRUG003,Insulin Glargine 10ml,Pharmaceuticals,Europe,1125,25.0,0.98,0,Low,95.51
2024-08-03,SUPP001,Surgical Masks Box,Medical Supplies,North America,352,10.0,1.06,1,Low,95.02
2024-08-03,SUPP001,Surgical Masks Box,Medical Supplies,Europe,1071,10.0,0.92,0,Medium,100.81
2024-08-03,SUPP002,Surgical Gloves Box,Medical Supplies,North America,334,12.5,0.99,0,Medium,96.68
2024-08-03,SUPP002,Surgical Gloves Box,Medical Supplies,Europe,976,12.5,1.13,0,Low,100.01
2024-08-04,DRUG001,Atorvastatin 20mg,Pharmaceuticals,North America,928,1.25,1.09,0,High,101.43
2024-08-04,DRUG001,Atorvastatin 20mg,Pharmaceuticals,Europe,584,1.25,1.16,0,High,98.78
2024-08-04,DRUG002,Amoxicillin 500mg,Pharmaceuticals,North America,1103,0.85,0.93,1,Medium,104.93
2024-08-04,DRUG002,Amoxicillin 500mg,Pharmaceuticals,Europe,937,0.85,1.06,0,Low,99.97
2024-08-04,DRUG003,Insulin Glargine 10ml,Pharmaceuticals,North America,1252,25.0,0.95,0,Medium,96.04
2024-08-04,DRUG003,Insulin Glargine 10ml,Pharmaceuticals,Europe,1212,25.0,1.03,0,Low,99.33
2024-08-04,SUPP001,Surgical Masks Box,Medical Supplies,North America,1454,10.0,1.13,0,Medium,95.59
2024-08-04,SUPP001,Surgical Masks Box,Medical Supplies,Europe,1170,10.0,1.06,0,Low,95.12
2024-08-04,SUPP002,Surgical Gloves Box,Medical Supplies,North America,1176,12.5,1.02,1,Medium,104.68
2024-08-04,SUPP002,Surgical Gloves Box,Medical Supplies,Europe,1261,12.5,1.18,0,Medium,101.69
2024-08-05,DRUG001,Atorvastatin 20mg,Pharmaceuticals,North America,1165,1.25,0.95,0,Low,103.18
2024-08-05,DRUG001,Atorvastatin 20mg,Pharmaceuticals,Europe,1178,1.25,1.14,0,Medium,103.27
2024-08-05,DRUG002,Amoxicillin 500mg,Pharmaceuticals,North America,911,0.85,1.04,1,Medium,98.67
2024-08-05,DRUG002,Amoxicillin 500mg,Pharmaceuticals,Europe,962,0.85,0.92,0,High,101.65
2024-08-05,DRUG003,Insulin Glargine 10ml,Pharmaceuticals,North America,697,25.0,1.17,0,Low,103.16
2024-08-05,DRUG003,Insulin Glargine 10ml,Pharmaceuticals,Europe,939,25.0,1.19,0,Medium,98.19
2024-08-05,SUPP001,Surgical Masks Box,Medical Supplies,North America,664,10.0,1.17,0,Medium,100.12
2024-08-05,SUPP001,Surgical Masks Box,Medical Supplies,Europe,1081,10.0,1.08,0,High,99.44
2024-08-05,SUPP002,Surgical Gloves Box,Medical Supplies,North America,1287,12.5,0.94,0,Medium,103.99
2024-08-05,SUPP002,Surgical Gloves Box,Medical Supplies,Europe,1422,12.5,1.16,0,Low,97.95
2024-08-06,DRUG001,Atorvastatin 20mg,Pharmaceuticals,North America,1301,1.25,1.09,0,Low,99.31
2024-08-06,DRUG001,Atorvastatin 20mg,Pharmaceuticals,Europe,1481,1.25,0.93,0,Low,100.73
2024-08-06,DRUG002,Amoxicillin 500mg,Pharmaceuticals,North America,526,0.85,0.99,0,Medium,97.03
2024-08-06,DRUG002,Amoxicillin 500mg,Pharmaceuticals,Europe,765,0.85,1.11,0,High,95.9
2024-08-06,DRUG003,Insulin Glargine 10ml,Pharmaceuticals,North America,1178,25.0,0.94,0,Low,97.45
2024-08-06,DRUG003,Insulin Glargine 10ml,Pharmaceuticals,Europe,1078,25.0,0.99,0,Low,98.82
2024-08-06,SUPP001,Surgical Masks Box,Medical Supplies,North America,1179,10.0,1.2,0,Medium,98.68
2024-08-06,SUPP001,Surgical Masks Box,Medical Supplies,Europe,572,10.0,1.14,0,High,99.18
2024-08-06,SUPP002,Surgical Gloves Box,Medical Supplies,North America,1054,12.5,0.91,0,Low,98.88
2024-08-06,SUPP002,Surgical Gloves Box,Medical Supplies,Europe,1168,12.5,0.95,0,Medium,97.73
2024-08-07,DRUG001,Atorvastatin 20mg,Pharmaceuticals,North America,1056,1.25,1.15,1,Medium,97.0
2024-08-07,DRUG001,Atorvastatin 20mg,Pharmaceuticals,Europe,829,1.25,1.19,1,Low,100.59
2024-08-07,DRUG002,Amoxicillin 500mg,Pharmaceuticals,North America,415,0.85,1.2,0,Medium,97.05
2024-08-07,DRUG002,Amoxicillin 500mg,Pharmaceuticals,Europe,1564,0.85,1.06,0,Low,98.93
2024-08-07,DRUG003,Insulin Glargine 10ml,Pharmaceuticals,North America,567,25.0,1.03,0,High,97.45
2024-08-07,DRUG003,Insulin Glargine 10ml,Pharmaceuticals,Europe,1113,25.0,1.1,0,Low,100.49
2024-08-07,SUPP001,Surgical Masks Box,Medical Supplies,North America,995,10.0,1.14,0,Medium,98.07
2024-08-07,SUPP001,Surgical Masks Box,Medical Supplies,Europe,1528,10.0,0.98,0,Low,103.15
2024-08-07,SUPP002,Surgical Gloves Box,Medical Supplies,North America,536,12.5,1.09,1,Low,96.09
2024-08-07,SUPP002,Surgical Gloves Box,Medical Supplies,Europe,1038,12.5,1.15,0,Low,98.48
2024-08-08,DRUG001,Atorvastatin 20mg,Pharmaceuticals,North America,1739,1.25,1.05,1,Medium,104.84
2024-08-08,DRUG001,Atorvastatin 20mg,Pharmaceuticals,Europe,645,1.25,1.04,0,High,95.04
2024-08-08,DRUG002,Amoxicillin 500mg,Pharmaceuticals,North America,582,0.85,0.97,0,Low,101.73
2024-08-08,DRUG002,Amoxicillin 500mg,Pharmaceuticals,Europe,821,0.85,1.01,0,Medium,100.43
2024-08-08,DRUG003,Insulin Glargine 10ml,Pharmaceuticals,North America,1130,25.0,1.16,0,Low,102.61
2024-08-08,DRUG003,Insulin Glargine 10ml,Pharmaceuticals,Europe,774,25.0,0.96,0,Medium,97.4
2024-08-08,SUPP001,Surgical Masks Box,Medical Supplies,North America,1165,10.0,0.95,0,Medium,95.79
2024-08-08,SUPP001,Surgical Masks Box,Medical Supplies,Europe,914,10.0,1.12,0,Low,102.26
2024-08-08,SUPP002,Surgical Gloves Box,Medical Supplies,North America,1474,12.5,1.11,0,Low,99.71
2024-08-08,SUPP002,Surgical Gloves Box,Medical Supplies,Europe,897,12.5,1.18,0,Medium,95.12
2024-08-09,DRUG001,Atorvastatin 20mg,Pharmaceuticals,North America,1228,1.25,1.11,1,Low,97.62
2024-08-09,DRUG001,Atorvastatin 20mg,Pharmaceuticals,Europe,1468,1.25,1.2,0,Medium,102.25
2024-08-09,DRUG002,Amoxicillin 500mg,Pharmaceuticals,North America,676,0.85,0.96,0,Low,101.62
2024-08-09,DRUG002,Amoxicillin 500mg,Pharmaceuticals,Europe,1216,0.85,1.05,0,Low,104.48
2024-08-09,DRUG003,Insulin Glargine 10ml,Pharmaceuticals,North America,1860,25.0,1.18,0,High,96.06
2024-08-09,DRUG003,Insulin Glargine 10ml,Pharmaceuticals,Europe,1113,25.0,1.15,0,High,103.56
2024-08-09,SUPP001,Surgical Masks Box,Medical Supplies,North America,812,10.0,1.12,0,Medium,96.1
2024-08-09,SUPP001,Surgical Masks Box,Medical Supplies,Europe,530,10.0,1.17,0,Medium,96.17
2024-08-09,SUPP002,Surgical Gloves Box,Medical Supplies,North America,807,12.5,1.05,0,High,95.08
2024-08-09,SUPP002,Surgical Gloves Box,Medical Supplies,Europe,538,12.5,1.13,0,Medium,97.08
2024-08-10,DRUG001,Atorvastatin 20mg,Pharmaceuticals,North America,1239,1.25,0.95,0,Low,95.66
2024-08-10,DRUG001,Atorvastatin 20mg,Pharmaceuticals,Europe,1690,1.25,0.9,0,Medium,98.16
2024-08-10,DRUG002,Amoxicillin 500mg,Pharmaceuticals,North America,739,0.85,1.07,0,Medium,102.41
2024-08-10,DRUG002,Amoxicillin 500mg,Pharmaceuticals,Europe,888,0.85,1.08,0,Medium,97.52
2024-08-10,DRUG003,Insulin Glargine 10ml,Pharmaceuticals,North America,1061,25.0,1.05,1,Medium,98.29
2024-08-10,DRUG003,Insulin Glargine 10ml,Pharmaceuticals,Europe,1093,25.0,0.93,0,High,103.67
2024-08-10,SUPP001,Surgical Masks Box,Medical Supplies,North America,529,10.0,1.1,0,Medium,99.76
2024-08-10,SUPP001,Surgical Masks Box,Medical Supplies,Europe,1462,10.0,1.1,0,Medium,95.22
2024-08-10,SUPP002,Surgical Gloves Box,Medical Supplies,North America,887,12.5,1.08,1,High,102.83
2024-08-10,SUPP002,Surgical Gloves Box,Medical Supplies,Europe,1337,12.5,0.96,0,Low,103.94
2024-08-11,DRUG001,Atorvastatin 20mg,Pharmaceuticals,North America,1127,1.25,1.08,0,Medium,95.6
2024-08-11,DRUG001,Atorvastatin 20mg,Pharmaceuticals,Europe,723,1.25,1.11,0,Low,104.92
2024-08-11,DRUG002,Amoxicillin 500mg,Pharmaceuticals,North America,1486,0.85,1.06,0,Medium,101.57
2024-08-11,DRUG002,Amoxicillin 500mg,Pharmaceuticals,Europe,1208,0.85,1.2,0,Medium,102.98
2024-08-11,DRUG003,Insulin Glargine 10ml,Pharmaceuticals,North America,773,25.0,1.19,0,Low,99.86
2024-08-11,DRUG003,Insulin Glargine 10ml,Pharmaceuticals,Europe,343,25.0,0.9,0,Low,97.58
2024-08-11,SUPP001,Surgical Masks Box,Medical Supplies,North America,829,10.0,1.1,0,Medium,102.82
2024-08-11,SUPP001,Surgical Masks Box,Medical Supplies,Europe,1246,10.0,0.93,0,Low,95.36
2024-08-11,SUPP002,Surgical Gloves Box,Medical Supplies,North America,250,12.5,1.07,0,Medium,98.35
2024-08-11,SUPP002,Surgical Gloves Box,Medical Supplies,Europe,1003,12.5,0.96,0,Medium,103.29
2024-08-12,DRUG001,Atorvastatin 20mg,Pharmaceuticals,North America,1114,1.25,1.11,0,Low,103.13
2024-08-12,DRUG001,Atorvastatin 20mg,Pharmaceuticals,Europe,1209,1.25,0.97,0,Low,96.95
2024-08-12,DRUG002,Amoxicillin 500mg,Pharmaceuticals,North America,778,0.85,1.03,0,Medium,102.28
2024-08-12,DRUG002,Amoxicillin 500mg,Pharmaceuticals,Europe,1255,0.85,1.01,0,Low,101.92
2024-08-12,DRUG003,Insulin Glargine 10ml,Pharmaceuticals,North America,917,25.0,0.98,0,Low,98.34
2024-08-12,DRUG003,Insulin Glargine 10ml,Pharmaceuticals,Europe,945,25.0,1.02,1,Low,104.72
2024-08-12,SUPP001,Surgical Masks Box,Medical Supplies,North America,1060,10.0,1.18,0,Medium,99.38
2024-08-12,SUPP001,Surgical Masks Box,Medical Supplies,Europe,1049,10.0,1.05,1,Low,95.42
2024-08-12,SUPP002,Surgical Gloves Box,Medical Supplies,North America,1125,12.5,1.14,0,Medium,97.48
2024-08-12,SUPP002,Surgical Gloves Box,Medical Supplies,Europe,1449,12.5,1.17,0,High,95.89
2024-08-13,DRUG001,Atorvastatin 20mg,Pharmaceuticals,North America,1338,1.25,0.94,0,Low,103.55
2024-08-13,DRUG001,Atorvastatin 20mg,Pharmaceuticals,Europe,553,1.25,0.91,0,Medium,104.13
2024-08-13,DRUG002,Amoxicillin 500mg,Pharmaceuticals,North America,1069,0.85,0.99,1,Medium,101.34
2024-08-13,DRUG002,Amoxicillin 500mg,Pharmaceuticals,Europe,1048,0.85,1.03,0,Medium,98.56
2024-08-13,DRUG003,Insulin Glargine 10ml,Pharmaceuticals,North America,1165,25.0,1.11,0,High,101.6
2024-08-13,DRUG003,Insulin Glargine 10ml,Pharmaceuticals,Europe,1362,25.0,0.96,0,Low,95.63
2024-08-13,SUPP001,Surgical Masks Box,Medical Supplies,North America,1776,10.0,0.96,0,High,97.85
2024-08-13,SUPP001,Surgical Masks Box,Medical Supplies,Europe,1399,10.0,0.95,1,Low,101.8
2024-08-13,SUPP002,Surgical Gloves Box,Medical Supplies,North America,1085,12.5,1.02,1,Medium,100.84
2024-08-13,SUPP002,Surgical Gloves Box,Medical Supplies,Europe,541,12.5,1.18,1,Low,103.34
2024-08-14,DRUG001,Atorvastatin 20mg,Pharmaceuticals,North America,1411,1.25,1.01,0,Low,100.73
2024-08-14,DRUG001,Atorvastatin 20mg,Pharmaceuticals,Europe,488,1.25,1.06,0,Medium,104.73
2024-08-14,DRUG002,Amoxicillin 500mg,Pharmaceuticals,North America,951,0.85,1.17,0,Low,100.48
2024-08-14,DRUG002,Amoxicillin 500mg,Pharmaceuticals,Europe,1548,0.85,0.95,0,High,98.61
2024-08-14,DRUG003,Insulin Glargine 10ml,Pharmaceuticals,North America,417,25.0,0.99,0,Medium,95.64
2024-08-14,DRUG003,Insulin Glargine 10ml,Pharmaceuticals,Europe,517,25.0,1.15,0,High,98.77
2024-08-14,SUPP001,Surgical Masks Box,Medical Supplies,North America,789,10.0,1.0,0,Medium,104.05
2024-08-14,SUPP001,Surgical Masks Box,Medical Supplies,Europe,1058,10.0,1.07,1,High,99.54
2024-08-14,SUPP002,Surgical Gloves Box,Medical Supplies,North America,1364,12.5,0.97,0,Medium,102.26
2024-08-14,SUPP002,Surgical Gloves Box,Medical Supplies,Europe,1070,12.5,0.92,0,Low,103.05
2024-08-15,DRUG001,Atorvastatin 20mg,Pharmaceuticals,North America,465,1.25,1.19,0,High,98.64
2024-08-15,DRUG001,Atorvastatin 20mg,Pharmaceuticals,Europe,1021,1.25,1.09,0,Medium,95.38
2024-08-15,DRUG002,Amoxicillin 500mg,Pharmaceuticals,North America,1155,0.85,1.03,1,Low,104.97
2024-08-15,DRUG002,Amoxicillin 500mg,Pharmaceuticals,Europe,920,0.85,1.11,0,Low,104.07
2024-08-15,DRUG003,Insulin Glargine 10ml,Pharmaceuticals,North America,1577,25.0,0.93,0,High,96.78
2024-08-15,DRUG003,Insulin Glargine 10ml,Pharmaceuticals,Europe,1145,25.0,1.12,0,High,104.83
2024-08-15,SUPP001,Surgical Masks Box,Medical Supplies,North America,763,10.0,1.1,0,Medium,97.72
2024-08-15,SUPP001,Surgical Masks Box,Medical Supplies,Europe,912,10.0,1.04,0,Low,95.16
2024-08-15,SUPP002,Surgical Gloves Box,Medical Supplies,North America,1310,12.5,0.97,0,High,97.77
2024-08-15,SUPP002,Surgical Gloves Box,Medical Supplies,Europe,1615,12.5,1.15,0,Low,98.75
2024-08-16,DRUG001,Atorvastatin 20mg,Pharmaceuticals,North America,1525,1.25,0.99,1,Medium,98.73
2024-08-16,DRUG001,Atorvastatin 20mg,Pharmaceuticals,Europe,1017,1.25,0.93,0,Medium,99.95
2024-08-16,DRUG002,Amoxicillin 500mg,Pharmaceuticals,North America,1230,0.85,0.96,0,Low,98.99
2024-08-16,DRUG002,Amoxicillin 500mg,Pharmaceuticals,Europe,1273,0.85,1.13,0,High,104.76
2024-08-16,DRUG003,Insulin Glargine 10ml,Pharmaceuticals,North America,686,25.0,1.01,0,Medium,103.22
2024-08-16,DRUG003,Insulin Glargine 10ml,Pharmaceuticals,Europe,1094,25.0,1.09,0,Medium,103.51
2024-08-16,SUPP001,Surgical Masks Box,Medical Supplies,North America,1184,10.0,1.1,0,High,104.5
2024-08-16,SUPP001,Surgical Masks Box,Medical Supplies,Europe,884,10.0,1.07,0,Low,99.16
2024-08-16,SUPP002,Surgical Gloves Box,Medical Supplies,North America,1025,12.5,1.05,0,Medium,96.18
2024-08-16,SUPP002,Surgical Gloves Box,Medical Supplies,Europe,595,12.5,0.92,0,Medium,98.2
2024-08-17,DRUG001,Atorvastatin 20mg,Pharmaceuticals,North America,755,1.25,0.95,0,High,97.24
2024-08-17,DRUG001,Atorvastatin 20mg,Pharmaceuticals,Europe,632,1.25,1.11,0,Low,98.21
2024-08-17,DRUG002,Amoxicillin 500mg,Pharmaceuticals,North America,966,0.85,1.11,0,Low,104.4
2024-08-17,DRUG002,Amoxicillin 500mg,Pharmaceuticals,Europe,1206,0.85,1.0,0,Low,98.36
2024-08-17,DRUG003,Insulin Glargine 10ml,Pharmaceuticals,North America,1068,25.0,1.0,0,Low,104.82
2024-08-17,DRUG003,Insulin Glargine 10ml,Pharmaceuticals,Europe,767,25.0,0.95,0,Medium,96.72
2024-08-17,SUPP001,Surgical Masks Box,Medical Supplies,North America,797,10.0,1.1,0,Medium,95.47
2024-08-17,SUPP001,Surgical Masks Box,Medical Supplies,Europe,845,10.0,1.16,0,Low,95.72
2024-08-17,SUPP002,Surgical Gloves Box,Medical Supplies,North America,1118,12.5,1.11,0,Medium,104.53
2024-08-17,SUPP002,Surgical Gloves Box,Medical Supplies,Europe,741,12.5,1.05,0,Low,95.99
2024-08-18,DRUG001,Atorvastatin 20mg,Pharmaceuticals,North America,430,1.25,1.06,0,High,105.0
2024-08-18,DRUG001,Atorvastatin 20mg,Pharmaceuticals,Europe,1148,1.25,1.0,0,High,104.96
2024-08-18,DRUG002,Amoxicillin 500mg,Pharmaceuticals,North America,1364,0.85,0.97,0,Medium,102.41
2024-08-18,DRUG002,Amoxicillin 500mg,Pharmaceuticals,Europe,775,0.85,0.96,0,Medium,97.16
2024-08-18,DRUG003,Insulin Glargine 10ml,Pharmaceuticals,North America,1333,25.0,1.19,0,Low,96.35
2024-08-18,DRUG003,Insulin Glargine 10ml,Pharmaceuticals,Europe,1038,25.0,0.92,0,Low,98.38
2024-08-18,SUPP001,Surgical Masks Box,Medical Supplies,North America,1375,10.0,1.01,0,Low,99.38
2024-08-18,SUPP001,Surgical Masks Box,Medical Supplies,Europe,1146,10.0,1.08,0,High,104.0
2024-08-18,SUPP002,Surgical Gloves Box,Medical Supplies,North America,520,12.5,1.18,0,Medium,102.45
2024-08-18,SUPP002,Surgical Gloves Box,Medical Supplies,Europe,944,12.5,0.92,0,Low,96.47
2024-08-19,DRUG001,Atorvastatin 20mg,Pharmaceuticals,North America,653,1.25,1.16,0,Low,95.7
2024-08-19,DRUG001,Atorvastatin 20mg,Pharmaceuticals,Europe,919,1.25,1.08,0,Medium,103.03
2024-08-19,DRUG002,Amoxicillin 500mg,Pharmaceuticals,North America,648,0.85,1.14,0,Low,99.71
2024-08-19,DRUG002,Amoxicillin 500mg,Pharmaceuticals,Europe,1044,0.85,1.18,0,High,95.54
2024-08-19,DRUG003,Insulin Glargine 10ml,Pharmaceuticals,North America,1073,25.0,0.96,0,Low,98.32
2024-08-19,DRUG003,Insulin Glargine 10ml,Pharmaceuticals,Europe,846,25.0,0.98,0,Medium,104.55
2024-08-19,SUPP001,Surgical Masks Box,Medical Supplies,North America,1283,10.0,1.11,0,Low,98.0
2024-08-19,SUPP001,Surgical Masks Box,Medical Supplies,Europe,1326,10.0,1.12,0,High,100.35
2024-08-19,SUPP002,Surgical Gloves Box,Medical Supplies,North America,1300,12.5,0.99,1,High,101.67
2024-08-19,SUPP002,Surgical Gloves Box,Medical Supplies,Europe,782,12.5,0.93,0,Medium,103.51
2024-08-20,DRUG001,Atorvastatin 20mg,Pharmaceuticals,North America,1003,1.25,1.17,0,Low,101.93
2024-08-20,DRUG001,Atorvastatin 20mg,Pharmaceuticals,Europe,759,1.25,1.15,0,Medium,96.3
2024-08-20,DRUG002,Amoxicillin 500mg,Pharmaceuticals,North America,1055,0.85,1.2,0,Medium,104.51
2024-08-20,DRUG002,Amoxicillin 500mg,Pharmaceuticals,Europe,988,0.85,1.03,0,Medium,104.6
2024-08-20,DRUG003,Insulin Glargine 10ml,Pharmaceuticals,North America,1286,25.0,1.03,0,Low,104.83
2024-08-20,DRUG003,Insulin Glargine 10ml,Pharmaceuticals,Europe,1186,25.0,1.05,0,High,99.98
2024-08-20,SUPP001,Surgical Masks Box,Medical Supplies,North America,1053,10.0,0.93,0,High,95.35
2024-08-20,SUPP001,Surgical Masks Box,Medical Supplies,Europe,1369,10.0,1.15,0,Low,98.73
2024-08-20,SUPP002,Surgical Gloves Box,Medical Supplies,North America,1003,12.5,1.03,0,Low,95.86
2024-08-20,SUPP002,Surgical Gloves Box,Medical Supplies,Europe,1285,12.5,0.91,0,Medium,103.76
2024-08-21,DRUG001,Atorvastatin 20mg,Pharmaceuticals,North America,540,1.25,1.14,0,High,97.5
2024-08-21,DRUG001,Atorvastatin 20mg,Pharmaceuticals,Europe,997,1.25,0.95,0,Low,95.36
2024-08-21,DRUG002,Amoxicillin 500mg,Pharmaceuticals,North America,550,0.85,0.9,0,Medium,98.94
2024-08-21,DRUG002,Amoxicillin 500mg,Pharmaceuticals,Europe,993,0.85,0.94,0,Medium,101.76
2024-08-21,DRUG003,Insulin Glargine 10ml,Pharmaceuticals,North America,694,25.0,1.05,0,Medium,96.96
2024-08-21,DRUG003,Insulin Glargine 10ml,Pharmaceuticals,Europe,910,25.0,0.93,1,Medium,98.13
2024-08-21,SUPP001,Surgical Masks Box,Medical Supplies,North America,1181,10.0,0.95,0,Medium,98.96
2024-08-21,SUPP001,Surgical Masks Box,Medical Supplies,Europe,905,10.0,0.91,0,High,100.23
2024-08-21,SUPP002,Surgical Gloves Box,Medical Supplies,North America,1069,12.5,1.18,1,Medium,98.18
2024-08-21,SUPP002,Surgical Gloves Box,Medical Supplies,Europe,1394,12.5,1.08,0,Medium,103.22
2024-08-22,DRUG001,Atorvastatin 20mg,Pharmaceuticals,North America,838,1.25,1.11,0,Medium,104.64
2024-08-22,DRUG001,Atorvastatin 20mg,Pharmaceuticals,Europe,691,1.25,1.09,1,Medium,102.25
2024-08-22,DRUG002,Amoxicillin 500mg,Pharmaceuticals,North America,680,0.85,1.06,0,High,97.67
2024-08-22,DRUG002,Amoxicillin 500mg,Pharmaceuticals,Europe,1082,0.85,0.97,0,Medium,95.21
2024-08-22,DRUG003,Insulin Glargine 10ml,Pharmaceuticals,North America,1070,25.0,1.05,0,Medium,97.53
2024-08-22,DRUG003,Insulin Glargine 10ml,Pharmaceuticals,Europe,916,25.0,0.97,1,Low,95.46
2024-08-22,SUPP001,Surgical Masks Box,Medical Supplies,North America,832,10.0,1.16,0,Medium,100.35
2024-08-22,SUPP001,Surgical Masks Box,Medical Supplies,Europe,547,10.0,1.02,0,Medium,95.21
2024-08-22,SUPP002,Surgical Gloves Box,Medical Supplies,North America,974,12.5,1.04,0,Medium,99.11
2024-08-22,SUPP002,Surgical Gloves Box,Medical Supplies,Europe,1020,12.5,1.12,0,Medium,103.26
2024-08-23,DRUG001,Atorvastatin 20mg,Pharmaceuticals,North America,1057,1.25,0.99,0,Low,100.4
2024-08-23,DRUG001,Atorvastatin 20mg,Pharmaceuticals,Europe,1281,1.25,0.96,1,High,95.33
2024-08-23,DRUG002,Amoxicillin 500mg,Pharmaceuticals,North America,1424,0.85,0.97,0,Medium,96.97
2024-08-23,DRUG002,Amoxicillin 500mg,Pharmaceuticals,Europe,1091,0.85,1.08,1,Low,100.52
2024-08-23,DRUG003,Insulin Glargine 10ml,Pharmaceuticals,North America,1236,25.0,1.16,0,High,96.52
2024-08-23,DRUG003,Insulin Glargine 10ml,Pharmaceuticals,Europe,891,25.0,0.93,0,Low,100.31
2024-08-23,SUPP001,Surgical Masks Box,Medical Supplies,North America,864,10.0,0.99,0,Low,95.49
2024-08-23,SUPP001,Surgical Masks Box,Medical Supplies,Europe,1046,10.0,0.93,0,High,96.52
2024-08-23,SUPP002,Surgical Gloves Box,Medical Supplies,North America,1227,12.5,1.19,0,High,100.06
2024-08-23,SUPP002,Surgical Gloves Box,Medical Supplies,Europe,625,12.5,1.19,0,High,99.41
2024-08-24,DRUG001,Atorvastatin 20mg,Pharmaceuticals,North America,983,1.25,1.06,0,Medium,101.2
2024-08-24,DRUG001,Atorvastatin 20mg,Pharmaceuticals,Europe,1183,1.25,1.03,0,High,95.1
2024-08-24,DRUG002,Amoxicillin 500mg,Pharmaceuticals,North America,1310,0.85,1.1,0,High,102.51
2024-08-24,DRUG002,Amoxicillin 500mg,Pharmaceuticals,Europe,1074,0.85,1.12,1,High,103.15
2024-08-24,DRUG003,Insulin Glargine 10ml,Pharmaceuticals,North America,952,25.0,1.07,0,Low,95.93
2024-08-24,DRUG003,Insulin Glargine 10ml,Pharmaceuticals,Europe,924,25.0,0.99,0,High,104.13
2024-08-24,SUPP001,Surgical Masks Box,Medical Supplies,North America,555,10.0,1.02,0,Medium,98.58
2024-08-24,SUPP001,Surgical Masks Box,Medical Supplies,Europe,577,10.0,0.91,0,Low,95.29
2024-08-24,SUPP002,Surgical Gloves Box,Medical Supplies,North America,566,12.5,1.04,0,Medium,104.91
2024-08-24,SUPP002,Surgical Gloves Box,Medical Supplies,Europe,957,12.5,1.06,0,High,98.74
2024-08-25,DRUG001,Atorvastatin 20mg,Pharmaceuticals,North America,843,1.25,1.02,0,Low,103.53
2024-08-25,DRUG001,Atorvastatin 20mg,Pharmaceuticals,Europe,759,1.25,0.92,1,High,104.9
2024-08-25,DRUG002,Amoxicillin 500mg,Pharmaceuticals,North America,893,0.85,1.11,0,High,98.17
2024-08-25,DRUG002,Amoxicillin 500mg,Pharmaceuticals,Europe,1091,0.85,1.0,1,Low,96.94
2024-08-25,DRUG003,Insulin Glargine 10ml,Pharmaceuticals,North America,1513,25.0,1.09,0,High,96.21
2024-08-25,DRUG003,Insulin Glargine 10ml,Pharmaceuticals,Europe,800,25.0,1.06,0,Medium,99.48
2024-08-25,SUPP001,Surgical Masks Box,Medical Supplies,North America,899,10.0,0.94,0,Low,102.79
2024-08-25,SUPP001,Surgical Masks Box,Medical Supplies,Europe,755,10.0,1.16,0,Medium,104.53
2024-08-25,SUPP002,Surgical Gloves Box,Medical Supplies,North America,1051,12.5,0.94,0,Medium,95.23
2024-08-25,SUPP002,Surgical Gloves Box,Medical Supplies,Europe,1003,12.5,1.19,1,Low,104.54
2024-08-26,DRUG001,Atorvastatin 20mg,Pharmaceuticals,North America,1125,1.25,0.96,0,Medium,98.77
2024-08-26,DRUG001,Atorvastatin 20mg,Pharmaceuticals,Europe,748,1.25,0.9,0,Low,101.83
2024-08-26,DRUG002,Amoxicillin 500mg,Pharmaceuticals,North America,1131,0.85,0.98,0,Low,101.44
2024-08-26,DRUG002,Amoxicillin 500mg,Pharmaceuticals,Europe,882,0.85,0.93,0,Low,103.84
2024-08-26,DRUG003,Insulin Glargine 10ml,Pharmaceuticals,North America,959,25.0,1.06,1,Low,99.61
2024-08-26,DRUG003,Insulin Glargine 10ml,Pharmaceuticals,Europe,969,25.0,1.02,0,Low,103.95
2024-08-26,SUPP001,Surgical Masks Box,Medical Supplies,North America,800,10.0,1.03,0,Low,96.14
2024-08-26,SUPP001,Surgical Masks Box,Medical Supplies,Europe,578,10.0,0.99,0,Low,102.43
2024-08-26,SUPP002,Surgical Gloves Box,Medical Supplies,North America,1191,12.5,1.03,0,High,96.77
2024-08-26,SUPP002,Surgical Gloves Box,Medical Supplies,Europe,894,12.5,1.07,0,Low,104.51
2024-08-27,DRUG001,Atorvastatin 20mg,Pharmaceuticals,North America,1091,1.25,1.19,0,Low,102.65
2024-08-27,DRUG001,Atorvastatin 20mg,Pharmaceuticals,Europe,1095,1.25,1.01,0,Medium,104.26
2024-08-27,DRUG002,Amoxicillin 500mg,Pharmaceuticals,North America,1090,0.85,1.03,0,High,104.7
2024-08-27,DRUG002,Amoxicillin 500mg,Pharmaceuticals,Europe,915,0.85,0.99,0,Low,103.14
2024-08-27,DRUG003,Insulin Glargine 10ml,Pharmaceuticals,North America,777,25.0,1.0,0,High,104.48
2024-08-27,DRUG003,Insulin Glargine 10ml,Pharmaceuticals,Europe,1485,25.0,0.98,1,Medium,96.54
2024-08-27,SUPP001,Surgical Masks Box,Medical Supplies,North America,902,10.0,1.11,0,Medium,96.73
2024-08-27,SUPP001,Surgical Masks Box,Medical Supplies,Europe,1022,10.0,1.09,0,High,101.75
2024-08-27,SUPP002,Surgical Gloves Box,Medical Supplies,North America,910,12.5,1.12,0,Medium,96.77
2024-08-27,SUPP002,Surgical Gloves Box,Medical Supplies,Europe,1625,12.5,1.06,1,Medium,95.5
2024-08-28,DRUG001,Atorvastatin 20mg,Pharmaceuticals,North America,1080,1.25,0.99,0,Low,103.58
2024-08-28,DRUG001,Atorvastatin 20mg,Pharmaceuticals,Europe,1536,1.25,1.16,0,Low,103.84
2024-08-28,DRUG002,Amoxicillin 500mg,Pharmaceuticals,North America,153,0.85,1.02,0,Medium,101.05
2024-08-28,DRUG002,Amoxicillin 500mg,Pharmaceuticals,Europe,820,0.85,1.04,0,Low,100.78
2024-08-28,DRUG003,Insulin Glargine 10ml,Pharmaceuticals,North America,1311,25.0,0.93,0,High,96.83
2024-08-28,DRUG003,Insulin Glargine 10ml,Pharmaceuticals,Europe,754,25.0,1.09,1,Medium,96.87
2024-08-28,SUPP001,Surgical Masks Box,Medical Supplies,North America,1288,10.0,1.01,0,Medium,100.01
2024-08-28,SUPP001,Surgical Masks Box,Medical Supplies,Europe,840,10.0,1.13,0,Medium,101.87
2024-08-28,SUPP002,Surgical Gloves Box,Medical Supplies,North America,841,12.5,1.1,0,Medium,102.96
2024-08-28,SUPP002,Surgical Gloves Box,Medical Supplies,Europe,768,12.5,1.04,0,Medium,98.15
2024-08-29,DRUG001,Atorvastatin 20mg,Pharmaceuticals,North America,1490,1.25,1.17,0,Medium,96.19
2024-08-29,DRUG001,Atorvastatin 20mg,Pharmaceuticals,Europe,693,1.25,0.98,0,Low,101.62
2024-08-29,DRUG002,Amoxicillin 500mg,Pharmaceuticals,North America,1210,0.85,1.18,0,Medium,104.19
2024-08-29,DRUG002,Amoxicillin 500mg,Pharmaceuticals,Europe,760,0.85,0.96,1,Medium,96.0
2024-08-29,DRUG003,Insulin Glargine 10ml,Pharmaceuticals,North America,418,25.0,0.98,0,Medium,99.82
2024-08-29,DRUG003,Insulin Glargine 10ml,Pharmaceuticals,Europe,832,25.0,0.93,0,Medium,103.21
2024-08-29,SUPP001,Surgical Masks Box,Medical Supplies,North America,840,10.0,0.9,1,Medium,96.07
2024-08-29,SUPP001,Surgical Masks Box,Medical Supplies,Europe,1283,10.0,1.11,0,Low,100.26
2024-08-29,SUPP002,Surgical Gloves Box,Medical Supplies,North America,1088,12.5,0.92,0,Low,99.81
2024-08-29,SUPP002,Surgical Gloves Box,Medical Supplies,Europe,1231,12.5,0.95,0,Medium,104.47
2024-08-30,DRUG001,Atorvastatin 20mg,Pharmaceuticals,North America,1031,1.25,1.09,0,Low,104.01
2024-08-30,DRUG001,Atorvastatin 20mg,Pharmaceuticals,Europe,1210,1.25,1.11,0,Medium,104.35
2024-08-30,DRUG002,Amoxicillin 500mg,Pharmaceuticals,North America,678,0.85,1.18,0,Medium,97.68
2024-08-30,DRUG002,Amoxicillin 500mg,Pharmaceuticals,Europe,841,0.85,1.17,0,Medium,95.31
2024-08-30,DRUG003,Insulin Glargine 10ml,Pharmaceuticals,North America,609,25.0,0.94,0,Low,104.57
2024-08-30,DRUG003,Insulin Glargine 10ml,Pharmaceuticals,Europe,934,25.0,0.91,0,Low,101.89
2024-08-30,SUPP001,Surgical Masks Box,Medical Supplies,North America,1026,10.0,1.13,1,Medium,95.99
2024-08-30,SUPP001,Surgical Masks Box,Medical Supplies,Europe,757,10.0,0.93,0,Low,99.47
2024-08-30,SUPP002,Surgical Gloves Box,Medical Supplies,North America,1420,12.5,1.01,1,Low,100.9
2024-08-30,SUPP002,Surgical Gloves Box,Medical Supplies,Europe,1206,12.5,0.98,0,Medium,98.53
2024-08-31,DRUG001,Atorvastatin 20mg,Pharmaceuticals,North America,1436,1.25,1.06,0,Medium,103.12
2024-08-31,DRUG001,Atorvastatin 20mg,Pharmaceuticals,Europe,1618,1.25,0.99,0,Medium,103.63
2024-08-31,DRUG002,Amoxicillin 500mg,Pharmaceuticals,North America,781,0.85,1.16,0,Medium,99.66
2024-08-31,DRUG002,Amoxicillin 500mg,Pharmaceuticals,Europe,1085,0.85,1.13,0,Medium,103.8
2024-08-31,DRUG003,Insulin Glargine 10ml,Pharmaceuticals,North America,966,25.0,1.16,0,Low,100.48
2024-08-31,DRUG003,Insulin Glargine 10ml,Pharmaceuticals,Europe,1292,25.0,1.1,0,Medium,95.94
2024-08-31,SUPP001,Surgical Masks Box,Medical Supplies,North America,1317,10.0,1.12,0,High,101.63
2024-08-31,SUPP001,Surgical Masks Box,Medical Supplies,Europe,1091,10.0,1.14,0,High,103.21
2024-08-31,SUPP002,Surgical Gloves Box,Medical Supplies,North America,319,12.5,1.1,0,Medium,98.43
2024-08-31,SUPP002,Surgical Gloves Box,Medical Supplies,Europe,1099,12.5,1.03,0,High,102.63
2024-09-01,DRUG001,Atorvastatin 20mg,Pharmaceuticals,North America,901,1.25,0.91,0,Low,102.99
2024-09-01,DRUG001,Atorvastatin 20mg,Pharmaceuticals,Europe,852,1.25,1.17,0,Medium,102.06
2024-09-01,DRUG002,Amoxicillin 500mg,Pharmaceuticals,North America,1040,0.85,1.11,0,High,99.53
2024-09-01,DRUG002,Amoxicillin 500mg,Pharmaceuticals,Europe,845,0.85,1.2,0,Low,98.02
2024-09-01,DRUG003,Insulin Glargine 10ml,Pharmaceuticals,North America,1126,25.0,1.09,0,High,97.95
2024-09-01,DRUG003,Insulin Glargine 10ml,Pharmaceuticals,Europe,977,25.0,0.98,0,Low,96.36
2024-09-01,SUPP001,Surgical Masks Box,Medical Supplies,North America,740,10.0,1.17,0,Medium,104.09
2024-09-01,SUPP001,Surgical Masks Box,Medical Supplies,Europe,1517,10.0,1.15,0,Medium,99.14
2024-09-01,SUPP002,Surgical Gloves Box,Medical Supplies,North America,613,12.5,1.03,0,Low,100.89
2024-09-01,SUPP002,Surgical Gloves Box,Medical Supplies,Europe,1234,12.5,1.16,0,Low,99.6
2024-09-02,DRUG001,Atorvastatin 20mg,Pharmaceuticals,North America,703,1.25,0.92,0,High,95.35
2024-09-02,DRUG001,Atorvastatin 20mg,Pharmaceuticals,Europe,1149,1.25,1.0,0,Low,97.36
2024-09-02,DRUG002,Amoxicillin 500mg,Pharmaceuticals,North America,1184,0.85,0.99,0,Low,103.97
2024-09-02,DRUG002,Amoxicillin 500mg,Pharmaceuticals,Europe,1014,0.85,0.92,0,High,104.88
2024-09-02,DRUG003,Insulin Glargine 10ml,Pharmaceuticals,North America,728,25.0,1.02,0,Medium,102.39
2024-09-02,DRUG003,Insulin Glargine 10ml,Pharmaceuticals,Europe,1449,25.0,1.15,0,Medium,104.16
2024-09-02,SUPP001,Surgical Masks Box,Medical Supplies,North America,1067,10.0,1.09,0,Low,96.24
2024-09-02,SUPP001,Surgical Masks Box,Medical Supplies,Europe,1139,10.0,1.05,0,Medium,101.46
2024-09-02,SUPP002,Surgical Gloves Box,Medical Supplies,North America,836,12.5,0.92,0,Low,104.9
2024-09-02,SUPP002,Surgical Gloves Box,Medical Supplies,Europe,1009,12.5,1.0,0,Low,101.35
2024-09-03,DRUG001,Atorvastatin 20mg,Pharmaceuticals,North America,686,1.25,1.18,0,Low,99.86
2024-09-03,DRUG001,Atorvastatin 20mg,Pharmaceuticals,Europe,1146,1.25,1.04,0,High,96.09
2024-09-03,DRUG002,Amoxicillin 500mg,Pharmaceuticals,North America,523,0.85,1.04,0,Low,96.03
2024-09-03,DRUG002,Amoxicillin 500mg,Pharmaceuticals,Europe,439,0.85,1.09,0,Low,99.27
2024-09-03,DRUG003,Insulin Glargine 10ml,Pharmaceuticals,North America,817,25.0,0.98,0,Medium,95.27
2024-09-03,DRUG003,Insulin Glargine 10ml,Pharmaceuticals,Europe,631,25.0,1.19,0,Medium,103.1
2024-09-03,SUPP001,Surgical Masks Box,Medical Supplies,North America,1286,10.0,1.15,0,High,95.21
2024-09-03,SUPP001,Surgical Masks Box,Medical Supplies,Europe,745,10.0,0.97,0,Low,101.98
2024-09-03,SUPP002,Surgical Gloves Box,Medical Supplies,North America,1144,12.5,1.02,0,Medium,101.5
2024-09-03,SUPP002,Surgical Gloves Box,Medical Supplies,Europe,992,12.5,1.04,0,Medium,100.25
2024-09-04,DRUG001,Atorvastatin 20mg,Pharmaceuticals,North America,999,1.25,0.98,0,Low,103.16
2024-09-04,DRUG001,Atorvastatin 20mg,Pharmaceuticals,Europe,1189,1.25,0.92,0,Low,95.85
2024-09-04,DRUG002,Amoxicillin 500mg,Pharmaceuticals,North America,659,0.85,1.16,0,Low,102.21
2024-09-04,DRUG002,Amoxicillin 500mg,Pharmaceuticals,Europe,1470,0.85,1.09,0,Medium,96.67
2024-09-04,DRUG003,Insulin Glargine 10ml,Pharmaceuticals,North America,693,25.0,1.04,1,Low,101.12
2024-09-04,DRUG003,Insulin Glargine 10ml,Pharmaceuticals,Europe,1481,25.0,1.01,0,Medium,100.97
2024-09-04,SUPP001,Surgical Masks Box,Medical Supplies,North America,487,10.0,1.15,0,Low,103.12
2024-09-04,SUPP001,Surgical Masks Box,Medical Supplies,Europe,566,10.0,1.18,0,High,96.99
2024-09-04,SUPP002,Surgical Gloves Box,Medical Supplies,North America,1160,12.5,1.17,0,Low,95.9
2024-09-04,SUPP002,Surgical Gloves Box,Medical Supplies,Europe,870,12.5,0.98,0,Medium,99.56
2024-09-05,DRUG001,Atorvastatin 20mg,Pharmaceuticals,North America,1278,1.25,0.93,0,High,97.13
2024-09-05,DRUG001,Atorvastatin 20mg,Pharmaceuticals,Europe,1060,1.25,1.15,0,Low,97.32
2024-09-05,DRUG002,Amoxicillin 500mg,Pharmaceuticals,North America,1016,0.85,1.06,0,Medium,97.66
2024-09-05,DRUG002,Amoxicillin 500mg,Pharmaceuticals,Europe,1747,0.85,1.02,0,Medium,95.9
2024-09-05,DRUG003,Insulin Glargine 10ml,Pharmaceuticals,North America,821,25.0,0.93,0,Medium,102.32
2024-09-05,DRUG003,Insulin Glargine 10ml,Pharmaceuticals,Europe,824,25.0,1.1,0,Low,104.59
2024-09-05,SUPP001,Surgical Masks Box,Medical Supplies,North America,1147,10.0,1.17,0,Low,98.16
2024-09-05,SUPP001,Surgical Masks Box,Medical Supplies,Europe,709,10.0,0.91,0,Medium,102.26
2024-09-05,SUPP002,Surgical Gloves Box,Medical Supplies,North America,807,12.5,1.0,0,Medium,96.15
2024-09-05,SUPP002,Surgical Gloves Box,Medical Supplies,Europe,1127,12.5,0.93,0,Low,96.72
2024-09-06,DRUG001,Atorvastatin 20mg,Pharmaceuticals,North America,1115,1.25,1.08,0,Medium,101.02
2024-09-06,DRUG001,Atorvastatin 20mg,Pharmaceuticals,Europe,1340,1.25,1.19,0,Low,95.57
2024-09-06,DRUG002,Amoxicillin 500mg,Pharmaceuticals,North America,1186,0.85,0.93,0,Low,98.31
2024-09-06,DRUG002,Amoxicillin 500mg,Pharmaceuticals,Europe,1602,0.85,1.19,0,Low,97.53
2024-09-06,DRUG003,Insulin Glargine 10ml,Pharmaceuticals,North America,1060,25.0,1.12,0,High,102.05
2024-09-06,DRUG003,Insulin Glargine 10ml,Pharmaceuticals,Europe,996,25.0,0.97,0,Medium,99.51
2024-09-06,SUPP001,Surgical Masks Box,Medical Supplies,North America,840,10.0,0.98,0,High,101.86
2024-09-06,SUPP001,Surgical Masks Box,Medical Supplies,Europe,814,10.0,1.11,0,Medium,104.82
2024-09-06,SUPP002,Surgical Gloves Box,Medical Supplies,North America,1450,12.5,1.01,0,High,104.02
2024-09-06,SUPP002,Surgical Gloves Box,Medical Supplies,Europe,756,12.5,0.9,0,Low,99.54
2024-09-07,DRUG001,Atorvastatin 20mg,Pharmaceuticals,North America,492,1.25,1.12,0,High,96.78
2024-09-07,DRUG001,Atorvastatin 20mg,Pharmaceuticals,Europe,990,1.25,1.01,0,Medium,95.78
2024-09-07,DRUG002,Amoxicillin 500mg,Pharmaceuticals,North America,1093,0.85,1.16,0,Medium,104.11
2024-09-07,DRUG002,Amoxicillin 500mg,Pharmaceuticals,Europe,1331,0.85,1.15,1,High,103.21
2024-09-07,DRUG003,Insulin Glargine 10ml,Pharmaceuticals,North America,559,25.0,1.17,0,Low,98.41
2024-09-07,DRUG003,Insulin Glargine 10ml,Pharmaceuticals,Europe,953,25.0,1.11,0,Low,96.41
2024-09-07,SUPP001,Surgical Masks Box,Medical Supplies,North America,754,10.0,1.05,0,Medium,96.67
2024-09-07,SUPP001,Surgical Masks Box,Medical Supplies,Europe,1352,10.0,0.93,0,Medium,96.49
2024-09-07,SUPP002,Surgical Gloves Box,Medical Supplies,North America,1280,12.5,1.18,0,Low,97.58
2024-09-07,SUPP002,Surgical Gloves Box,Medical Supplies,Europe,903,12.5,0.97,0,Medium,100.83
2024-09-08,DRUG001,Atorvastatin 20mg,Pharmaceuticals,North America,1409,1.25,1.2,0,High,97.86
2024-09-08,DRUG001,Atorvastatin 20mg,Pharmaceuticals,Europe,1505,1.25,0.97,0,Medium,97.26
2024-09-08,DRUG002,Amoxicillin 500mg,Pharmaceuticals,North America,872,0.85,1.11,0,High,98.35
2024-09-08,DRUG002,Amoxicillin 500mg,Pharmaceuticals,Europe,1567,0.85,1.19,0,Medium,99.54
2024-09-08,DRUG003,Insulin Glargine 10ml,Pharmaceuticals,North America,1151,25.0,1.14,0,High,97.14
2024-09-08,DRUG003,Insulin Glargine 10ml,Pharmaceuticals,Europe,1168,25.0,0.91,0,Medium,102.42
2024-09-08,SUPP001,Surgical Masks Box,Medical Supplies,North America,898,10.0,1.09,1,Medium,101.91
2024-09-08,SUPP001,Surgical Masks Box,Medical Supplies,Europe,925,10.0,1.07,0,High,100.44
2024-09-08,SUPP002,Surgical Gloves Box,Medical Supplies,North America,1321,12.5,1.19,0,Medium,102.92
2024-09-08,SUPP002,Surgical Gloves Box,Medical Supplies,Europe,925,12.5,1.06,0,Medium,97.7
2024-09-09,DRUG001,Atorvastatin 20mg,Pharmaceuticals,North America,1270,1.25,1.14,0,High,97.87
2024-09-09,DRUG001,Atorvastatin 20mg,Pharmaceuticals,Europe,1098,1.25,1.09,0,Medium,96.69
2024-09-09,DRUG002,Amoxicillin 500mg,Pharmaceuticals,North America,711,0.85,1.08,1,High,97.27
2024-09-09,DRUG002,Amoxicillin 500mg,Pharmaceuticals,Europe,698,0.85,0.99,0,Low,103.35
2024-09-09,DRUG003,Insulin Glargine 10ml,Pharmaceuticals,North America,959,25.0,0.98,0,Low,103.05
2024-09-09,DRUG003,Insulin Glargine 10ml,Pharmaceuticals,Europe,1063,25.0,1.09,0,Medium,97.58
2024-09-09,SUPP001,Surgical Masks Box,Medical Supplies,North America,1156,10.0,1.13,0,Medium,95.46
2024-09-09,SUPP001,Surgical Masks Box,Medical Supplies,Europe,1126,10.0,0.93,0,Medium,103.16
2024-09-09,SUPP002,Surgical Gloves Box,Medical Supplies,North America,734,12.5,0.97,0,Low,97.88
2024-09-09,SUPP002,Surgical Gloves Box,Medical Supplies,Europe,1137,12.5,1.12,0,High,99.7
2024-09-10,DRUG001,Atorvastatin 20mg,Pharmaceuticals,North America,743,1.25,1.11,0,Low,104.22
2024-09-10,DRUG001,Atorvastatin 20mg,Pharmaceuticals,Europe,481,1.25,0.92,1,Low,102.71
2024-09-10,DRUG002,Amoxicillin 500mg,Pharmaceuticals,North America,1159,0.85,0.92,0,Medium,103.91
2024-09-10,DRUG002,Amoxicillin 500mg,Pharmaceuticals,Europe,1964,0.85,1.06,0,Low,101.82
2024-09-10,DRUG003,Insulin Glargine 10ml,Pharmaceuticals,North America,958,25.0,1.1,0,Low,96.11
2024-09-10,DRUG003,Insulin Glargine 10ml,Pharmaceuticals,Europe,979,25.0,1.11,0,High,98.11
2024-09-10,SUPP001,Surgical Masks Box,Medical Supplies,North America,1053,10.0,1.06,0,Medium,95.21
2024-09-10,SUPP001,Surgical Masks Box,Medical Supplies,Europe,916,10.0,1.1,0,Medium,101.28
2024-09-10,SUPP002,Surgical Gloves Box,Medical Supplies,North America,1344,12.5,1.09,0,Low,96.2
2024-09-10,SUPP002,Surgical Gloves Box,Medical Supplies,Europe,1177,12.5,1.13,0,Low,103.63
2024-09-11,DRUG001,Atorvastatin 20mg,Pharmaceuticals,North America,817,1.25,0.91,0,Medium,95.9
2024-09-11,DRUG001,Atorvastatin 20mg,Pharmaceuticals,Europe,1760,1.25,1.04,1,Medium,100.47
2024-09-11,DRUG002,Amoxicillin 500mg,Pharmaceuticals,North America,821,0.85,1.19,1,Medium,95.99
2024-09-11,DRUG002,Amoxicillin 500mg,Pharmaceuticals,Europe,1012,0.85,0.96,0,Medium,97.08
2024-09-11,DRUG003,Insulin Glargine 10ml,Pharmaceuticals,North America,1128,25.0,0.91,0,Low,103.25
2024-09-11,DRUG003,Insulin Glargine 10ml,Pharmaceuticals,Europe,1558,25.0,1.01,0,Low,104.88
2024-09-11,SUPP001,Surgical Masks Box,Medical Supplies,North America,611,10.0,0.93,0,Low,104.88
2024-09-11,SUPP001,Surgical Masks Box,Medical Supplies,Europe,1563,10.0,1.19,0,High,96.06
2024-09-11,SUPP002,Surgical Gloves Box,Medical Supplies,North America,712,12.5,0.92,1,Low,103.57
2024-09-11,SUPP002,Surgical Gloves Box,Medical Supplies,Europe,743,12.5,1.13,0,Low,95.06
2024-09-12,DRUG001,Atorvastatin 20mg,Pharmaceuticals,North America,991,1.25,1.04,0,Medium,98.77
2024-09-12,DRUG001,Atorvastatin 20mg,Pharmaceuticals,Europe,565,1.25,0.95,0,Low,97.87
2024-09-12,DRUG002,Amoxicillin 500mg,Pharmaceuticals,North America,728,0.85,1.19,0,Low,103.89
2024-09-12,DRUG002,Amoxicillin 500mg,Pharmaceuticals,Europe,1002,0.85,1.19,0,Low,99.86
2024-09-12,DRUG003,Insulin Glargine 10ml,Pharmaceuticals,North America,1087,25.0,0.94,0,High,100.27
2024-09-12,DRUG003,Insulin Glargine 10ml,Pharmaceuticals,Europe,1384,25.0,1.11,0,Medium,104.77
2024-09-12,SUPP001,Surgical Masks Box,Medical Supplies,North America,1363,10.0,0.95,0,Medium,103.44
2024-09-12,SUPP001,Surgical Masks Box,Medical Supplies,Europe,645,10.0,1.1,0,Low,104.11
2024-09-12,SUPP002,Surgical Gloves Box,Medical Supplies,North America,1258,12.5,0.99,1,High,95.43
2024-09-12,SUPP002,Surgical Gloves Box,Medical Supplies,Europe,828,12.5,1.13,0,Low,99.6
2024-09-13,DRUG001,Atorvastatin 20mg,Pharmaceuticals,North America,459,1.25,1.07,0,Low,100.71
2024-09-13,DRUG001,Atorvastatin 20mg,Pharmaceuticals,Europe,1236,1.25,1.06,0,Medium,103.97
2024-09-13,DRUG002,Amoxicillin 500mg,Pharmaceuticals,North America,930,0.85,1.09,0,Medium,101.89
2024-09-13,DRUG002,Amoxicillin 500mg,Pharmaceuticals,Europe,994,0.85,1.0,0,Medium,97.45
2024-09-13,DRUG003,Insulin Glargine 10ml,Pharmaceuticals,North America,824,25.0,1.04,0,Low,104.9
2024-09-13,DRUG003,Insulin Glargine 10ml,Pharmaceuticals,Europe,83,25.0,1.11,0,Low,95.8
2024-09-13,SUPP001,Surgical Masks Box,Medical Supplies,North America,637,10.0,0.97,0,Medium,101.72
2024-09-13,SUPP001,Surgical Masks Box,Medical Supplies,Europe,1340,10.0,1.09,0,Low,101.37
2024-09-13,SUPP002,Surgical Gloves Box,Medical Supplies,North America,1033,12.5,1.08,0,Low,103.27
2024-09-13,SUPP002,Surgical Gloves Box,Medical Supplies,Europe,721,12.5,0.94,0,High,100.04
2024-09-14,DRUG001,Atorvastatin 20mg,Pharmaceuticals,North America,1237,1.25,0.96,0,Medium,102.53
2024-09-14,DRUG001,Atorvastatin 20mg,Pharmaceuticals,Europe,1163,1.25,0.92,0,Low,103.29
2024-09-14,DRUG002,Amoxicillin 500mg,Pharmaceuticals,North America,1223,0.85,1.2,0,Medium,98.92
2024-09-14,DRUG002,Amoxicillin 500mg,Pharmaceuticals,Europe,958,0.85,0.92,0,Low,98.51
2024-09-14,DRUG003,Insulin Glargine 10ml,Pharmaceuticals,North America,888,25.0,1.13,0,Low,99.61
2024-09-14,DRUG003,Insulin Glargine 10ml,Pharmaceuticals,Europe,1577,25.0,1.19,0,Low,98.91
2024-09-14,SUPP001,Surgical Masks Box,Medical Supplies,North America,743,10.0,1.07,0,Low,101.29
2024-09-14,SUPP001,Surgical Masks Box,Medical Supplies,Europe,734,10.0,0.93,0,Medium,99.94
2024-09-14,SUPP002,Surgical Gloves Box,Medical Supplies,North America,1056,12.5,1.03,0,Medium,101.06
2024-09-14,SUPP002,Surgical Gloves Box,Medical Supplies,Europe,823,12.5,0.9,0,Low,101.78
2024-09-15,DRUG001,Atorvastatin 20mg,Pharmaceuticals,North America,1452,1.25,1.12,0,Low,98.45
2024-09-15,DRUG001,Atorvastatin 20mg,Pharmaceuticals,Europe,1134,1.25,1.15,0,Medium,96.94
2024-09-15,DRUG002,Amoxicillin 500mg,Pharmaceuticals,North America,947,0.85,0.96,0,Low,104.44
2024-09-15,DRUG002,Amoxicillin 500mg,Pharmaceuticals,Europe,1237,0.85,1.01,0,Low,103.07
2024-09-15,DRUG003,Insulin Glargine 10ml,Pharmaceuticals,North America,1049,25.0,1.15,0,High,101.24
2024-09-15,DRUG003,Insulin Glargine 10ml,Pharmaceuticals,Europe,1067,25.0,1.16,0,Low,101.1
2024-09-15,SUPP001,Surgical Masks Box,Medical Supplies,North America,1080,10.0,1.02,0,High,104.01
2024-09-15,SUPP001,Surgical Masks Box,Medical Supplies,Europe,830,10.0,1.17,0,Medium,101.55
2024-09-15,SUPP002,Surgical Gloves Box,Medical Supplies,North America,1100,12.5,1.18,0,Medium,104.68
2024-09-15,SUPP002,Surgical Gloves Box,Medical Supplies,Europe,1155,12.5,1.04,0,Low,101.36
2024-09-16,DRUG001,Atorvastatin 20mg,Pharmaceuticals,North America,1244,1.25,1.05,0,Medium,104.08
2024-09-16,DRUG001,Atorvastatin 20mg,Pharmaceuticals,Europe,1430,1.25,0.9,0,Low,104.23
2024-09-16,DRUG002,Amoxicillin 500mg,Pharmaceuticals,North America,1113,0.85,1.07,0,Medium,96.61
2024-09-16,DRUG002,Amoxicillin 500mg,Pharmaceuticals,Europe,1040,0.85,1.01,0,Low,98.71
2024-09-16,DRUG003,Insulin Glargine 10ml,Pharmaceuticals,North America,1327,25.0,0.95,0,Low,100.57
2024-09-16,DRUG003,Insulin Glargine 10ml,Pharmaceuticals,Europe,817,25.0,1.08,0,High,97.85
2024-09-16,SUPP001,Surgical Masks Box,Medical Supplies,North America,1002,10.0,0.91,0,Medium,97.08
2024-09-16,SUPP001,Surgical Masks Box,Medical Supplies,Europe,1006,10.0,1.14,0,Medium,99.63
2024-09-16,SUPP002,Surgical Gloves Box,Medical Supplies,North America,1167,12.5,1.12,0,Medium,103.4
2024-09-16,SUPP002,Surgical Gloves Box,Medical Supplies,Europe,544,12.5,0.94,0,Low,102.03
2024-09-17,DRUG001,Atorvastatin 20mg,Pharmaceuticals,North America,1253,1.25,1.17,0,Medium,102.07
2024-09-17,DRUG001,Atorvastatin 20mg,Pharmaceuticals,Europe,1405,1.25,1.0,0,Low,97.38
2024-09-17,DRUG002,Amoxicillin 500mg,Pharmaceuticals,North America,1132,0.85,1.14,1,High,99.34
2024-09-17,DRUG002,Amoxicillin 500mg,Pharmaceuticals,Europe,950,0.85,0.97,0,High,99.66
2024-09-17,DRUG003,Insulin Glargine 10ml,Pharmaceuticals,North America,664,25.0,1.03,0,Low,103.87
2024-09-17,DRUG003,Insulin Glargine 10ml,Pharmaceuticals,Europe,1004,25.0,0.92,1,Low,104.46
2024-09-17,SUPP001,Surgical Masks Box,Medical Supplies,North America,1546,10.0,0.96,0,High,96.39
2024-09-17,SUPP001,Surgical Masks Box,Medical Supplies,Europe,1129,10.0,0.94,0,Low,96.11
2024-09-17,SUPP002,Surgical Gloves Box,Medical Supplies,North America,680,12.5,1.1,0,Medium,96.19
2024-09-17,SUPP002,Surgical Gloves Box,Medical Supplies,Europe,1199,12.5,1.07,0,Low,98.19
2024-09-18,DRUG001,Atorvastatin 20mg,Pharmaceuticals,North America,1034,1.25,0.94,0,Low,104.78
2024-09-18,DRUG001,Atorvastatin 20mg,Pharmaceuticals,Europe,1061,1.25,1.19,0,Low,100.99
2024-09-18,DRUG002,Amoxicillin 500mg,Pharmaceuticals,North America,555,0.85,1.1,0,Medium,98.84
2024-09-18,DRUG002,Amoxicillin 500mg,Pharmaceuticals,Europe,967,0.85,1.11,0,Medium,102.05
2024-09-18,DRUG003,Insulin Glargine 10ml,Pharmaceuticals,North America,696,25.0,0.95,0,Low,102.11
2024-09-18,DRUG003,Insulin Glargine 10ml,Pharmaceuticals,Europe,969,25.0,1.01,0,High,101.84
2024-09-18,SUPP001,Surgical Masks Box,Medical Supplies,North America,519,10.0,0.95,0,High,96.88
2024-09-18,SUPP001,Surgical Masks Box,Medical Supplies,Europe,909,10.0,1.07,1,Medium,99.4
2024-09-18,SUPP002,Surgical Gloves Box,Medical Supplies,North America,1248,12.5,1.08,0,Medium,103.3
2024-09-18,SUPP002,Surgical Gloves Box,Medical Supplies,Europe,1165,12.5,1.19,0,Medium,101.09
2024-09-19,DRUG001,Atorvastatin 20mg,Pharmaceuticals,North America,1177,1.25,0.91,0,Medium,102.0
2024-09-19,DRUG001,Atorvastatin 20mg,Pharmaceuticals,Europe,1154,1.25,1.11,0,Medium,103.18
2024-09-19,DRUG002,Amoxicillin 500mg,Pharmaceuticals,North America,1395,0.85,1.13,0,Low,102.24
2024-09-19,DRUG002,Amoxicillin 500mg,Pharmaceuticals,Europe,1102,0.85,1.13,0,Medium,99.31
2024-09-19,DRUG003,Insulin Glargine 10ml,Pharmaceuticals,North America,1208,25.0,1.17,0,Medium,100.27
2024-09-19,DRUG003,Insulin Glargine 10ml,Pharmaceuticals,Europe,1037,25.0,1.0,0,Medium,100.78
2024-09-19,SUPP001,Surgical Masks Box,Medical Supplies,North America,1057,10.0,1.07,0,Medium,95.58
2024-09-19,SUPP001,Surgical Masks Box,Medical Supplies,Europe,965,10.0,1.16,0,Medium,101.07
2024-09-19,SUPP002,Surgical Gloves Box,Medical Supplies,North America,1230,12.5,0.95,0,Medium,102.89
2024-09-19,SUPP002,Surgical Gloves Box,Medical Supplies,Europe,1755,12.5,1.03,0,Low,101.63
2024-09-20,DRUG001,Atorvastatin 20mg,Pharmaceuticals,North America,695,1.25,1.1,0,Medium,98.06
2024-09-20,DRUG001,Atorvastatin 20mg,Pharmaceuticals,Europe,937,1.25,1.18,0,Medium,104.59
2024-09-20,DRUG002,Amoxicillin 500mg,Pharmaceuticals,North America,1327,0.85,1.0,0,Medium,104.16
2024-09-20,DRUG002,Amoxicillin 500mg,Pharmaceuticals,Europe,588,0.85,1.04,0,Medium,99.15
2024-09-20,DRUG003,Insulin Glargine 10ml,Pharmaceuticals,North America,570,25.0,1.01,0,High,98.48
2024-09-20,DRUG003,Insulin Glargine 10ml,Pharmaceuticals,Europe,1204,25.0,1.09,0,Low,101.48
2024-09-20,SUPP001,Surgical Masks Box,Medical Supplies,North America,931,10.0,1.0,1,Low,102.21
2024-09-20,SUPP001,Surgical Masks Box,Medical Supplies,Europe,1473,10.0,1.11,0,High,102.28
2024-09-20,SUPP002,Surgical Gloves Box,Medical Supplies,North America,700,12.5,1.02,0,High,95.74
2024-09-20,SUPP002,Surgical Gloves Box,Medical Supplies,Europe,594,12.5,1.11,0,High,100.53
2024-09-21,DRUG001,Atorvastatin 20mg,Pharmaceuticals,North America,716,1.25,1.12,0,High,96.63
2024-09-21,DRUG001,Atorvastatin 20mg,Pharmaceuticals,Europe,1323,1.25,0.99,0,Medium,102.49
2024-09-21,DRUG002,Amoxicillin 500mg,Pharmaceuticals,North America,863,0.85,0.99,0,Medium,99.29
2024-09-21,DRUG002,Amoxicillin 500mg,Pharmaceuticals,Europe,888,0.85,1.1,0,High,97.61
2024-09-21,DRUG003,Insulin Glargine 10ml,Pharmaceuticals,North America,1411,25.0,0.98,0,Low,96.72
2024-09-21,DRUG003,Insulin Glargine 10ml,Pharmaceuticals,Europe,1470,25.0,1.04,0,Low,99.5
2024-09-21,SUPP001,Surgical Masks Box,Medical Supplies,North America,687,10.0,0.94,0,Medium,104.41
2024-09-21,SUPP001,Surgical Masks Box,Medical Supplies,Europe,933,10.0,0.93,0,Low,100.32
2024-09-21,SUPP002,Surgical Gloves Box,Medical Supplies,North America,599,12.5,1.14,0,High,96.38
2024-09-21,SUPP002,Surgical Gloves Box,Medical Supplies,Europe,1508,12.5,0.92,0,Low,104.33
2024-09-22,DRUG001,Atorvastatin 20mg,Pharmaceuticals,North America,1147,1.25,1.0,0,Low,98.2
2024-09-22,DRUG001,Atorvastatin 20mg,Pharmaceuticals,Europe,449,1.25,1.08,1,Medium,100.33
2024-09-22,DRUG002,Amoxicillin 500mg,Pharmaceuticals,North America,621,0.85,1.04,1,Low,97.69
2024-09-22,DRUG002,Amoxicillin 500mg,Pharmaceuticals,Europe,1044,0.85,0.94,0,Low,102.66
2024-09-22,DRUG003,Insulin Glargine 10ml,Pharmaceuticals,North America,1042,25.0,0.93,0,High,100.38
2024-09-22,DRUG003,Insulin Glargine 10ml,Pharmaceuticals,Europe,714,25.0,1.16,0,Low,101.3
2024-09-22,SUPP001,Surgical Masks Box,Medical Supplies,North America,1515,10.0,1.12,0,Medium,97.89
2024-09-22,SUPP001,Surgical Masks Box,Medical Supplies,Europe,683,10.0,1.11,0,Medium,95.01
2024-09-22,SUPP002,Surgical Gloves Box,Medical Supplies,North America,1058,12.5,0.99,0,Low,96.39
2024-09-22,SUPP002,Surgical Gloves Box,Medical Supplies,Europe,967,12.5,0.96,0,High,98.26
2024-09-23,DRUG001,Atorvastatin 20mg,Pharmaceuticals,North America,1202,1.25,1.01,1,Low,99.9
2024-09-23,DRUG001,Atorvastatin 20mg,Pharmaceuticals,Europe,442,1.25,1.06,0,Medium,97.39
2024-09-23,DRUG002,Amoxicillin 500mg,Pharmaceuticals,North America,1103,0.85,1.06,0,Medium,96.98
2024-09-23,DRUG002,Amoxicillin 500mg,Pharmaceuticals,Europe,1366,0.85,1.12,0,Medium,95.23
2024-09-23,DRUG003,Insulin Glargine 10ml,Pharmaceuticals,North America,764,25.0,0.95,0,Low,104.93
2024-09-23,DRUG003,Insulin Glargine 10ml,Pharmaceuticals,Europe,732,25.0,1.07,0,Low,99.09
2024-09-23,SUPP001,Surgical Masks Box,Medical Supplies,North America,1100,10.0,1.0,0,Low,104.89
2024-09-23,SUPP001,Surgical Masks Box,Medical Supplies,Europe,855,10.0,0.95,0,Medium,104.53
2024-09-23,SUPP002,Surgical Gloves Box,Medical Supplies,North America,797,12.5,1.06,1,Low,96.67
2024-09-23,SUPP002,Surgical Gloves Box,Medical Supplies,Europe,1072,12.5,1.14,0,Medium,104.92
2024-09-24,DRUG001,Atorvastatin 20mg,Pharmaceuticals,North America,1029,1.25,1.11,0,Medium,104.18
2024-09-24,DRUG001,Atorvastatin 20mg,Pharmaceuticals,Europe,738,1.25,1.01,0,Low,101.72
2024-09-24,DRUG002,Amoxicillin 500mg,Pharmaceuticals,North America,1181,0.85,0.97,0,Medium,102.26
2024-09-24,DRUG002,Amoxicillin 500mg,Pharmaceuticals,Europe,832,0.85,1.0,0,Medium,96.72
2024-09-24,DRUG003,Insulin Glargine 10ml,Pharmaceuticals,North America,1078,25.0,1.02,1,Medium,98.48
2024-09-24,DRUG003,Insulin Glargine 10ml,Pharmaceuticals,Europe,846,25.0,1.0,0,Medium,100.82
2024-09-24,SUPP001,Surgical Masks Box,Medical Supplies,North America,827,10.0,0.99,0,Low,99.28
2024-09-24,SUPP001,Surgical Masks Box,Medical Supplies,Europe,1173,10.0,1.19,0,Medium,98.26
2024-09-24,SUPP002,Surgical Gloves Box,Medical Supplies,North America,869,12.5,0.98,0,Low,103.57
2024-09-24,SUPP002,Surgical Gloves Box,Medical Supplies,Europe,808,12.5,1.2,0,Medium,101.57
2024-09-25,DRUG001,Atorvastatin 20mg,Pharmaceuticals,North America,1192,1.25,1.0,0,Medium,103.65
2024-09-25,DRUG001,Atorvastatin 20mg,Pharmaceuticals,Europe,756,1.25,0.94,0,Medium,95.56
2024-09-25,DRUG002,Amoxicillin 500mg,Pharmaceuticals,North America,1324,0.85,1.16,0,High,102.48
2024-09-25,DRUG002,Amoxicillin 500mg,Pharmaceuticals,Europe,1233,0.85,1.18,0,Medium,104.94
2024-09-25,DRUG003,Insulin Glargine 10ml,Pharmaceuticals,North America,1226,25.0,0.91,0,Medium,96.71
2024-09-25,DRUG003,Insulin Glargine 10ml,Pharmaceuticals,Europe,1108,25.0,0.91,0,High,101.68
2024-09-25,SUPP001,Surgical Masks Box,Medical Supplies,North America,968,10.0,1.18,0,Low,96.51
2024-09-25,SUPP001,Surgical Masks Box,Medical Supplies,Europe,1243,10.0,1.2,0,Low,95.08
2024-09-25,SUPP002,Surgical Gloves Box,Medical Supplies,North America,1180,12.5,1.06,0,High,100.13
2024-09-25,SUPP002,Surgical Gloves Box,Medical Supplies,Europe,900,12.5,1.15,0,High,95.79
2024-09-26,DRUG001,Atorvastatin 20mg,Pharmaceuticals,North America,1268,1.25,0.96,0,Low,95.94
2024-09-26,DRUG001,Atorvastatin 20mg,Pharmaceuticals,Europe,1376,1.25,1.08,1,Medium,100.45
2024-09-26,DRUG002,Amoxicillin 500mg,Pharmaceuticals,North America,1103,0.85,1.16,0,Medium,100.53
2024-09-26,DRUG002,Amoxicillin 500mg,Pharmaceuticals,Europe,1002,0.85,1.11,0,Medium,95.25
2024-09-26,DRUG003,Insulin Glargine 10ml,Pharmaceuticals,North America,1249,25.0,1.05,0,Low,100.79
2024-09-26,DRUG003,Insulin Glargine 10ml,Pharmaceuticals,Europe,985,25.0,0.93,0,Low,103.15
2024-09-26,SUPP001,Surgical Masks Box,Medical Supplies,North America,1098,10.0,1.02,0,Low,101.1
2024-09-26,SUPP001,Surgical Masks Box,Medical Supplies,Europe,789,10.0,1.1,0,High,103.61
2024-09-26,SUPP002,Surgical Gloves Box,Medical Supplies,North America,1045,12.5,1.08,0,Low,104.69
2024-09-26,SUPP002,Surgical Gloves Box,Medical Supplies,Europe,807,12.5,1.07,1,Medium,95.28
2024-09-27,DRUG001,Atorvastatin 20mg,Pharmaceuticals,North America,1060,1.25,1.07,0,Medium,103.1
2024-09-27,DRUG001,Atorvastatin 20mg,Pharmaceuticals,Europe,885,1.25,1.13,0,Low,104.68
2024-09-27,DRUG002,Amoxicillin 500mg,Pharmaceuticals,North America,899,0.85,1.15,0,Low,96.81
2024-09-27,DRUG002,Amoxicillin 500mg,Pharmaceuticals,Europe,1214,0.85,0.93,0,Medium,97.59
2024-09-27,DRUG003,Insulin Glargine 10ml,Pharmaceuticals,North America,1111,25.0,0.93,0,Medium,102.16
2024-09-27,DRUG003,Insulin Glargine 10ml,Pharmaceuticals,Europe,1127,25.0,1.12,0,Low,103.44
2024-09-27,SUPP001,Surgical Masks Box,Medical Supplies,North America,911,10.0,0.91,0,Low,98.29
2024-09-27,SUPP001,Surgical Masks Box,Medical Supplies,Europe,1160,10.0,1.0,0,Low,100.66
2024-09-27,SUPP002,Surgical Gloves Box,Medical Supplies,North America,1102,12.5,0.97,0,Low,98.24
2024-09-27,SUPP002,Surgical Gloves Box,Medical Supplies,Europe,1243,12.5,1.05,1,Medium,100.25
2024-09-28,DRUG001,Atorvastatin 20mg,Pharmaceuticals,North America,724,1.25,1.18,0,Low,104.35
2024-09-28,DRUG001,Atorvastatin 20mg,Pharmaceuticals,Europe,1168,1.25,1.09,0,Medium,102.48
2024-09-28,DRUG002,Amoxicillin 500mg,Pharmaceuticals,North America,1023,0.85,1.1,0,Low,104.93
2024-09-28,DRUG002,Amoxicillin 500mg,Pharmaceuticals,Europe,1161,0.85,1.1,0,Medium,100.22
2024-09-28,DRUG003,Insulin Glargine 10ml,Pharmaceuticals,North America,1056,25.0,1.07,0,Low,100.38
2024-09-28,DRUG003,Insulin Glargine 10ml,Pharmaceuticals,Europe,926,25.0,1.13,1,High,103.64
2024-09-28,SUPP001,Surgical Masks Box,Medical Supplies,North America,1198,10.0,0.95,0,Low,103.58
2024-09-28,SUPP001,Surgical Masks Box,Medical Supplies,Europe,852,10.0,0.93,0,Low,100.73
2024-09-28,SUPP002,Surgical Gloves Box,Medical Supplies,North America,936,12.5,1.06,0,Low,96.34
2024-09-28,SUPP002,Surgical Gloves Box,Medical Supplies,Europe,1294,12.5,1.02,0,Low,103.46
2024-09-29,DRUG001,Atorvastatin 20mg,Pharmaceuticals,North America,841,1.25,1.02,1,Medium,95.41
2024-09-29,DRUG001,Atorvastatin 20mg,Pharmaceuticals,Europe,666,1.25,0.9,0,Low,99.85
2024-09-29,DRUG002,Amoxicillin 500mg,Pharmaceuticals,North America,852,0.85,1.01,0,Low,104.55
2024-09-29,DRUG002,Amoxicillin 500mg,Pharmaceuticals,Europe,1268,0.85,0.94,0,Low,99.91
2024-09-29,DRUG003,Insulin Glargine 10ml,Pharmaceuticals,North America,883,25.0,1.13,0,Medium,99.72
2024-09-29,DRUG003,Insulin Glargine 10ml,Pharmaceuticals,Europe,985,25.0,1.17,0,Medium,101.95
2024-09-29,SUPP001,Surgical Masks Box,Medical Supplies,North America,587,10.0,1.0,0,Medium,101.09
2024-09-29,SUPP001,Surgical Masks Box,Medical Supplies,Europe,1027,10.0,0.94,0,High,98.38
2024-09-29,SUPP002,Surgical Gloves Box,Medical Supplies,North America,1095,12.5,1.11,0,Medium,101.74
2024-09-29,SUPP002,Surgical Gloves Box,Medical Supplies,Europe,932,12.5,1.07,0,Medium,102.98
2024-09-30,DRUG001,Atorvastatin 20mg,Pharmaceuticals,North America,1351,1.25,1.2,0,Medium,97.46
2024-09-30,DRUG001,Atorvastatin 20mg,Pharmaceuticals,Europe,697,1.25,0.98,1,Low,97.17
2024-09-30,DRUG002,Amoxicillin 500mg,Pharmaceuticals,North America,249,0.85,1.09,0,Low,98.69
2024-09-30,DRUG002,Amoxicillin 500mg,Pharmaceuticals,Europe,869,0.85,1.06,0,Medium,100.49
2024-09-30,DRUG003,Insulin Glargine 10ml,Pharmaceuticals,North America,1240,25.0,0.93,0,Medium,97.8
2024-09-30,DRUG003,Insulin Glargine 10ml,Pharmaceuticals,Europe,768,25.0,1.05,0,Medium,98.47
2024-09-30,SUPP001,Surgical Masks Box,Medical Supplies,North America,1256,10.0,1.09,0,Medium,99.96
2024-09-30,SUPP001,Surgical Masks Box,Medical Supplies,Europe,1083,10.0,1.14,0,High,100.86
2024-09-30,SUPP002,Surgical Gloves Box,Medical Supplies,North America,816,12.5,1.1,0,Low,100.15
2024-09-30,SUPP002,Surgical Gloves Box,Medical Supplies,Europe,1485,12.5,0.98,0,Medium,95.81
2024-10-01,DRUG001,Atorvastatin 20mg,Pharmaceuticals,North America,1713,1.25,0.99,1,Medium,96.83
2024-10-01,DRUG001,Atorvastatin 20mg,Pharmaceuticals,Europe,1095,1.25,0.93,0,Low,96.93
2024-10-01,DRUG002,Amoxicillin 500mg,Pharmaceuticals,North America,1019,0.85,1.08,0,Medium,104.52
2024-10-01,DRUG002,Amoxicillin 500mg,Pharmaceuticals,Europe,862,0.85,1.19,0,High,97.09
2024-10-01,DRUG003,Insulin Glargine 10ml,Pharmaceuticals,North America,942,25.0,1.09,0,Low,99.8
2024-10-01,DRUG003,Insulin Glargine 10ml,Pharmaceuticals,Europe,643,25.0,1.09,0,Medium,97.25
2024-10-01,SUPP001,Surgical Masks Box,Medical Supplies,North America,995,10.0,1.06,0,Medium,97.55
2024-10-01,SUPP001,Surgical Masks Box,Medical Supplies,Europe,1096,10.0,0.96,0,Low,100.7
2024-10-01,SUPP002,Surgical Gloves Box,Medical Supplies,North America,1250,12.5,0.91,0,High,96.27
2024-10-01,SUPP002,Surgical Gloves Box,Medical Supplies,Europe,929,12.5,0.9,0,High,103.03
2024-10-02,DRUG001,Atorvastatin 20mg,Pharmaceuticals,North America,1380,1.25,1.05,1,Low,103.13
2024-10-02,DRUG001,Atorvastatin 20mg,Pharmaceuticals,Europe,637,1.25,0.95,0,Low,102.03
2024-10-02,DRUG002,Amoxicillin 500mg,Pharmaceuticals,North America,1155,0.85,1.11,0,Medium,97.39
2024-10-02,DRUG002,Amoxicillin 500mg,Pharmaceuticals,Europe,1578,0.85,1.03,0,Medium,102.02
2024-10-02,DRUG003,Insulin Glargine 10ml,Pharmaceuticals,North America,1333,25.0,0.99,0,Low,104.44
2024-10-02,DRUG003,Insulin Glargine 10ml,Pharmaceuticals,Europe,1304,25.0,1.0,0,Medium,104.06
2024-10-02,SUPP001,Surgical Masks Box,Medical Supplies,North America,402,10.0,1.03,0,Medium,104.33
2024-10-02,SUPP001,Surgical Masks Box,Medical Supplies,Europe,734,10.0,0.94,0,High,96.0
2024-10-02,SUPP002,Surgical Gloves Box,Medical Supplies,North America,1336,12.5,1.17,0,Low,96.06
2024-10-02,SUPP002,Surgical Gloves Box,Medical Supplies,Europe,994,12.5,1.08,0,Low,102.72
2024-10-03,DRUG001,Atorvastatin 20mg,Pharmaceuticals,North America,1195,1.25,0.93,0,High,102.21
2024-10-03,DRUG001,Atorvastatin 20mg,Pharmaceuticals,Europe,1143,1.25,1.14,1,High,100.2
2024-10-03,DRUG002,Amoxicillin 500mg,Pharmaceuticals,North America,1197,0.85,1.09,0,Medium,95.93
2024-10-03,DRUG002,Amoxicillin 500mg,Pharmaceuticals,Europe,463,0.85,1.13,0,Medium,103.61
2024-10-03,DRUG003,Insulin Glargine 10ml,Pharmaceuticals,North America,1011,25.0,0.95,0,High,104.34
2024-10-03,DRUG003,Insulin Glargine 10ml,Pharmaceuticals,Europe,739,25.0,1.16,0,Low,98.03
2024-10-03,SUPP001,Surgical Masks Box,Medical Supplies,North America,1787,10.0,1.13,0,Low,99.83
2024-10-03,SUPP001,Surgical Masks Box,Medical Supplies,Europe,972,10.0,0.95,0,Medium,102.41
2024-10-03,SUPP002,Surgical Gloves Box,Medical Supplies,North America,916,12.5,0.93,0,Medium,103.96
2024-10-03,SUPP002,Surgical Gloves Box,Medical Supplies,Europe,1032,12.5,1.07,0,Low,95.19
2024-10-04,DRUG001,Atorvastatin 20mg,Pharmaceuticals,North America,1146,1.25,1.18,0,Medium,98.51
2024-10-04,DRUG001,Atorvastatin 20mg,Pharmaceuticals,Europe,718,1.25,0.99,0,High,97.57
2024-10-04,DRUG002,Amoxicillin 500mg,Pharmaceuticals,North America,758,0.85,1.2,0,Low,103.28
2024-10-04,DRUG002,Amoxicillin 500mg,Pharmaceuticals,Europe,460,0.85,0.99,0,Medium,102.01
2024-10-04,DRUG003,Insulin Glargine 10ml,Pharmaceuticals,North America,962,25.0,1.0,0,Medium,97.9
2024-10-04,DRUG003,Insulin Glargine 10ml,Pharmaceuticals,Europe,865,25.0,1.08,0,Low,97.67
2024-10-04,SUPP001,Surgical Masks Box,Medical Supplies,North America,1460,10.0,0.95,0,High,95.74
2024-10-04,SUPP001,Surgical Masks Box,Medical Supplies,Europe,1317,10.0,1.05,0,Low,102.78
2024-10-04,SUPP002,Surgical Gloves Box,Medical Supplies,North America,870,12.5,0.94,0,Low,100.22
2024-10-04,SUPP002,Surgical Gloves Box,Medical Supplies,Europe,1342,12.5,0.91,0,Medium,99.59
2024-10-05,DRUG001,Atorvastatin 20mg,Pharmaceuticals,North America,841,1.25,0.95,0,Low,101.17
2024-10-05,DRUG001,Atorvastatin 20mg,Pharmaceuticals,Europe,653,1.25,0.98,0,Medium,99.23
2024-10-05,DRUG002,Amoxicillin 500mg,Pharmaceuticals,North America,743,0.85,1.15,0,Medium,103.77
2024-10-05,DRUG002,Amoxicillin 500mg,Pharmaceuticals,Europe,1527,0.85,1.15,0,Low,100.66
2024-10-05,DRUG003,Insulin Glargine 10ml,Pharmaceuticals,North America,1175,25.0,1.09,0,Medium,101.79
2024-10-05,DRUG003,Insulin Glargine 10ml,Pharmaceuticals,Europe,365,25.0,0.93,0,Medium,99.08
2024-10-05,SUPP001,Surgical Masks Box,Medical Supplies,North America,854,10.0,0.96,0,Medium,97.66
2024-10-05,SUPP001,Surgical Masks Box,Medical Supplies,Europe,1101,10.0,1.02,0,Low,95.95
2024-10-05,SUPP002,Surgical Gloves Box,Medical Supplies,North America,1319,12.5,0.98,0,Medium,103.55
2024-10-05,SUPP002,Surgical Gloves Box,Medical Supplies,Europe,1067,12.5,0.94,0,Low,96.06
2024-10-06,DRUG001,Atorvastatin 20mg,Pharmaceuticals,North America,1079,1.25,1.1,1,Medium,103.98
2024-10-06,DRUG001,Atorvastatin 20mg,Pharmaceuticals,Europe,1025,1.25,0.96,0,Medium,98.71
2024-10-06,DRUG002,Amoxicillin 500mg,Pharmaceuticals,North America,1341,0.85,1.0,0,Low,102.84
2024-10-06,DRUG002,Amoxicillin 500mg,Pharmaceuticals,Europe,636,0.85,0.99,0,Low,102.92
2024-10-06,DRUG003,Insulin Glargine 10ml,Pharmaceuticals,North America,640,25.0,0.96,0,Medium,100.48
2024-10-06,DRUG003,Insulin Glargine 10ml,Pharmaceuticals,Europe,1140,25.0,0.98,0,High,95.44
2024-10-06,SUPP001,Surgical Masks Box,Medical Supplies,North America,1529,10.0,1.08,0,Low,95.62
2024-10-06,SUPP001,Surgical Masks Box,Medical Supplies,Europe,531,10.0,1.07,0,Low,98.33
2024-10-06,SUPP002,Surgical Gloves Box,Medical Supplies,North America,1300,12.5,0.96,0,Medium,103.3
2024-10-06,SUPP002,Surgical Gloves Box,Medical Supplies,Europe,839,12.5,1.1,0,High,102.42
2024-10-07,DRUG001,Atorvastatin 20mg,Pharmaceuticals,North America,886,1.25,0.91,0,High,102.74
2024-10-07,DRUG001,Atorvastatin 20mg,Pharmaceuticals,Europe,1053,1.25,1.15,0,Low,101.78
2024-10-07,DRUG002,Amoxicillin 500mg,Pharmaceuticals,North America,1295,0.85,1.18,0,Low,104.08
2024-10-07,DRUG002,Amoxicillin 500mg,Pharmaceuticals,Europe,1357,0.85,0.95,0,High,98.1
2024-10-07,DRUG003,Insulin Glargine 10ml,Pharmaceuticals,North America,851,25.0,1.14,0,Medium,101.77
2024-10-07,DRUG003,Insulin Glargine 10ml,Pharmaceuticals,Europe,1292,25.0,1.05,0,High,102.34
2024-10-07,SUPP001,Surgical Masks Box,Medical Supplies,North America,981,10.0,1.06,0,High,95.55
2024-10-07,SUPP001,Surgical Masks Box,Medical Supplies,Europe,1162,10.0,1.01,0,Low,104.18
2024-10-07,SUPP002,Surgical Gloves Box,Medical Supplies,North America,1209,12.5,1.03,0,Medium,98.11
2024-10-07,SUPP002,Surgical Gloves Box,Medical Supplies,Europe,933,12.5,1.03,0,Low,97.9
2024-10-08,DRUG001,Atorvastatin 20mg,Pharmaceuticals,North America,836,1.25,1.09,0,Medium,104.87
2024-10-08,DRUG001,Atorvastatin 20mg,Pharmaceuticals,Europe,687,1.25,1.01,0,Low,98.92
2024-10-08,DRUG002,Amoxicillin 500mg,Pharmaceuticals,North America,734,0.85,0.95,0,High,101.24
2024-10-08,DRUG002,Amoxicillin 500mg,Pharmaceuticals,Europe,1213,0.85,1.19,1,Low,95.43
2024-10-08,DRUG003,Insulin Glargine 10ml,Pharmaceuticals,North America,1161,25.0,1.05,0,Low,95.47
2024-10-08,DRUG003,Insulin Glargine 10ml,Pharmaceuticals,Europe,263,25.0,1.16,1,Low,97.13
2024-10-08,SUPP001,Surgical Masks Box,Medical Supplies,North America,705,10.0,1.05,0,Medium,104.51
2024-10-08,SUPP001,Surgical Masks Box,Medical Supplies,Europe,578,10.0,0.93,0,Low,98.78
2024-10-08,SUPP002,Surgical Gloves Box,Medical Supplies,North America,1115,12.5,1.11,0,Medium,98.21
2024-10-08,SUPP002,Surgical Gloves Box,Medical Supplies,Europe,1056,12.5,1.13,0,Medium,100.37
2024-10-09,DRUG001,Atorvastatin 20mg,Pharmaceuticals,North America,1206,1.25,1.0,0,High,97.34
2024-10-09,DRUG001,Atorvastatin 20mg,Pharmaceuticals,Europe,1169,1.25,1.12,0,Low,100.75
2024-10-09,DRUG002,Amoxicillin 500mg,Pharmaceuticals,North America,1007,0.85,1.16,0,High,102.69
2024-10-09,DRUG002,Amoxicillin 500mg,Pharmaceuticals,Europe,1391,0.85,1.15,0,Low,97.42
2024-10-09,DRUG003,Insulin Glargine 10ml,Pharmaceuticals,North America,798,25.0,0.95,0,Medium,103.75
2024-10-09,DRUG003,Insulin Glargine 10ml,Pharmaceuticals,Europe,1140,25.0,0.94,0,Low,95.1
2024-10-09,SUPP001,Surgical Masks Box,Medical Supplies,North America,754,10.0,0.93,0,Low,95.46
2024-10-09,SUPP001,Surgical Masks Box,Medical Supplies,Europe,559,10.0,1.11,0,High,99.86
2024-10-09,SUPP002,Surgical Gloves Box,Medical Supplies,North America,396,12.5,0.9,0,Medium,104.38
2024-10-09,SUPP002,Surgical Gloves Box,Medical Supplies,Europe,1563,12.5,1.08,1,High,104.54
2024-10-10,DRUG001,Atorvastatin 20mg,Pharmaceuticals,North America,732,1.25,1.14,0,Low,102.65
2024-10-10,DRUG001,Atorvastatin 20mg,Pharmaceuticals,Europe,868,1.25,1.07,0,Medium,104.31
2024-10-10,DRUG002,Amoxicillin 500mg,Pharmaceuticals,North America,1444,0.85,0.91,0,High,100.0
2024-10-10,DRUG002,Amoxicillin 500mg,Pharmaceuticals,Europe,1009,0.85,1.0,0,High,96.77
2024-10-10,DRUG003,Insulin Glargine 10ml,Pharmaceuticals,North America,664,25.0,1.05,0,High,99.13
2024-10-10,DRUG003,Insulin Glargine 10ml,Pharmaceuticals,Europe,906,25.0,1.07,0,Low,101.74
2024-10-10,SUPP001,Surgical Masks Box,Medical Supplies,North America,770,10.0,0.95,0,Low,97.66
2024-10-10,SUPP001,Surgical Masks Box,Medical Supplies,Europe,1348,10.0,1.19,0,High,96.95
2024-10-10,SUPP002,Surgical Gloves Box,Medical Supplies,North America,868,12.5,1.05,0,Medium,103.49
2024-10-10,SUPP002,Surgical Gloves Box,Medical Supplies,Europe,1367,12.5,0.92,1,High,100.93
2024-10-11,DRUG001,Atorvastatin 20mg,Pharmaceuticals,North America,1143,1.25,1.06,0,High,95.87
2024-10-11,DRUG001,Atorvastatin 20mg,Pharmaceuticals,Europe,858,1.25,1.08,0,High,97.97
2024-10-11,DRUG002,Amoxicillin 500mg,Pharmaceuticals,North America,1052,0.85,0.94,0,Low,100.68
2024-10-11,DRUG002,Amoxicillin 500mg,Pharmaceuticals,Europe,961,0.85,1.08,0,High,96.32
2024-10-11,DRUG003,Insulin Glargine 10ml,Pharmaceuticals,North America,623,25.0,1.09,0,Low,104.47
2024-10-11,DRUG003,Insulin Glargine 10ml,Pharmaceuticals,Europe,412,25.0,1.02,0,Medium,97.17
2024-10-11,SUPP001,Surgical Masks Box,Medical Supplies,North America,869,10.0,1.03,0,Medium,95.0
2024-10-11,SUPP001,Surgical Masks Box,Medical Supplies,Europe,855,10.0,1.18,0,High,98.6
2024-10-11,SUPP002,Surgical Gloves Box,Medical Supplies,North America,705,12.5,1.15,0,Low,99.91
2024-10-11,SUPP002,Surgical Gloves Box,Medical Supplies,Europe,1145,12.5,1.08,0,Low,99.22
2024-10-12,DRUG001,Atorvastatin 20mg,Pharmaceuticals,North America,1451,1.25,0.93,0,Low,99.88
2024-10-12,DRUG001,Atorvastatin 20mg,Pharmaceuticals,Europe,1567,1.25,1.12,0,Low,99.39
2024-10-12,DRUG002,Amoxicillin 500mg,Pharmaceuticals,North America,1149,0.85,0.95,0,Medium,97.28
2024-10-12,DRUG002,Amoxicillin 500mg,Pharmaceuticals,Europe,799,0.85,0.92,0,Low,100.88
2024-10-12,DRUG003,Insulin Glargine 10ml,Pharmaceuticals,North America,764,25.0,1.05,1,Medium,104.97
2024-10-12,DRUG003,Insulin Glargine 10ml,Pharmaceuticals,Europe,1349,25.0,0.95,0,Medium,103.72
2024-10-12,SUPP001,Surgical Masks Box,Medical Supplies,North America,921,10.0,0.94,1,Medium,104.1
2024-10-12,SUPP001,Surgical Masks Box,Medical Supplies,Europe,853,10.0,0.99,0,Low,100.97
2024-10-12,SUPP002,Surgical Gloves Box,Medical Supplies,North America,893,12.5,1.17,0,Medium,102.36
2024-10-12,SUPP002,Surgical Gloves Box,Medical Supplies,Europe,1321,12.5,0.98,0,Low,95.45
2024-10-13,DRUG001,Atorvastatin 20mg,Pharmaceuticals,North America,1271,1.25,0.97,0,High,100.59
2024-10-13,DRUG001,Atorvastatin 20mg,Pharmaceuticals,Europe,1281,1.25,1.1,0,Medium,96.45
2024-10-13,DRUG002,Amoxicillin 500mg,Pharmaceuticals,North America,933,0.85,1.15,0,Low,96.71
2024-10-13,DRUG002,Amoxicillin 500mg,Pharmaceuticals,Europe,1425,0.85,1.12,0,Medium,99.92
2024-10-13,DRUG003,Insulin Glargine 10ml,Pharmaceuticals,North America,530,25.0,1.01,0,Low,100.01
2024-10-13,DRUG003,Insulin Glargine 10ml,Pharmaceuticals,Europe,1089,25.0,0.95,0,Low,97.86
2024-10-13,SUPP001,Surgical Masks Box,Medical Supplies,North America,679,10.0,1.15,1,Medium,103.23
2024-10-13,SUPP001,Surgical Masks Box,Medical Supplies,Europe,1140,10.0,0.97,0,Low,98.42
2024-10-13,SUPP002,Surgical Gloves Box,Medical Supplies,North America,506,12.5,1.02,0,Low,95.19
2024-10-13,SUPP002,Surgical Gloves Box,Medical Supplies,Europe,601,12.5,1.05,0,Low,96.34
2024-10-14,DRUG001,Atorvastatin 20mg,Pharmaceuticals,North America,522,1.25,1.16,0,Low,99.48
2024-10-14,DRUG001,Atorvastatin 20mg,Pharmaceuticals,Europe,1017,1.25,1.2,0,Low,95.17
2024-10-14,DRUG002,Amoxicillin 500mg,Pharmaceuticals,North America,563,0.85,1.09,0,Low,95.69
2024-10-14,DRUG002,Amoxicillin 500mg,Pharmaceuticals,Europe,977,0.85,1.13,0,High,97.6
2024-10-14,DRUG003,Insulin Glargine 10ml,Pharmaceuticals,North America,753,25.0,0.99,0,High,98.21
2024-10-14,DRUG003,Insulin Glargine 10ml,Pharmaceuticals,Europe,1098,25.0,1.14,0,Low,103.76
2024-10-14,SUPP001,Surgical Masks Box,Medical Supplies,North America,1659,10.0,1.05,0,High,97.95
2024-10-14,SUPP001,Surgical Masks Box,Medical Supplies,Europe,1041,10.0,0.91,0,High,98.67
2024-10-14,SUPP002,Surgical Gloves Box,Medical Supplies,North America,1167,12.5,0.92,0,Low,100.98
2024-10-14,SUPP002,Surgical Gloves Box,Medical Supplies,Europe,699,12.5,0.91,0,Medium,99.87
2024-10-15,DRUG001,Atorvastatin 20mg,Pharmaceuticals,North America,891,1.25,1.09,0,Medium,102.13
2024-10-15,DRUG001,Atorvastatin 20mg,Pharmaceuticals,Europe,419,1.25,1.03,0,High,102.85
2024-10-15,DRUG002,Amoxicillin 500mg,Pharmaceuticals,North America,998,0.85,1.17,0,Medium,99.65
2024-10-15,DRUG002,Amoxicillin 500mg,Pharmaceuticals,Europe,1005,0.85,1.03,0,Low,103.66
2024-10-15,DRUG003,Insulin Glargine 10ml,Pharmaceuticals,North America,1269,25.0,0.9,0,Medium,100.05
2024-10-15,DRUG003,Insulin Glargine 10ml,Pharmaceuticals,Europe,1034,25.0,1.12,0,Low,102.03
2024-10-15,SUPP001,Surgical Masks Box,Medical Supplies,North America,526,10.0,1.05,0,Medium,95.03
2024-10-15,SUPP001,Surgical Masks Box,Medical Supplies,Europe,1037,10.0,1.08,0,Medium,103.89
2024-10-15,SUPP002,Surgical Gloves Box,Medical Supplies,North America,414,12.5,0.93,0,Low,103.03
2024-10-15,SUPP002,Surgical Gloves Box,Medical Supplies,Europe,777,12.5,1.14,0,Low,96.18
2024-10-16,DRUG001,Atorvastatin 20mg,Pharmaceuticals,North America,1221,1.25,0.98,0,Low,100.77
2024-10-16,DRUG001,Atorvastatin 20mg,Pharmaceuticals,Europe,574,1.25,0.94,0,Low,98.14
2024-10-16,DRUG002,Amoxicillin 500mg,Pharmaceuticals,North America,678,0.85,1.17,0,Low,97.18
2024-10-16,DRUG002,Amoxicillin 500mg,Pharmaceuticals,Europe,1182,0.85,0.98,0,Low,103.6
2024-10-16,DRUG003,Insulin Glargine 10ml,Pharmaceuticals,North America,1224,25.0,0.93,0,Low,102.21
2024-10-16,DRUG003,Insulin Glargine 10ml,Pharmaceuticals,Europe,1112,25.0,1.19,0,Low,98.17
2024-10-16,SUPP001,Surgical Masks Box,Medical Supplies,North America,937,10.0,0.99,0,Medium,102.71
2024-10-16,SUPP001,Surgical Masks Box,Medical Supplies,Europe,883,10.0,0.94,0,Medium,100.72
2024-10-16,SUPP002,Surgical Gloves Box,Medical Supplies,North America,1047,12.5,1.0,0,Medium,98.23
2024-10-16,SUPP002,Surgical Gloves Box,Medical Supplies,Europe,952,12.5,1.07,0,Low,104.04
2024-10-17,DRUG001,Atorvastatin 20mg,Pharmaceuticals,North America,1332,1.25,1.0,0,Low,102.52
2024-10-17,DRUG001,Atorvastatin 20mg,Pharmaceuticals,Europe,678,1.25,1.12,0,Low,104.22
2024-10-17,DRUG002,Amoxicillin 500mg,Pharmaceuticals,North America,1004,0.85,1.05,0,Low,101.54
2024-10-17,DRUG002,Amoxicillin 500mg,Pharmaceuticals,Europe,1300,0.85,1.04,0,Low,100.93
2024-10-17,DRUG003,Insulin Glargine 10ml,Pharmaceuticals,North America,1359,25.0,1.1,0,High,99.08
2024-10-17,DRUG003,Insulin Glargine 10ml,Pharmaceuticals,Europe,1059,25.0,0.94,0,High,95.75
2024-10-17,SUPP001,Surgical Masks Box,Medical Supplies,North America,703,10.0,0.91,0,Medium,101.01
2024-10-17,SUPP001,Surgical Masks Box,Medical Supplies,Europe,1044,10.0,1.16,0,Low,103.65
2024-10-17,SUPP002,Surgical Gloves Box,Medical Supplies,North America,466,12.5,1.12,0,Medium,102.92
2024-10-17,SUPP002,Surgical Gloves Box,Medical Supplies,Europe,1007,12.5,0.98,0,High,101.15
2024-10-18,DRUG001,Atorvastatin 20mg,Pharmaceuticals,North America,1043,1.25,1.11,0,Medium,95.42
2024-10-18,DRUG001,Atorvastatin 20mg,Pharmaceuticals,Europe,526,1.25,0.99,0,Low,97.22
2024-10-18,DRUG002,Amoxicillin 500mg,Pharmaceuticals,North America,1106,0.85,1.05,0,Low,100.74
2024-10-18,DRUG002,Amoxicillin 500mg,Pharmaceuticals,Europe,1231,0.85,0.95,0,Medium,99.77
2024-10-18,DRUG003,Insulin Glargine 10ml,Pharmaceuticals,North America,1417,25.0,1.1,0,Low,98.14
2024-10-18,DRUG003,Insulin Glargine 10ml,Pharmaceuticals,Europe,893,25.0,1.08,0,High,102.9
2024-10-18,SUPP001,Surgical Masks Box,Medical Supplies,North America,822,10.0,0.96,0,Medium,98.87
2024-10-18,SUPP001,Surgical Masks Box,Medical Supplies,Europe,1320,10.0,1.15,1,Medium,99.57
2024-10-18,SUPP002,Surgical Gloves Box,Medical Supplies,North America,828,12.5,1.17,0,Medium,101.34
2024-10-18,SUPP002,Surgical Gloves Box,Medical Supplies,Europe,1474,12.5,0.96,0,High,96.83
2024-10-19,DRUG001,Atorvastatin 20mg,Pharmaceuticals,North America,975,1.25,0.93,0,Low,101.17
2024-10-19,DRUG001,Atorvastatin 20mg,Pharmaceuticals,Europe,609,1.25,1.0,0,Medium,98.88
2024-10-19,DRUG002,Amoxicillin 500mg,Pharmaceuticals,North America,1055,0.85,1.11,0,Low,95.21
2024-10-19,DRUG002,Amoxicillin 500mg,Pharmaceuticals,Europe,1008,0.85,0.91,1,High,98.35
2024-10-19,DRUG003,Insulin Glargine 10ml,Pharmaceuticals,North America,771,25.0,1.0,0,Medium,103.66
2024-10-19,DRUG003,Insulin Glargine 10ml,Pharmaceuticals,Europe,865,25.0,1.12,0,Medium,102.38
2024-10-19,SUPP001,Surgical Masks Box,Medical Supplies,North America,376,10.0,0.98,0,High,100.81
2024-10-19,SUPP001,Surgical Masks Box,Medical Supplies,Europe,907,10.0,1.17,0,Medium,103.54
2024-10-19,SUPP002,Surgical Gloves Box,Medical Supplies,North America,1179,12.5,1.08,0,Low,100.56
2024-10-19,SUPP002,Surgical Gloves Box,Medical Supplies,Europe,1054,12.5,1.17,0,Medium,102.7
2024-10-20,DRUG001,Atorvastatin 20mg,Pharmaceuticals,North America,585,1.25,0.96,0,Low,101.11
2024-10-20,DRUG001,Atorvastatin 20mg,Pharmaceuticals,Europe,754,1.25,1.11,0,Medium,104.53
2024-10-20,DRUG002,Amoxicillin 500mg,Pharmaceuticals,North America,1281,0.85,1.13,0,Low,101.83
2024-10-20,DRUG002,Amoxicillin 500mg,Pharmaceuticals,Europe,917,0.85,0.94,0,Medium,101.8
2024-10-20,DRUG003,Insulin Glargine 10ml,Pharmaceuticals,North America,1047,25.0,1.1,0,Medium,99.38
2024-10-20,DRUG003,Insulin Glargine 10ml,Pharmaceuticals,Europe,1216,25.0,1.16,0,Medium,99.33
2024-10-20,SUPP001,Surgical Masks Box,Medical Supplies,North America,911,10.0,1.11,0,Medium,96.09
2024-10-20,SUPP001,Surgical Masks Box,Medical Supplies,Europe,390,10.0,1.01,0,Medium,96.87
2024-10-20,SUPP002,Surgical Gloves Box,Medical Supplies,North America,1007,12.5,1.2,1,Medium,103.42
2024-10-20,SUPP002,Surgical Gloves Box,Medical Supplies,Europe,982,12.5,0.98,0,Low,102.07
2024-10-21,DRUG001,Atorvastatin 20mg,Pharmaceuticals,North America,1438,1.25,1.18,0,Medium,97.7
2024-10-21,DRUG001,Atorvastatin 20mg,Pharmaceuticals,Europe,1052,1.25,1.16,0,Low,102.21
2024-10-21,DRUG002,Amoxicillin 500mg,Pharmaceuticals,North America,895,0.85,1.07,0,Low,103.41
2024-10-21,DRUG002,Amoxicillin 500mg,Pharmaceuticals,Europe,900,0.85,1.14,0,Medium,95.4
2024-10-21,DRUG003,Insulin Glargine 10ml,Pharmaceuticals,North America,591,25.0,0.95,0,Low,102.29
2024-10-21,DRUG003,Insulin Glargine 10ml,Pharmaceuticals,Europe,770,25.0,1.08,1,Low,95.6
2024-10-21,SUPP001,Surgical Masks Box,Medical Supplies,North America,1009,10.0,1.05,0,Low,99.31
2024-10-21,SUPP001,Surgical Masks Box,Medical Supplies,Europe,1445,10.0,0.9,0,Medium,96.5
2024-10-21,SUPP002,Surgical Gloves Box,Medical Supplies,North America,782,12.5,0.93,0,Low,95.35
2024-10-21,SUPP002,Surgical Gloves Box,Medical Supplies,Europe,1268,12.5,0.94,0,Low,103.0
2024-10-22,DRUG001,Atorvastatin 20mg,Pharmaceuticals,North America,884,1.25,0.94,0,High,104.64
2024-10-22,DRUG001,Atorvastatin 20mg,Pharmaceuticals,Europe,1128,1.25,0.9,0,Medium,103.29
2024-10-22,DRUG002,Amoxicillin 500mg,Pharmaceuticals,North America,1053,0.85,0.99,0,Medium,96.58
2024-10-22,DRUG002,Amoxicillin 500mg,Pharmaceuticals,Europe,870,0.85,1.12,0,High,98.78
2024-10-22,DRUG003,Insulin Glargine 10ml,Pharmaceuticals,North America,1571,25.0,1.01,0,Medium,96.65
2024-10-22,DRUG003,Insulin Glargine 10ml,Pharmaceuticals,Europe,905,25.0,1.09,0,High,101.91
2024-10-22,SUPP001,Surgical Masks Box,Medical Supplies,North America,991,10.0,1.11,0,Medium,97.22
2024-10-22,SUPP001,Surgical Masks Box,Medical Supplies,Europe,699,10.0,1.05,1,Medium,99.24
2024-10-22,SUPP002,Surgical Gloves Box,Medical Supplies,North America,936,12.5,1.01,1,Low,100.37
2024-10-22,SUPP002,Surgical Gloves Box,Medical Supplies,Europe,1812,12.5,1.07,0,Medium,98.37
2024-10-23,DRUG001,Atorvastatin 20mg,Pharmaceuticals,North America,968,1.25,1.06,0,Low,102.81
2024-10-23,DRUG001,Atorvastatin 20mg,Pharmaceuticals,Europe,1262,1.25,1.05,0,Medium,103.74
2024-10-23,DRUG002,Amoxicillin 500mg,Pharmaceuticals,North America,1366,0.85,0.98,0,Low,95.2
2024-10-23,DRUG002,Amoxicillin 500mg,Pharmaceuticals,Europe,873,0.85,0.93,0,Low,101.3
2024-10-23,DRUG003,Insulin Glargine 10ml,Pharmaceuticals,North America,1339,25.0,0.91,0,Medium,98.83
2024-10-23,DRUG003,Insulin Glargine 10ml,Pharmaceuticals,Europe,736,25.0,0.94,1,Low,102.21
2024-10-23,SUPP001,Surgical Masks Box,Medical Supplies,North America,1119,10.0,1.02,1,Low,95.09
2024-10-23,SUPP001,Surgical Masks Box,Medical Supplies,Europe,911,10.0,1.06,0,Low,97.35
2024-10-23,SUPP002,Surgical Gloves Box,Medical Supplies,North America,1939,12.5,1.11,0,Medium,95.03
2024-10-23,SUPP002,Surgical Gloves Box,Medical Supplies,Europe,676,12.5,0.98,0,High,96.27
2024-10-24,DRUG001,Atorvastatin 20mg,Pharmaceuticals,North America,1148,1.25,1.01,0,High,104.87
2024-10-24,DRUG001,Atorvastatin 20mg,Pharmaceuticals,Europe,708,1.25,1.01,0,High,95.92
2024-10-24,DRUG002,Amoxicillin 500mg,Pharmaceuticals,North America,353,0.85,0.99,1,Medium,98.89
2024-10-24,DRUG002,Amoxicillin 500mg,Pharmaceuticals,Europe,748,0.85,1.15,0,High,97.66
2024-10-24,DRUG003,Insulin Glargine 10ml,Pharmaceuticals,North America,782,25.0,1.06,0,Low,104.95
2024-10-24,DRUG003,Insulin Glargine 10ml,Pharmaceuticals,Europe,761,25.0,1.17,0,High,104.35
2024-10-24,SUPP001,Surgical Masks Box,Medical Supplies,North America,1064,10.0,1.16,0,Low,98.67
2024-10-24,SUPP001,Surgical Masks Box,Medical Supplies,Europe,1607,10.0,1.03,1,Medium,103.75
2024-10-24,SUPP002,Surgical Gloves Box,Medical Supplies,North America,762,12.5,1.12,0,Medium,103.06
2024-10-24,SUPP002,Surgical Gloves Box,Medical Supplies,Europe,1322,12.5,1.08,0,Low,102.5
2024-10-25,DRUG001,Atorvastatin 20mg,Pharmaceuticals,North America,1064,1.25,1.03,0,Low,98.61
2024-10-25,DRUG001,Atorvastatin 20mg,Pharmaceuticals,Europe,577,1.25,1.1,0,Medium,100.11
2024-10-25,DRUG002,Amoxicillin 500mg,Pharmaceuticals,North America,586,0.85,1.07,0,Low,97.31
2024-10-25,DRUG002,Amoxicillin 500mg,Pharmaceuticals,Europe,609,0.85,0.97,0,Low,96.71
2024-10-25,DRUG003,Insulin Glargine 10ml,Pharmaceuticals,North America,908,25.0,0.92,0,Low,97.2
2024-10-25,DRUG003,Insulin Glargine 10ml,Pharmaceuticals,Europe,1303,25.0,1.16,1,High,102.3
2024-10-25,SUPP001,Surgical Masks Box,Medical Supplies,North America,1428,10.0,1.18,0,Low,96.64
2024-10-25,SUPP001,Surgical Masks Box,Medical Supplies,Europe,1140,10.0,1.08,0,High,101.12
2024-10-25,SUPP002,Surgical Gloves Box,Medical Supplies,North America,155,12.5,1.11,0,High,101.7
2024-10-25,SUPP002,Surgical Gloves Box,Medical Supplies,Europe,985,12.5,1.1,1,High,96.98
2024-10-26,DRUG001,Atorvastatin 20mg,Pharmaceuticals,North America,870,1.25,1.04,0,Medium,99.69
2024-10-26,DRUG001,Atorvastatin 20mg,Pharmaceuticals,Europe,1119,1.25,1.09,0,Medium,97.94
2024-10-26,DRUG002,Amoxicillin 500mg,Pharmaceuticals,North America,1056,0.85,1.05,1,Low,100.28
2024-10-26,DRUG002,Amoxicillin 500mg,Pharmaceuticals,Europe,1367,0.85,1.1,0,Low,103.02
2024-10-26,DRUG003,Insulin Glargine 10ml,Pharmaceuticals,North America,987,25.0,1.09,0,Medium,103.66
2024-10-26,DRUG003,Insulin Glargine 10ml,Pharmaceuticals,Europe,519,25.0,1.02,0,Medium,98.0
2024-10-26,SUPP001,Surgical Masks Box,Medical Supplies,North America,1298,10.0,1.12,0,High,101.9
2024-10-26,SUPP001,Surgical Masks Box,Medical Supplies,Europe,641,10.0,1.1,0,Medium,99.34
2024-10-26,SUPP002,Surgical Gloves Box,Medical Supplies,North America,1218,12.5,0.93,0,Medium,102.37
2024-10-26,SUPP002,Surgical Gloves Box,Medical Supplies,Europe,1430,12.5,1.12,0,Low,97.93
2024-10-27,DRUG001,Atorvastatin 20mg,Pharmaceuticals,North America,1244,1.25,0.95,0,Medium,104.65
2024-10-27,DRUG001,Atorvastatin 20mg,Pharmaceuticals,Europe,786,1.25,1.2,1,Medium,102.46
2024-10-27,DRUG002,Amoxicillin 500mg,Pharmaceuticals,North America,1165,0.85,1.19,0,Medium,99.6
2024-10-27,DRUG002,Amoxicillin 500mg,Pharmaceuticals,Europe,1118,0.85,1.1,0,High,99.56
2024-10-27,DRUG003,Insulin Glargine 10ml,Pharmaceuticals,North America,780,25.0,1.11,0,Low,97.92
2024-10-27,DRUG003,Insulin Glargine 10ml,Pharmaceuticals,Europe,788,25.0,0.95,0,Low,99.62
2024-10-27,SUPP001,Surgical Masks Box,Medical Supplies,North America,1181,10.0,0.99,0,Low,99.34
2024-10-27,SUPP001,Surgical Masks Box,Medical Supplies,Europe,793,10.0,1.04,0,High,104.05
2024-10-27,SUPP002,Surgical Gloves Box,Medical Supplies,North America,864,12.5,1.08,0,Medium,98.9
2024-10-27,SUPP002,Surgical Gloves Box,Medical Supplies,Europe,1032,12.5,1.15,1,Medium,99.61
2024-10-28,DRUG001,Atorvastatin 20mg,Pharmaceuticals,North America,610,1.25,1.18,0,Low,102.63
2024-10-28,DRUG001,Atorvastatin 20mg,Pharmaceuticals,Europe,1115,1.25,0.97,0,Medium,101.71
2024-10-28,DRUG002,Amoxicillin 500mg,Pharmaceuticals,North America,1567,0.85,0.93,0,Low,104.73
2024-10-28,DRUG002,Amoxicillin 500mg,Pharmaceuticals,Europe,1252,0.85,0.91,0,High,104.83
2024-10-28,DRUG003,Insulin Glargine 10ml,Pharmaceuticals,North America,384,25.0,1.14,0,Low,99.89
2024-10-28,DRUG003,Insulin Glargine 10ml,Pharmaceuticals,Europe,1378,25.0,0.95,0,High,102.05
2024-10-28,SUPP001,Surgical Masks Box,Medical Supplies,North America,1305,10.0,0.94,0,Medium,95.61
2024-10-28,SUPP001,Surgical Masks Box,Medical Supplies,Europe,951,10.0,0.93,0,High,104.08
2024-10-28,SUPP002,Surgical Gloves Box,Medical Supplies,North America,656,12.5,0.95,0,Low,95.83
2024-10-28,SUPP002,Surgical Gloves Box,Medical Supplies,Europe,967,12.5,1.1,0,Low,102.79
2024-10-29,DRUG001,Atorvastatin 20mg,Pharmaceuticals,North America,984,1.25,0.93,1,Medium,97.47
2024-10-29,DRUG001,Atorvastatin 20mg,Pharmaceuticals,Europe,1462,1.25,1.08,0,Medium,99.74
2024-10-29,DRUG002,Amoxicillin 500mg,Pharmaceuticals,North America,1518,0.85,1.08,0,Low,98.05
2024-10-29,DRUG002,Amoxicillin 500mg,Pharmaceuticals,Europe,968,0.85,1.03,0,Medium,96.95
2024-10-29,DRUG003,Insulin Glargine 10ml,Pharmaceuticals,North America,1297,25.0,0.94,0,High,96.93
2024-10-29,DRUG003,Insulin Glargine 10ml,Pharmaceuticals,Europe,1222,25.0,1.17,0,Medium,95.52
2024-10-29,SUPP001,Surgical Masks Box,Medical Supplies,North America,956,10.0,1.12,0,Medium,97.64
2024-10-29,SUPP001,Surgical Masks Box,Medical Supplies,Europe,1498,10.0,0.94,0,High,96.24
2024-10-29,SUPP002,Surgical Gloves Box,Medical Supplies,North America,530,12.5,1.16,0,High,102.37
2024-10-29,SUPP002,Surgical Gloves Box,Medical Supplies,Europe,673,12.5,1.16,0,Low,96.35
2024-10-30,DRUG001,Atorvastatin 20mg,Pharmaceuticals,North America,1534,1.25,0.95,0,Medium,97.3
2024-10-30,DRUG001,Atorvastatin 20mg,Pharmaceuticals,Europe,910,1.25,1.04,0,Medium,100.41
2024-10-30,DRUG002,Amoxicillin 500mg,Pharmaceuticals,North America,604,0.85,0.98,0,Medium,100.8
2024-10-30,DRUG002,Amoxicillin 500mg,Pharmaceuticals,Europe,1259,0.85,1.09,0,High,102.7
2024-10-30,DRUG003,Insulin Glargine 10ml,Pharmaceuticals,North America,1230,25.0,0.95,0,High,98.1
2024-10-30,DRUG003,Insulin Glargine 10ml,Pharmaceuticals,Europe,1049,25.0,0.9,0,Low,103.73
2024-10-30,SUPP001,Surgical Masks Box,Medical Supplies,North America,1049,10.0,1.01,0,High,102.46
2024-10-30,SUPP001,Surgical Masks Box,Medical Supplies,Europe,857,10.0,1.0,0,Medium,103.37
2024-10-30,SUPP002,Surgical Gloves Box,Medical Supplies,North America,1266,12.5,0.97,0,Medium,100.17
2024-10-30,SUPP002,Surgical Gloves Box,Medical Supplies,Europe,1410,12.5,1.05,0,High,102.42
2024-10-31,DRUG001,Atorvastatin 20mg,Pharmaceuticals,North America,1007,1.25,1.09,0,Low,99.44
2024-10-31,DRUG001,Atorvastatin 20mg,Pharmaceuticals,Europe,1349,1.25,1.09,1,Low,97.13
2024-10-31,DRUG002,Amoxicillin 500mg,Pharmaceuticals,North America,778,0.85,0.98,0,High,101.37
2024-10-31,DRUG002,Amoxicillin 500mg,Pharmaceuticals,Europe,661,0.85,0.97,0,Medium,97.19
2024-10-31,DRUG003,Insulin Glargine 10ml,Pharmaceuticals,North America,1360,25.0,1.12,0,Low,103.03
2024-10-31,DRUG003,Insulin Glargine 10ml,Pharmaceuticals,Europe,828,25.0,0.99,0,Medium,97.64
2024-10-31,SUPP001,Surgical Masks Box,Medical Supplies,North America,878,10.0,0.97,0,Medium,100.99
2024-10-31,SUPP001,Surgical Masks Box,Medical Supplies,Europe,905,10.0,1.08,0,High,104.14
2024-10-31,SUPP002,Surgical Gloves Box,Medical Supplies,North America,1139,12.5,0.92,0,Medium,99.87
2024-10-31,SUPP002,Surgical Gloves Box,Medical Supplies,Europe,570,12.5,1.13,0,Low,103.72
2024-11-01,DRUG001,Atorvastatin 20mg,Pharmaceuticals,North America,1016,1.25,1.13,0,High,99.86
2024-11-01,DRUG001,Atorvastatin 20mg,Pharmaceuticals,Europe,196,1.25,1.19,0,Medium,98.81
2024-11-01,DRUG002,Amoxicillin 500mg,Pharmaceuticals,North America,1061,0.85,1.09,0,Medium,96.59
2024-11-01,DRUG002,Amoxicillin 500mg,Pharmaceuticals,Europe,1143,0.85,1.0,0,Low,99.37
2024-11-01,DRUG003,Insulin Glargine 10ml,Pharmaceuticals,North America,803,25.0,0.92,0,Medium,96.77
2024-11-01,DRUG003,Insulin Glargine 10ml,Pharmaceuticals,Europe,1149,25.0,1.14,0,Low,98.76
2024-11-01,SUPP001,Surgical Masks Box,Medical Supplies,North America,1083,10.0,1.05,0,High,95.16
2024-11-01,SUPP001,Surgical Masks Box,Medical Supplies,Europe,914,10.0,0.92,0,Low,101.58
2024-11-01,SUPP002,Surgical Gloves Box,Medical Supplies,North America,634,12.5,0.94,0,High,101.94
2024-11-01,SUPP002,Surgical Gloves Box,Medical Supplies,Europe,1169,12.5,1.08,0,Medium,95.89
2024-11-02,DRUG001,Atorvastatin 20mg,Pharmaceuticals,North America,1385,1.25,1.05,0,Low,100.5
2024-11-02,DRUG001,Atorvastatin 20mg,Pharmaceuticals,Europe,1533,1.25,0.92,0,Medium,104.2
2024-11-02,DRUG002,Amoxicillin 500mg,Pharmaceuticals,North America,1058,0.85,1.15,1,High,101.78
2024-11-02,DRUG002,Amoxicillin 500mg,Pharmaceuticals,Europe,724,0.85,0.96,0,Low,101.12
2024-11-02,DRUG003,Insulin Glargine 10ml,Pharmaceuticals,North America,869,25.0,1.17,0,High,104.02
2024-11-02,DRUG003,Insulin Glargine 10ml,Pharmaceuticals,Europe,1066,25.0,0.96,0,Low,102.75
2024-11-02,SUPP001,Surgical Masks Box,Medical Supplies,North America,1235,10.0,0.96,0,High,101.65
2024-11-02,SUPP001,Surgical Masks Box,Medical Supplies,Europe,1002,10.0,0.92,0,Low,95.31
2024-11-02,SUPP002,Surgical Gloves Box,Medical Supplies,North America,633,12.5,1.14,0,Medium,95.16
2024-11-02,SUPP002,Surgical Gloves Box,Medical Supplies,Europe,741,12.5,0.9,0,Low,98.74
2024-11-03,DRUG001,Atorvastatin 20mg,Pharmaceuticals,North America,1039,1.25,1.01,0,Low,103.98
2024-11-03,DRUG001,Atorvastatin 20mg,Pharmaceuticals,Europe,1008,1.25,1.11,0,Low,96.35
2024-11-03,DRUG002,Amoxicillin 500mg,Pharmaceuticals,North America,1175,0.85,1.05,0,Low,101.35
2024-11-03,DRUG002,Amoxicillin 500mg,Pharmaceuticals,Europe,644,0.85,0.91,1,Low,95.5
2024-11-03,DRUG003,Insulin Glargine 10ml,Pharmaceuticals,North America,1284,25.0,0.98,0,Low,95.79
2024-11-03,DRUG003,Insulin Glargine 10ml,Pharmaceuticals,Europe,849,25.0,1.08,0,Medium,102.85
2024-11-03,SUPP001,Surgical Masks Box,Medical Supplies,North America,1195,10.0,1.13,0,Medium,104.22
2024-11-03,SUPP001,Surgical Masks Box,Medical Supplies,Europe,980,10.0,1.03,0,Medium,96.07
2024-11-03,SUPP002,Surgical Gloves Box,Medical Supplies,North America,1031,12.5,1.1,0,Medium,98.87
2024-11-03,SUPP002,Surgical Gloves Box,Medical Supplies,Europe,975,12.5,0.97,1,Medium,99.81
2024-11-04,DRUG001,Atorvastatin 20mg,Pharmaceuticals,North America,913,1.25,1.19,0,Low,99.99
2024-11-04,DRUG001,Atorvastatin 20mg,Pharmaceuticals,Europe,943,1.25,1.09,0,High,104.15
2024-11-04,DRUG002,Amoxicillin 500mg,Pharmaceuticals,North America,712,0.85,0.96,0,Medium,104.17
2024-11-04,DRUG002,Amoxicillin 500mg,Pharmaceuticals,Europe,1222,0.85,0.91,0,Low,96.77
2024-11-04,DRUG003,Insulin Glargine 10ml,Pharmaceuticals,North America,271,25.0,1.05,1,Medium,97.9
2024-11-04,DRUG003,Insulin Glargine 10ml,Pharmaceuticals,Europe,841,25.0,0.95,0,Medium,101.01
2024-11-04,SUPP001,Surgical Masks Box,Medical Supplies,North America,1263,10.0,0.93,0,Medium,97.07
2024-11-04,SUPP001,Surgical Masks Box,Medical Supplies,Europe,769,10.0,1.15,0,Medium,99.98
2024-11-04,SUPP002,Surgical Gloves Box,Medical Supplies,North America,1080,12.5,1.01,0,Low,96.65
2024-11-04,SUPP002,Surgical Gloves Box,Medical Supplies,Europe,1170,12.5,1.2,0,High,96.71
2024-11-05,DRUG001,Atorvastatin 20mg,Pharmaceuticals,North America,1155,1.25,0.93,0,High,104.5
2024-11-05,DRUG001,Atorvastatin 20mg,Pharmaceuticals,Europe,974,1.25,1.15,0,Medium,97.2
2024-11-05,DRUG002,Amoxicillin 500mg,Pharmaceuticals,North America,489,0.85,1.07,0,Low,102.19
2024-11-05,DRUG002,Amoxicillin 500mg,Pharmaceuticals,Europe,1055,0.85,1.08,0,Low,96.55
2024-11-05,DRUG003,Insulin Glargine 10ml,Pharmaceuticals,North America,1376,25.0,1.0,0,Low,99.9
2024-11-05,DRUG003,Insulin Glargine 10ml,Pharmaceuticals,Europe,1538,25.0,1.19,0,High,100.06
2024-11-05,SUPP001,Surgical Masks Box,Medical Supplies,North America,568,10.0,1.12,0,Medium,99.09
2024-11-05,SUPP001,Surgical Masks Box,Medical Supplies,Europe,1038,10.0,0.93,0,High,97.59
2024-11-05,SUPP002,Surgical Gloves Box,Medical Supplies,North America,1075,12.5,1.1,0,Low,97.72
2024-11-05,SUPP002,Surgical Gloves Box,Medical Supplies,Europe,958,12.5,1.08,0,Low,103.71
2024-11-06,DRUG001,Atorvastatin 20mg,Pharmaceuticals,North America,944,1.25,1.19,0,High,102.04
2024-11-06,DRUG001,Atorvastatin 20mg,Pharmaceuticals,Europe,925,1.25,0.92,0,Medium,104.32
2024-11-06,DRUG002,Amoxicillin 500mg,Pharmaceuticals,North America,567,0.85,0.93,0,Low,95.78
2024-11-06,DRUG002,Amoxicillin 500mg,Pharmaceuticals,Europe,359,0.85,1.2,0,Low,101.99
2024-11-06,DRUG003,Insulin Glargine 10ml,Pharmaceuticals,North America,1039,25.0,1.08,0,Medium,103.18
2024-11-06,DRUG003,Insulin Glargine 10ml,Pharmaceuticals,Europe,886,25.0,1.06,1,Medium,102.91
2024-11-06,SUPP001,Surgical Masks Box,Medical Supplies,North America,580,10.0,1.15,0,Medium,102.26
2024-11-06,SUPP001,Surgical Masks Box,Medical Supplies,Europe,400,10.0,1.13,0,Medium,97.61
2024-11-06,SUPP002,Surgical Gloves Box,Medical Supplies,North America,929,12.5,1.14,0,Low,98.46
2024-11-06,SUPP002,Surgical Gloves Box,Medical Supplies,Europe,1222,12.5,1.1,0,Low,96.74
2024-11-07,DRUG001,Atorvastatin 20mg,Pharmaceuticals,North America,777,1.25,0.96,0,Medium,99.05
2024-11-07,DRUG001,Atorvastatin 20mg,Pharmaceuticals,Europe,834,1.25,1.19,0,High,97.99
2024-11-07,DRUG002,Amoxicillin 500mg,Pharmaceuticals,North America,516,0.85,1.06,0,Low,102.94
2024-11-07,DRUG002,Amoxicillin 500mg,Pharmaceuticals,Europe,536,0.85,1.05,0,Medium,102.98
2024-11-07,DRUG003,Insulin Glargine 10ml,Pharmaceuticals,North America,1157,25.0,1.09,0,Medium,95.28
2024-11-07,DRUG003,Insulin Glargine 10ml,Pharmaceuticals,Europe,949,25.0,0.92,0,Low,99.61
2024-11-07,SUPP001,Surgical Masks Box,Medical Supplies,North America,987,10.0,1.05,0,Medium,96.94
2024-11-07,SUPP001,Surgical Masks Box,Medical Supplies,Europe,1026,10.0,0.98,0,High,102.89
2024-11-07,SUPP002,Surgical Gloves Box,Medical Supplies,North America,931,12.5,1.12,0,Low,98.93
2024-11-07,SUPP002,Surgical Gloves Box,Medical Supplies,Europe,1460,12.5,0.95,0,Low,100.99
2024-11-08,DRUG001,Atorvastatin 20mg,Pharmaceuticals,North America,1416,1.25,1.05,1,Low,101.88
2024-11-08,DRUG001,Atorvastatin 20mg,Pharmaceuticals,Europe,719,1.25,1.1,1,Low,98.05
2024-11-08,DRUG002,Amoxicillin 500mg,Pharmaceuticals,North America,837,0.85,1.05,0,Low,96.58
2024-11-08,DRUG002,Amoxicillin 500mg,Pharmaceuticals,Europe,773,0.85,0.98,0,High,103.73
2024-11-08,DRUG003,Insulin Glargine 10ml,Pharmaceuticals,North America,677,25.0,1.17,0,Medium,104.16
2024-11-08,DRUG003,Insulin Glargine 10ml,Pharmaceuticals,Europe,755,25.0,1.05,0,Low,104.22
2024-11-08,SUPP001,Surgical Masks Box,Medical Supplies,North America,986,10.0,1.14,0,Medium,97.32
2024-11-08,SUPP001,Surgical Masks Box,Medical Supplies,Europe,937,10.0,1.08,0,Low,103.08
2024-11-08,SUPP002,Surgical Gloves Box,Medical Supplies,North America,964,12.5,1.11,0,Medium,101.27
2024-11-08,SUPP002,Surgical Gloves Box,Medical Supplies,Europe,366,12.5,1.1,0,Low,101.16
2024-11-09,DRUG001,Atorvastatin 20mg,Pharmaceuticals,North America,948,1.25,1.02,0,Medium,102.18
2024-11-09,DRUG001,Atorvastatin 20mg,Pharmaceuticals,Europe,890,1.25,1.04,1,Low,100.25
2024-11-09,DRUG002,Amoxicillin 500mg,Pharmaceuticals,North America,884,0.85,0.98,0,Low,100.32
2024-11-09,DRUG002,Amoxicillin 500mg,Pharmaceuticals,Europe,1254,0.85,0.99,0,Medium,101.62
2024-11-09,DRUG003,Insulin Glargine 10ml,Pharmaceuticals,North America,1636,25.0,1.13,0,Low,98.01
2024-11-09,DRUG003,Insulin Glargine 10ml,Pharmaceuticals,Europe,557,25.0,1.0,0,Low,96.74
2024-11-09,SUPP001,Surgical Masks Box,Medical Supplies,North America,1060,10.0,1.0,0,Medium,98.54
2024-11-09,SUPP001,Surgical Masks Box,Medical Supplies,Europe,1408,10.0,1.04,0,Medium,98.56
2024-11-09,SUPP002,Surgical Gloves Box,Medical Supplies,North America,426,12.5,1.09,0,Medium,95.17
2024-11-09,SUPP002,Surgical Gloves Box,Medical Supplies,Europe,507,12.5,1.09,0,Medium,104.82
2024-11-10,DRUG001,Atorvastatin 20mg,Pharmaceuticals,North America,888,1.25,1.06,0,Low,99.02
2024-11-10,DRUG001,Atorvastatin 20mg,Pharmaceuticals,Europe,854,1.25,0.99,0,High,97.38
2024-11-10,DRUG002,Amoxicillin 500mg,Pharmaceuticals,North America,1185,0.85,0.94,0,Medium,97.75
2024-11-10,DRUG002,Amoxicillin 500mg,Pharmaceuticals,Europe,1264,0.85,1.19,0,Low,103.59
2024-11-10,DRUG003,Insulin Glargine 10ml,Pharmaceuticals,North America,650,25.0,1.0,0,Low,98.82
2024-11-10,DRUG003,Insulin Glargine 10ml,Pharmaceuticals,Europe,701,25.0,0.91,0,Low,97.48
2024-11-10,SUPP001,Surgical Masks Box,Medical Supplies,North America,1506,10.0,1.14,0,High,99.65
2024-11-10,SUPP001,Surgical Masks Box,Medical Supplies,Europe,1197,10.0,0.93,0,Medium,101.02
2024-11-10,SUPP002,Surgical Gloves Box,Medical Supplies,North America,1028,12.5,0.9,0,Low,100.02
2024-11-10,SUPP002,Surgical Gloves Box,Medical Supplies,Europe,1209,12.5,0.96,0,Medium,99.3
2024-11-11,DRUG001,Atorvastatin 20mg,Pharmaceuticals,North America,1336,1.25,1.0,0,Medium,102.15
2024-11-11,DRUG001,Atorvastatin 20mg,Pharmaceuticals,Europe,1132,1.25,1.06,0,Medium,99.33
2024-11-11,DRUG002,Amoxicillin 500mg,Pharmaceuticals,North America,1397,0.85,0.94,1,Medium,97.98
2024-11-11,DRUG002,Amoxicillin 500mg,Pharmaceuticals,Europe,697,0.85,0.91,0,Medium,104.64
2024-11-11,DRUG003,Insulin Glargine 10ml,Pharmaceuticals,North America,908,25.0,1.17,0,Medium,95.61
2024-11-11,DRUG003,Insulin Glargine 10ml,Pharmaceuticals,Europe,945,25.0,1.13,0,Medium,100.32
2024-11-11,SUPP001,Surgical Masks Box,Medical Supplies,North America,885,10.0,1.16,0,Medium,96.31
2024-11-11,SUPP001,Surgical Masks Box,Medical Supplies,Europe,944,10.0,1.05,0,Low,102.72
2024-11-11,SUPP002,Surgical Gloves Box,Medical Supplies,North America,1053,12.5,1.15,1,Medium,97.82
2024-11-11,SUPP002,Surgical Gloves Box,Medical Supplies,Europe,841,12.5,1.08,0,Low,101.39
2024-11-12,DRUG001,Atorvastatin 20mg,Pharmaceuticals,North America,1046,1.25,0.97,0,Low,96.16
2024-11-12,DRUG001,Atorvastatin 20mg,Pharmaceuticals,Europe,719,1.25,1.06,0,Medium,103.19
2024-11-12,DRUG002,Amoxicillin 500mg,Pharmaceuticals,North America,1164,0.85,1.01,0,Medium,97.68
2024-11-12,DRUG002,Amoxicillin 500mg,Pharmaceuticals,Europe,900,0.85,0.98,0,Low,104.3
2024-11-12,DRUG003,Insulin Glargine 10ml,Pharmaceuticals,North America,734,25.0,0.97,0,Medium,100.91
2024-11-12,DRUG003,Insulin Glargine 10ml,Pharmaceuticals,Europe,630,25.0,1.14,0,High,98.31
2024-11-12,SUPP001,Surgical Masks Box,Medical Supplies,North America,1151,10.0,1.01,0,Medium,95.26
2024-11-12,SUPP001,Surgical Masks Box,Medical Supplies,Europe,1466,10.0,1.05,0,Medium,104.91
2024-11-12,SUPP002,Surgical Gloves Box,Medical Supplies,North America,743,12.5,1.0,0,High,104.74
2024-11-12,SUPP002,Surgical Gloves Box,Medical Supplies,Europe,653,12.5,1.18,0,High,98.76
2024-11-13,DRUG001,Atorvastatin 20mg,Pharmaceuticals,North America,1199,1.25,1.09,0,Medium,96.41
2024-11-13,DRUG001,Atorvastatin 20mg,Pharmaceuticals,Europe,796,1.25,1.15,0,High,96.5
2024-11-13,DRUG002,Amoxicillin 500mg,Pharmaceuticals,North America,919,0.85,1.02,0,Medium,104.95
2024-11-13,DRUG002,Amoxicillin 500mg,Pharmaceuticals,Europe,1205,0.85,1.08,1,Low,98.98
2024-11-13,DRUG003,Insulin Glargine 10ml,Pharmaceuticals,North America,389,25.0,1.19,0,Medium,102.51
2024-11-13,DRUG003,Insulin Glargine 10ml,Pharmaceuticals,Europe,1015,25.0,1.04,0,Medium,101.25
2024-11-13,SUPP001,Surgical Masks Box,Medical Supplies,North America,719,10.0,0.94,0,Low,102.49
2024-11-13,SUPP001,Surgical Masks Box,Medical Supplies,Europe,1008,10.0,1.05,0,Medium,95.01
2024-11-13,SUPP002,Surgical Gloves Box,Medical Supplies,North America,770,12.5,1.09,0,Low,99.32
2024-11-13,SUPP002,Surgical Gloves Box,Medical Supplies,Europe,812,12.5,0.93,0,Medium,96.03
2024-11-14,DRUG001,Atorvastatin 20mg,Pharmaceuticals,North America,810,1.25,1.03,0,Medium,104.29
2024-11-14,DRUG001,Atorvastatin 20mg,Pharmaceuticals,Europe,787,1.25,0.91,0,High,98.12
2024-11-14,DRUG002,Amoxicillin 500mg,Pharmaceuticals,North America,1222,0.85,0.97,0,Medium,97.76
2024-11-14,DRUG002,Amoxicillin 500mg,Pharmaceuticals,Europe,1613,0.85,1.13,0,Medium,96.19
2024-11-14,DRUG003,Insulin Glargine 10ml,Pharmaceuticals,North America,682,25.0,1.07,0,Medium,95.61
2024-11-14,DRUG003,Insulin Glargine 10ml,Pharmaceuticals,Europe,1233,25.0,0.95,0,Low,102.45
2024-11-14,SUPP001,Surgical Masks Box,Medical Supplies,North America,1046,10.0,1.19,0,Low,96.46
2024-11-14,SUPP001,Surgical Masks Box,Medical Supplies,Europe,699,10.0,0.95,0,Medium,95.32
2024-11-14,SUPP002,Surgical Gloves Box,Medical Supplies,North America,1277,12.5,0.96,0,Low,95.4
2024-11-14,SUPP002,Surgical Gloves Box,Medical Supplies,Europe,899,12.5,1.18,0,Medium,100.25
2024-11-15,DRUG001,Atorvastatin 20mg,Pharmaceuticals,North America,765,1.25,1.13,0,Medium,104.65
2024-11-15,DRUG001,Atorvastatin 20mg,Pharmaceuticals,Europe,1367,1.25,1.04,0,High,104.03
2024-11-15,DRUG002,Amoxicillin 500mg,Pharmaceuticals,North America,1006,0.85,1.0,0,Low,102.27
2024-11-15,DRUG002,Amoxicillin 500mg,Pharmaceuticals,Europe,1059,0.85,0.97,0,High,104.5
2024-11-15,DRUG003,Insulin Glargine 10ml,Pharmaceuticals,North America,1040,25.0,1.14,0,Medium,98.59
2024-11-15,DRUG003,Insulin Glargine 10ml,Pharmaceuticals,Europe,1371,25.0,1.04,0,Low,102.75
2024-11-15,SUPP001,Surgical Masks Box,Medical Supplies,North America,916,10.0,1.19,0,High,96.04
2024-11-15,SUPP001,Surgical Masks Box,Medical Supplies,Europe,1154,10.0,0.98,0,Low,96.72
2024-11-15,SUPP002,Surgical Gloves Box,Medical Supplies,North America,931,12.5,1.19,0,Low,100.46
2024-11-15,SUPP002,Surgical Gloves Box,Medical Supplies,Europe,1311,12.5,1.2,0,Low,104.33
2024-11-16,DRUG001,Atorvastatin 20mg,Pharmaceuticals,North America,1227,1.25,1.05,0,Low,104.29
2024-11-16,DRUG001,Atorvastatin 20mg,Pharmaceuticals,Europe,679,1.25,1.17,0,Low,96.02
2024-11-16,DRUG002,Amoxicillin 500mg,Pharmaceuticals,North America,1023,0.85,0.99,0,Medium,102.46
2024-11-16,DRUG002,Amoxicillin 500mg,Pharmaceuticals,Europe,634,0.85,1.17,0,Medium,98.64
2024-11-16,DRUG003,Insulin Glargine 10ml,Pharmaceuticals,North America,1529,25.0,1.12,0,Medium,104.24
2024-11-16,DRUG003,Insulin Glargine 10ml,Pharmaceuticals,Europe,991,25.0,1.09,0,Medium,96.15
2024-11-16,SUPP001,Surgical Masks Box,Medical Supplies,North America,1173,10.0,1.01,0,Medium,97.21
2024-11-16,SUPP001,Surgical Masks Box,Medical Supplies,Europe,1008,10.0,1.07,0,Medium,101.02
2024-11-16,SUPP002,Surgical Gloves Box,Medical Supplies,North America,448,12.5,0.97,0,Medium,97.48
2024-11-16,SUPP002,Surgical Gloves Box,Medical Supplies,Europe,616,12.5,1.13,0,Low,95.97
2024-11-17,DRUG001,Atorvastatin 20mg,Pharmaceuticals,North America,1106,1.25,1.11,0,Low,95.73
2024-11-17,DRUG001,Atorvastatin 20mg,Pharmaceuticals,Europe,967,1.25,0.9,1,Low,99.6
2024-11-17,DRUG002,Amoxicillin 500mg,Pharmaceuticals,North America,1449,0.85,0.99,0,High,99.44
2024-11-17,DRUG002,Amoxicillin 500mg,Pharmaceuticals,Europe,794,0.85,1.07,0,High,97.67
2024-11-17,DRUG003,Insulin Glargine 10ml,Pharmaceuticals,North America,1156,25.0,1.02,1,Medium,100.64
2024-11-17,DRUG003,Insulin Glargine 10ml,Pharmaceuticals,Europe,796,25.0,0.92,0,Medium,101.4
2024-11-17,SUPP001,Surgical Masks Box,Medical Supplies,North America,735,10.0,1.2,0,Medium,104.36
2024-11-17,SUPP001,Surgical Masks Box,Medical Supplies,Europe,864,10.0,0.93,0,Medium,96.78
2024-11-17,SUPP002,Surgical Gloves Box,Medical Supplies,North America,1201,12.5,0.91,0,High,103.55
2024-11-17,SUPP002,Surgical Gloves Box,Medical Supplies,Europe,899,12.5,1.01,0,Low,100.15
2024-11-18,DRUG001,Atorvastatin 20mg,Pharmaceuticals,North America,872,1.25,1.02,0,Medium,96.69
2024-11-18,DRUG001,Atorvastatin 20mg,Pharmaceuticals,Europe,1026,1.25,1.19,0,Medium,96.94
2024-11-18,DRUG002,Amoxicillin 500mg,Pharmaceuticals,North America,898,0.85,1.05,0,Low,100.16
2024-11-18,DRUG002,Amoxicillin 500mg,Pharmaceuticals,Europe,186,0.85,1.04,0,High,103.66
2024-11-18,DRUG003,Insulin Glargine 10ml,Pharmaceuticals,North America,1100,25.0,0.95,0,High,95.39
2024-11-18,DRUG003,Insulin Glargine 10ml,Pharmaceuticals,Europe,1210,25.0,1.05,0,Low,98.78
2024-11-18,SUPP001,Surgical Masks Box,Medical Supplies,North America,1248,10.0,0.97,0,High,100.57
2024-11-18,SUPP001,Surgical Masks Box,Medical Supplies,Europe,527,10.0,1.12,0,Medium,101.95
2024-11-18,SUPP002,Surgical Gloves Box,Medical Supplies,North America,1162,12.5,1.19,0,Medium,103.45
2024-11-18,SUPP002,Surgical Gloves Box,Medical Supplies,Europe,1318,12.5,0.98,0,Medium,99.62
2024-11-19,DRUG001,Atorvastatin 20mg,Pharmaceuticals,North America,1096,1.25,0.92,0,Low,102.51
2024-11-19,DRUG001,Atorvastatin 20mg,Pharmaceuticals,Europe,926,1.25,1.07,1,Low,103.72
2024-11-19,DRUG002,Amoxicillin 500mg,Pharmaceuticals,North America,710,0.85,1.05,0,Low,98.56
2024-11-19,DRUG002,Amoxicillin 500mg,Pharmaceuticals,Europe,753,0.85,0.95,0,Low,104.82
2024-11-19,DRUG003,Insulin Glargine 10ml,Pharmaceuticals,North America,1755,25.0,1.15,0,Medium,95.35
2024-11-19,DRUG003,Insulin Glargine 10ml,Pharmaceuticals,Europe,1038,25.0,1.04,0,Medium,103.7
2024-11-19,SUPP001,Surgical Masks Box,Medical Supplies,North America,912,10.0,1.19,1,Low,96.13
2024-11-19,SUPP001,Surgical Masks Box,Medical Supplies,Europe,1033,10.0,1.06,0,Low,96.36
2024-11-19,SUPP002,Surgical Gloves Box,Medical Supplies,North America,365,12.5,1.01,0,High,100.59
2024-11-19,SUPP002,Surgical Gloves Box,Medical Supplies,Europe,1041,12.5,1.11,0,Medium,98.11
2024-11-20,DRUG001,Atorvastatin 20mg,Pharmaceuticals,North America,548,1.25,1.18,0,Medium,104.12
2024-11-20,DRUG001,Atorvastatin 20mg,Pharmaceuticals,Europe,700,1.25,1.17,1,Low,102.18
2024-11-20,DRUG002,Amoxicillin 500mg,Pharmaceuticals,North America,1442,0.85,0.98,0,Medium,103.34
2024-11-20,DRUG002,Amoxicillin 500mg,Pharmaceuticals,Europe,1206,0.85,1.14,0,Low,102.18
2024-11-20,DRUG003,Insulin Glargine 10ml,Pharmaceuticals,North America,1616,25.0,1.13,0,Low,100.56
2024-11-20,DRUG003,Insulin Glargine 10ml,Pharmaceuticals,Europe,1544,25.0,1.15,0,Low,96.04
2024-11-20,SUPP001,Surgical Masks Box,Medical Supplies,North America,285,10.0,0.9,0,Medium,100.9
2024-11-20,SUPP001,Surgical Masks Box,Medical Supplies,Europe,670,10.0,1.07,0,Low,103.12
2024-11-20,SUPP002,Surgical Gloves Box,Medical Supplies,North America,1202,12.5,1.0,0,Medium,96.5
2024-11-20,SUPP002,Surgical Gloves Box,Medical Supplies,Europe,989,12.5,0.97,1,Low,101.95
2024-11-21,DRUG001,Atorvastatin 20mg,Pharmaceuticals,North America,589,1.25,0.97,0,Medium,102.46
2024-11-21,DRUG001,Atorvastatin 20mg,Pharmaceuticals,Europe,849,1.25,1.1,1,Low,98.2
2024-11-21,DRUG002,Amoxicillin 500mg,Pharmaceuticals,North America,640,0.85,0.94,0,High,104.55
2024-11-21,DRUG002,Amoxicillin 500mg,Pharmaceuticals,Europe,791,0.85,0.94,0,High,98.89
2024-11-21,DRUG003,Insulin Glargine 10ml,Pharmaceuticals,North America,261,25.0,0.97,1,Low,95.24
2024-11-21,DRUG003,Insulin Glargine 10ml,Pharmaceuticals,Europe,884,25.0,1.05,0,Low,101.35
2024-11-21,SUPP001,Surgical Masks Box,Medical Supplies,North America,633,10.0,0.91,0,Low,97.14
2024-11-21,SUPP001,Surgical Masks Box,Medical Supplies,Europe,490,10.0,1.12,0,Low,100.77
2024-11-21,SUPP002,Surgical Gloves Box,Medical Supplies,North America,789,12.5,1.09,0,Medium,99.82
2024-11-21,SUPP002,Surgical Gloves Box,Medical Supplies,Europe,738,12.5,1.04,0,Low,96.52
2024-11-22,DRUG001,Atorvastatin 20mg,Pharmaceuticals,North America,714,1.25,1.11,0,Low,103.97
2024-11-22,DRUG001,Atorvastatin 20mg,Pharmaceuticals,Europe,1520,1.25,1.03,0,Low,96.79
2024-11-22,DRUG002,Amoxicillin 500mg,Pharmaceuticals,North America,976,0.85,1.2,0,Medium,103.61
2024-11-22,DRUG002,Amoxicillin 500mg,Pharmaceuticals,Europe,853,0.85,1.08,0,Low,101.53
2024-11-22,DRUG003,Insulin Glargine 10ml,Pharmaceuticals,North America,895,25.0,1.15,0,Low,97.24
2024-11-22,DRUG003,Insulin Glargine 10ml,Pharmaceuticals,Europe,610,25.0,1.07,0,Medium,98.02
2024-11-22,SUPP001,Surgical Masks Box,Medical Supplies,North America,460,10.0,1.19,0,Medium,102.01
2024-11-22,SUPP001,Surgical Masks Box,Medical Supplies,Europe,1015,10.0,1.05,0,Medium,101.81
2024-11-22,SUPP002,Surgical Gloves Box,Medical Supplies,North America,750,12.5,0.91,0,Low,104.06
2024-11-22,SUPP002,Surgical Gloves Box,Medical Supplies,Europe,976,12.5,0.95,0,Medium,103.15
2024-11-23,DRUG001,Atorvastatin 20mg,Pharmaceuticals,North America,599,1.25,0.98,0,Low,98.49
2024-11-23,DRUG001,Atorvastatin 20mg,Pharmaceuticals,Europe,972,1.25,0.94,1,Low,99.4
2024-11-23,DRUG002,Amoxicillin 500mg,Pharmaceuticals,North America,712,0.85,1.19,0,Medium,103.8
2024-11-23,DRUG002,Amoxicillin 500mg,Pharmaceuticals,Europe,882,0.85,0.91,0,High,101.4
2024-11-23,DRUG003,Insulin Glargine 10ml,Pharmaceuticals,North America,1300,25.0,1.07,0,Medium,95.38
2024-11-23,DRUG003,Insulin Glargine 10ml,Pharmaceuticals,Europe,931,25.0,0.96,0,Low,95.15
2024-11-23,SUPP001,Surgical Masks Box,Medical Supplies,North America,625,10.0,1.16,0,Medium,99.89
2024-11-23,SUPP001,Surgical Masks Box,Medical Supplies,Europe,908,10.0,0.98,0,Medium,102.82
2024-11-23,SUPP002,Surgical Gloves Box,Medical Supplies,North America,1069,12.5,1.12,0,Low,100.39
2024-11-23,SUPP002,Surgical Gloves Box,Medical Supplies,Europe,860,12.5,1.05,0,Medium,96.11
2024-11-24,DRUG001,Atorvastatin 20mg,Pharmaceuticals,North America,757,1.25,0.97,0,Medium,103.19
2024-11-24,DRUG001,Atorvastatin 20mg,Pharmaceuticals,Europe,735,1.25,1.0,0,High,101.24
2024-11-24,DRUG002,Amoxicillin 500mg,Pharmaceuticals,North America,1311,0.85,1.0,0,High,98.02
2024-11-24,DRUG002,Amoxicillin 500mg,Pharmaceuticals,Europe,699,0.85,1.18,0,Medium,99.6
2024-11-24,DRUG003,Insulin Glargine 10ml,Pharmaceuticals,North America,1398,25.0,1.04,0,Low,101.8
2024-11-24,DRUG003,Insulin Glargine 10ml,Pharmaceuticals,Europe,1194,25.0,1.17,0,Medium,97.28
2024-11-24,SUPP001,Surgical Masks Box,Medical Supplies,North America,473,10.0,1.1,1,High,96.92
2024-11-24,SUPP001,Surgical Masks Box,Medical Supplies,Europe,716,10.0,1.07,0,Low,96.72
2024-11-24,SUPP002,Surgical Gloves Box,Medical Supplies,North America,1375,12.5,1.05,1,Low,98.64
2024-11-24,SUPP002,Surgical Gloves Box,Medical Supplies,Europe,654,12.5,1.0,0,High,98.87
2024-11-25,DRUG001,Atorvastatin 20mg,Pharmaceuticals,North America,954,1.25,0.96,0,High,95.32
2024-11-25,DRUG001,Atorvastatin 20mg,Pharmaceuticals,Europe,1181,1.25,1.19,0,Low,101.17
2024-11-25,DRUG002,Amoxicillin 500mg,Pharmaceuticals,North America,915,0.85,1.06,0,Low,98.68
2024-11-25,DRUG002,Amoxicillin 500mg,Pharmaceuticals,Europe,1368,0.85,1.05,0,Medium,102.83
2024-11-25,DRUG003,Insulin Glargine 10ml,Pharmaceuticals,North America,1138,25.0,1.13,0,Low,101.85
2024-11-25,DRUG003,Insulin Glargine 10ml,Pharmaceuticals,Europe,826,25.0,1.16,0,Low,100.84
2024-11-25,SUPP001,Surgical Masks Box,Medical Supplies,North America,758,10.0,1.06,0,Low,104.7
2024-11-25,SUPP001,Surgical Masks Box,Medical Supplies,Europe,1254,10.0,1.17,0,Low,102.28
2024-11-25,SUPP002,Surgical Gloves Box,Medical Supplies,North America,787,12.5,1.01,0,Low,100.72
2024-11-25,SUPP002,Surgical Gloves Box,Medical Supplies,Europe,843,12.5,0.9,0,High,102.33
2024-11-26,DRUG001,Atorvastatin 20mg,Pharmaceuticals,North America,501,1.25,1.12,1,Low,99.66
2024-11-26,DRUG001,Atorvastatin 20mg,Pharmaceuticals,Europe,931,1.25,0.99,0,Medium,104.52
2024-11-26,DRUG002,Amoxicillin 500mg,Pharmaceuticals,North America,984,0.85,1.19,0,High,95.59
2024-11-26,DRUG002,Amoxicillin 500mg,Pharmaceuticals,Europe,488,0.85,1.19,0,High,96.76
2024-11-26,DRUG003,Insulin Glargine 10ml,Pharmaceuticals,North America,447,25.0,1.03,0,High,98.06
2024-11-26,DRUG003,Insulin Glargine 10ml,Pharmaceuticals,Europe,839,25.0,1.1,0,High,100.43
2024-11-26,SUPP001,Surgical Masks Box,Medical Supplies,North America,983,10.0,0.96,0,Medium,101.59
2024-11-26,SUPP001,Surgical Masks Box,Medical Supplies,Europe,1101,10.0,1.13,0,Medium,104.32
2024-11-26,SUPP002,Surgical Gloves Box,Medical Supplies,North America,707,12.5,1.1,0,High,103.89
2024-11-26,SUPP002,Surgical Gloves Box,Medical Supplies,Europe,1342,12.5,1.1,0,Low,103.82
2024-11-27,DRUG001,Atorvastatin 20mg,Pharmaceuticals,North America,1409,1.25,1.03,0,Low,96.61
2024-11-27,DRUG001,Atorvastatin 20mg,Pharmaceuticals,Europe,1120,1.25,1.13,0,Low,101.21
2024-11-27,DRUG002,Amoxicillin 500mg,Pharmaceuticals,North America,1114,0.85,1.05,0,High,99.23
2024-11-27,DRUG002,Amoxicillin 500mg,Pharmaceuticals,Europe,1217,0.85,1.16,0,High,104.9
2024-11-27,DRUG003,Insulin Glargine 10ml,Pharmaceuticals,North America,855,25.0,1.04,0,Medium,104.44
2024-11-27,DRUG003,Insulin Glargine 10ml,Pharmaceuticals,Europe,1000,25.0,0.97,0,Low,99.94
2024-11-27,SUPP001,Surgical Masks Box,Medical Supplies,North America,845,10.0,0.97,0,Medium,100.69
2024-11-27,SUPP001,Surgical Masks Box,Medical Supplies,Europe,1019,10.0,0.98,0,Low,104.53
2024-11-27,SUPP002,Surgical Gloves Box,Medical Supplies,North America,1086,12.5,0.97,1,Medium,97.73
2024-11-27,SUPP002,Surgical Gloves Box,Medical Supplies,Europe,642,12.5,0.9,0,Medium,101.42
2024-11-28,DRUG001,Atorvastatin 20mg,Pharmaceuticals,North America,778,1.25,1.1,0,Low,96.38
2024-11-28,DRUG001,Atorvastatin 20mg,Pharmaceuticals,Europe,868,1.25,1.07,0,Low,102.35
2024-11-28,DRUG002,Amoxicillin 500mg,Pharmaceuticals,North America,840,0.85,1.12,0,Low,96.22
2024-11-28,DRUG002,Amoxicillin 500mg,Pharmaceuticals,Europe,688,0.85,0.91,0,Low,96.15
2024-11-28,DRUG003,Insulin Glargine 10ml,Pharmaceuticals,North America,903,25.0,1.14,0,Medium,95.9
2024-11-28,DRUG003,Insulin Glargine 10ml,Pharmaceuticals,Europe,535,25.0,1.04,0,Low,98.67
2024-11-28,SUPP001,Surgical Masks Box,Medical Supplies,North America,1237,10.0,1.02,0,Low,100.05
2024-11-28,SUPP001,Surgical Masks Box,Medical Supplies,Europe,1253,10.0,1.16,1,Medium,98.51
2024-11-28,SUPP002,Surgical Gloves Box,Medical Supplies,North America,680,12.5,1.09,0,Low,95.75
2024-11-28,SUPP002,Surgical Gloves Box,Medical Supplies,Europe,1377,12.5,1.03,0,Medium,103.1
2024-11-29,DRUG001,Atorvastatin 20mg,Pharmaceuticals,North America,2006,1.25,1.14,0,Low,98.14
2024-11-29,DRUG001,Atorvastatin 20mg,Pharmaceuticals,Europe,676,1.25,1.2,0,Low,103.76
2024-11-29,DRUG002,Amoxicillin 500mg,Pharmaceuticals,North America,732,0.85,0.96,0,Medium,104.89
2024-11-29,DRUG002,Amoxicillin 500mg,Pharmaceuticals,Europe,1217,0.85,0.94,0,Low,103.8
2024-11-29,DRUG003,Insulin Glargine 10ml,Pharmaceuticals,North America,769,25.0,0.94,0,Low,95.68
2024-11-29,DRUG003,Insulin Glargine 10ml,Pharmaceuticals,Europe,614,25.0,1.03,0,Low,96.34
2024-11-29,SUPP001,Surgical Masks Box,Medical Supplies,North America,926,10.0,1.19,0,High,103.92
2024-11-29,SUPP001,Surgical Masks Box,Medical Supplies,Europe,885,10.0,1.01,0,Medium,102.03
2024-11-29,SUPP002,Surgical Gloves Box,Medical Supplies,North America,1173,12.5,0.98,0,Low,100.11
2024-11-29,SUPP002,Surgical Gloves Box,Medical Supplies,Europe,1146,12.5,1.08,0,Low,96.95
2024-11-30,DRUG001,Atorvastatin 20mg,Pharmaceuticals,North America,1284,1.25,1.06,0,Low,96.06
2024-11-30,DRUG001,Atorvastatin 20mg,Pharmaceuticals,Europe,941,1.25,0.97,0,Medium,103.81
2024-11-30,DRUG002,Amoxicillin 500mg,Pharmaceuticals,North America,1202,0.85,0.9,0,Low,101.99
2024-11-30,DRUG002,Amoxicillin 500mg,Pharmaceuticals,Europe,202,0.85,1.05,0,Medium,100.45
2024-11-30,DRUG003,Insulin Glargine 10ml,Pharmaceuticals,North America,1072,25.0,1.13,0,Medium,97.0
2024-11-30,DRUG003,Insulin Glargine 10ml,Pharmaceuticals,Europe,787,25.0,1.13,1,Medium,97.45
2024-11-30,SUPP001,Surgical Masks Box,Medical Supplies,North America,562,10.0,0.9,0,Low,97.1
2024-11-30,SUPP001,Surgical Masks Box,Medical Supplies,Europe,823,10.0,1.12,0,Low,101.6
2024-11-30,SUPP002,Surgical Gloves Box,Medical Supplies,North America,1476,12.5,1.1,0,Low,102.84
2024-11-30,SUPP002,Surgical Gloves Box,Medical Supplies,Europe,824,12.5,1.19,0,High,101.05
2024-12-01,DRUG001,Atorvastatin 20mg,Pharmaceuticals,North America,1061,1.25,1.17,0,High,96.97
2024-12-01,DRUG001,Atorvastatin 20mg,Pharmaceuticals,Europe,1137,1.25,0.91,0,Low,95.44
2024-12-01,DRUG002,Amoxicillin 500mg,Pharmaceuticals,North America,566,0.85,0.96,0,Medium,99.72
2024-12-01,DRUG002,Amoxicillin 500mg,Pharmaceuticals,Europe,809,0.85,1.02,0,Medium,95.85
2024-12-01,DRUG003,Insulin Glargine 10ml,Pharmaceuticals,North America,755,25.0,1.13,0,Low,100.31
2024-12-01,DRUG003,Insulin Glargine 10ml,Pharmaceuticals,Europe,927,25.0,1.17,1,Low,102.2
2024-12-01,SUPP001,Surgical Masks Box,Medical Supplies,North America,530,10.0,1.14,1,Low,97.33
2024-12-01,SUPP001,Surgical Masks Box,Medical Supplies,Europe,999,10.0,1.03,0,High,103.92
2024-12-01,SUPP002,Surgical Gloves Box,Medical Supplies,North America,600,12.5,1.13,0,High,95.06
2024-12-01,SUPP002,Surgical Gloves Box,Medical Supplies,Europe,1225,12.5,1.07,0,Medium,101.35
2024-12-02,DRUG001,Atorvastatin 20mg,Pharmaceuticals,North America,1307,1.25,1.08,0,High,103.11
2024-12-02,DRUG001,Atorvastatin 20mg,Pharmaceuticals,Europe,1203,1.25,0.95,0,High,101.37
2024-12-02,DRUG002,Amoxicillin 500mg,Pharmaceuticals,North America,1223,0.85,1.0,0,Medium,104.29
2024-12-02,DRUG002,Amoxicillin 500mg,Pharmaceuticals,Europe,541,0.85,1.09,0,Medium,98.01
2024-12-02,DRUG003,Insulin Glargine 10ml,Pharmaceuticals,North America,786,25.0,0.9,1,Medium,102.73
2024-12-02,DRUG003,Insulin Glargine 10ml,Pharmaceuticals,Europe,551,25.0,0.98,0,Medium,99.24
2024-12-02,SUPP001,Surgical Masks Box,Medical Supplies,North America,998,10.0,1.1,0,Low,103.89
2024-12-02,SUPP001,Surgical Masks Box,Medical Supplies,Europe,1147,10.0,1.13,0,High,99.86
2024-12-02,SUPP002,Surgical Gloves Box,Medical Supplies,North America,402,12.5,1.09,0,Low,104.66
2024-12-02,SUPP002,Surgical Gloves Box,Medical Supplies,Europe,1337,12.5,0.93,0,Low,98.2
2024-12-03,DRUG001,Atorvastatin 20mg,Pharmaceuticals,North America,753,1.25,1.06,0,Medium,104.76
2024-12-03,DRUG001,Atorvastatin 20mg,Pharmaceuticals,Europe,938,1.25,1.09,0,Low,102.78
2024-12-03,DRUG002,Amoxicillin 500mg,Pharmaceuticals,North America,699,0.85,0.98,0,Medium,100.85
2024-12-03,DRUG002,Amoxicillin 500mg,Pharmaceuticals,Europe,1133,0.85,0.96,0,Medium,103.85
2024-12-03,DRUG003,Insulin Glargine 10ml,Pharmaceuticals,North America,1153,25.0,1.1,0,Low,103.82
2024-12-03,DRUG003,Insulin Glargine 10ml,Pharmaceuticals,Europe,1477,25.0,1.06,0,High,104.85
2024-12-03,SUPP001,Surgical Masks Box,Medical Supplies,North America,863,10.0,1.02,1,Low,104.99
2024-12-03,SUPP001,Surgical Masks Box,Medical Supplies,Europe,1025,10.0,0.93,0,Medium,97.55
2024-12-03,SUPP002,Surgical Gloves Box,Medical Supplies,North America,1042,12.5,0.97,0,Medium,97.98
2024-12-03,SUPP002,Surgical Gloves Box,Medical Supplies,Europe,1158,12.5,1.16,0,Low,96.45
2024-12-04,DRUG001,Atorvastatin 20mg,Pharmaceuticals,North America,906,1.25,1.2,0,Low,97.72
2024-12-04,DRUG001,Atorvastatin 20mg,Pharmaceuticals,Europe,814,1.25,1.09,0,Medium,95.09
2024-12-04,DRUG002,Amoxicillin 500mg,Pharmaceuticals,North America,1374,0.85,1.06,0,Medium,98.44
2024-12-04,DRUG002,Amoxicillin 500mg,Pharmaceuticals,Europe,1434,0.85,0.97,0,Medium,97.14
2024-12-04,DRUG003,Insulin Glargine 10ml,Pharmaceuticals,North America,1274,25.0,1.08,0,Medium,102.48
2024-12-04,DRUG003,Insulin Glargine 10ml,Pharmaceuticals,Europe,1076,25.0,1.01,0,Medium,97.45
2024-12-04,SUPP001,Surgical Masks Box,Medical Supplies,North America,756,10.0,1.2,0,Low,99.8
2024-12-04,SUPP001,Surgical Masks Box,Medical Supplies,Europe,917,10.0,1.16,0,Medium,101.76
2024-12-04,SUPP002,Surgical Gloves Box,Medical Supplies,North America,1302,12.5,0.9,1,High,104.38
2024-12-04,SUPP002,Surgical Gloves Box,Medical Supplies,Europe,1121,12.5,1.14,0,Low,98.19
2024-12-05,DRUG001,Atorvastatin 20mg,Pharmaceuticals,North America,793,1.25,1.12,0,Low,102.75
2024-12-05,DRUG001,Atorvastatin 20mg,Pharmaceuticals,Europe,902,1.25,1.17,0,High,100.96
2024-12-05,DRUG002,Amoxicillin 500mg,Pharmaceuticals,North America,997,0.85,1.2,0,High,101.41
2024-12-05,DRUG002,Amoxicillin 500mg,Pharmaceuticals,Europe,1302,0.85,1.07,0,High,103.63
2024-12-05,DRUG003,Insulin Glargine 10ml,Pharmaceuticals,North America,858,25.0,0.9,0,Low,102.21
2024-12-05,DRUG003,Insulin Glargine 10ml,Pharmaceuticals,Europe,848,25.0,1.04,0,Medium,100.56
2024-12-05,SUPP001,Surgical Masks Box,Medical Supplies,North America,1075,10.0,1.13,0,Low,97.2
2024-12-05,SUPP001,Surgical Masks Box,Medical Supplies,Europe,894,10.0,1.14,0,Medium,97.39
2024-12-05,SUPP002,Surgical Gloves Box,Medical Supplies,North America,1038,12.5,1.01,0,Medium,101.59
2024-12-05,SUPP002,Surgical Gloves Box,Medical Supplies,Europe,724,12.5,1.09,0,High,104.18
2024-12-06,DRUG001,Atorvastatin 20mg,Pharmaceuticals,North America,827,1.25,1.17,0,High,95.69
2024-12-06,DRUG001,Atorvastatin 20mg,Pharmaceuticals,Europe,1274,1.25,0.98,1,Low,96.33
2024-12-06,DRUG002,Amoxicillin 500mg,Pharmaceuticals,North America,913,0.85,1.09,0,High,100.41
2024-12-06,DRUG002,Amoxicillin 500mg,Pharmaceuticals,Europe,802,0.85,1.02,0,High,102.24
2024-12-06,DRUG003,Insulin Glargine 10ml,Pharmaceuticals,North America,1083,25.0,1.09,0,Low,103.68
2024-12-06,DRUG003,Insulin Glargine 10ml,Pharmaceuticals,Europe,435,25.0,1.06,0,Medium,102.55
2024-12-06,SUPP001,Surgical Masks Box,Medical Supplies,North America,1099,10.0,1.04,0,Medium,104.43
2024-12-06,SUPP001,Surgical Masks Box,Medical Supplies,Europe,689,10.0,1.01,1,High,100.84
2024-12-06,SUPP002,Surgical Gloves Box,Medical Supplies,North America,620,12.5,1.13,0,Medium,101.36
2024-12-06,SUPP002,Surgical Gloves Box,Medical Supplies,Europe,552,12.5,1.12,0,Low,95.94
2024-12-07,DRUG001,Atorvastatin 20mg,Pharmaceuticals,North America,879,1.25,1.14,0,Low,99.83
2024-12-07,DRUG001,Atorvastatin 20mg,Pharmaceuticals,Europe,556,1.25,1.2,0,High,96.01
2024-12-07,DRUG002,Amoxicillin 500mg,Pharmaceuticals,North America,1163,0.85,1.05,0,High,97.51
2024-12-07,DRUG002,Amoxicillin 500mg,Pharmaceuticals,Europe,761,0.85,1.1,0,High,99.3
2024-12-07,DRUG003,Insulin Glargine 10ml,Pharmaceuticals,North America,1030,25.0,1.19,0,Low,98.16
2024-12-07,DRUG003,Insulin Glargine 10ml,Pharmaceuticals,Europe,816,25.0,1.13,0,Low,101.49
2024-12-07,SUPP001,Surgical Masks Box,Medical Supplies,North America,476,10.0,1.0,0,Low,102.98
2024-12-07,SUPP001,Surgical Masks Box,Medical Supplies,Europe,666,10.0,1.02,0,Low,95.7
2024-12-07,SUPP002,Surgical Gloves Box,Medical Supplies,North America,895,12.5,1.01,0,Medium,102.56
2024-12-07,SUPP002,Surgical Gloves Box,Medical Supplies,Europe,1235,12.5,1.1,0,High,104.09
2024-12-08,DRUG001,Atorvastatin 20mg,Pharmaceuticals,North America,1211,1.25,1.02,0,Low,100.39
2024-12-08,DRUG001,Atorvastatin 20mg,Pharmaceuticals,Europe,816,1.25,0.94,0,Low,99.52
2024-12-08,DRUG002,Amoxicillin 500mg,Pharmaceuticals,North America,1239,0.85,0.95,0,Low,103.44
2024-12-08,DRUG002,Amoxicillin 500mg,Pharmaceuticals,Europe,1106,0.85,1.05,0,Medium,100.09
2024-12-08,DRUG003,Insulin Glargine 10ml,Pharmaceuticals,North America,854,25.0,0.95,0,High,97.79
2024-12-08,DRUG003,Insulin Glargine 10ml,Pharmaceuticals,Europe,1368,25.0,1.17,0,High,102.45
2024-12-08,SUPP001,Surgical Masks Box,Medical Supplies,North America,605,10.0,1.09,0,High,102.66
2024-12-08,SUPP001,Surgical Masks Box,Medical Supplies,Europe,690,10.0,1.06,1,Medium,103.5
2024-12-08,SUPP002,Surgical Gloves Box,Medical Supplies,North America,1040,12.5,1.04,0,Medium,103.37
2024-12-08,SUPP002,Surgical Gloves Box,Medical Supplies,Europe,790,12.5,1.0,0,Low,97.52
2024-12-09,DRUG001,Atorvastatin 20mg,Pharmaceuticals,North America,761,1.25,0.96,0,Low,96.27
2024-12-09,DRUG001,Atorvastatin 20mg,Pharmaceuticals,Europe,1099,1.25,1.16,0,Low,98.48
2024-12-09,DRUG002,Amoxicillin 500mg,Pharmaceuticals,North America,1543,0.85,1.14,1,Low,99.38
2024-12-09,DRUG002,Amoxicillin 500mg,Pharmaceuticals,Europe,1447,0.85,1.1,1,High,101.67
2024-12-09,DRUG003,Insulin Glargine 10ml,Pharmaceuticals,North America,1135,25.0,1.17,0,Medium,96.04
2024-12-09,DRUG003,Insulin Glargine 10ml,Pharmaceuticals,Europe,665,25.0,1.1,0,Medium,98.26
2024-12-09,SUPP001,Surgical Masks Box,Medical Supplies,North America,498,10.0,1.07,0,Low,98.74
2024-12-09,SUPP001,Surgical Masks Box,Medical Supplies,Europe,1537,10.0,1.12,0,High,101.32
2024-12-09,SUPP002,Surgical Gloves Box,Medical Supplies,North America,1313,12.5,1.05,0,Medium,96.33
2024-12-09,SUPP002,Surgical Gloves Box,Medical Supplies,Europe,794,12.5,0.95,0,Medium,102.91
2024-12-10,DRUG001,Atorvastatin 20mg,Pharmaceuticals,North America,1216,1.25,1.12,0,Medium,100.8
2024-12-10,DRUG001,Atorvastatin 20mg,Pharmaceuticals,Europe,877,1.25,0.93,0,Medium,98.12
2024-12-10,DRUG002,Amoxicillin 500mg,Pharmaceuticals,North America,1107,0.85,1.07,0,Low,97.17
2024-12-10,DRUG002,Amoxicillin 500mg,Pharmaceuticals,Europe,1501,0.85,1.13,0,Low,104.97
2024-12-10,DRUG003,Insulin Glargine 10ml,Pharmaceuticals,North America,1184,25.0,1.18,0,Medium,104.76
2024-12-10,DRUG003,Insulin Glargine 10ml,Pharmaceuticals,Europe,657,25.0,1.16,0,Low,99.82
2024-12-10,SUPP001,Surgical Masks Box,Medical Supplies,North America,1056,10.0,1.15,0,Medium,98.11
2024-12-10,SUPP001,Surgical Masks Box,Medical Supplies,Europe,1054,10.0,0.9,0,Low,98.3
2024-12-10,SUPP002,Surgical Gloves Box,Medical Supplies,North America,978,12.5,0.93,0,High,99.38
2024-12-10,SUPP002,Surgical Gloves Box,Medical Supplies,Europe,1210,12.5,1.11,1,Low,103.2
2024-12-11,DRUG001,Atorvastatin 20mg,Pharmaceuticals,North America,814,1.25,0.98,0,Low,98.03
2024-12-11,DRUG001,Atorvastatin 20mg,Pharmaceuticals,Europe,485,1.25,1.03,0,Medium,100.84
2024-12-11,DRUG002,Amoxicillin 500mg,Pharmaceuticals,North America,1064,0.85,1.02,0,Medium,102.49
2024-12-11,DRUG002,Amoxicillin 500mg,Pharmaceuticals,Europe,969,0.85,0.9,0,High,100.07
2024-12-11,DRUG003,Insulin Glargine 10ml,Pharmaceuticals,North America,1208,25.0,0.93,0,Low,95.71
2024-12-11,DRUG003,Insulin Glargine 10ml,Pharmaceuticals,Europe,955,25.0,0.96,0,Low,100.92
2024-12-11,SUPP001,Surgical Masks Box,Medical Supplies,North America,729,10.0,1.04,0,High,104.9
2024-12-11,SUPP001,Surgical Masks Box,Medical Supplies,Europe,884,10.0,1.02,0,High,102.94
2024-12-11,SUPP002,Surgical Gloves Box,Medical Supplies,North America,316,12.5,1.03,1,Low,103.07
2024-12-11,SUPP002,Surgical Gloves Box,Medical Supplies,Europe,1057,12.5,0.91,1,Medium,97.27
2024-12-12,DRUG001,Atorvastatin 20mg,Pharmaceuticals,North America,1204,1.25,0.98,0,Medium,100.64
2024-12-12,DRUG001,Atorvastatin 20mg,Pharmaceuticals,Europe,602,1.25,1.04,0,Medium,100.26
2024-12-12,DRUG002,Amoxicillin 500mg,Pharmaceuticals,North America,915,0.85,0.94,0,Medium,99.3
2024-12-12,DRUG002,Amoxicillin 500mg,Pharmaceuticals,Europe,897,0.85,1.14,0,Medium,95.74
2024-12-12,DRUG003,Insulin Glargine 10ml,Pharmaceuticals,North America,1256,25.0,1.14,0,Medium,103.44
2024-12-12,DRUG003,Insulin Glargine 10ml,Pharmaceuticals,Europe,1321,25.0,1.0,0,High,104.15
2024-12-12,SUPP001,Surgical Masks Box,Medical Supplies,North America,367,10.0,1.16,0,Low,101.39
2024-12-12,SUPP001,Surgical Masks Box,Medical Supplies,Europe,1229,10.0,0.91,0,High,97.95
2024-12-12,SUPP002,Surgical Gloves Box,Medical Supplies,North America,1753,12.5,1.15,0,Medium,101.15
2024-12-12,SUPP002,Surgical Gloves Box,Medical Supplies,Europe,1334,12.5,1.1,0,Medium,102.46
2024-12-13,DRUG001,Atorvastatin 20mg,Pharmaceuticals,North America,931,1.25,0.94,0,Low,104.93
2024-12-13,DRUG001,Atorvastatin 20mg,Pharmaceuticals,Europe,1609,1.25,1.15,0,High,101.12
2024-12-13,DRUG002,Amoxicillin 500mg,Pharmaceuticals,North America,1026,0.85,0.98,0,Medium,102.75
2024-12-13,DRUG002,Amoxicillin 500mg,Pharmaceuticals,Europe,801,0.85,1.05,0,Low,100.4
2024-12-13,DRUG003,Insulin Glargine 10ml,Pharmaceuticals,North America,750,25.0,1.13,0,Low,98.44
2024-12-13,DRUG003,Insulin Glargine 10ml,Pharmaceuticals,Europe,737,25.0,1.09,0,High,102.46
2024-12-13,SUPP001,Surgical Masks Box,Medical Supplies,North America,477,10.0,0.94,0,Medium,101.78
2024-12-13,SUPP001,Surgical Masks Box,Medical Supplies,Europe,815,10.0,0.97,0,Low,102.98
2024-12-13,SUPP002,Surgical Gloves Box,Medical Supplies,North America,1113,12.5,0.92,0,Low,96.76
2024-12-13,SUPP002,Surgical Gloves Box,Medical Supplies,Europe,654,12.5,0.93,0,Low,103.26
2024-12-14,DRUG001,Atorvastatin 20mg,Pharmaceuticals,North America,956,1.25,1.08,0,Low,101.03
2024-12-14,DRUG001,Atorvastatin 20mg,Pharmaceuticals,Europe,971,1.25,1.13,0,Medium,96.47
2024-12-14,DRUG002,Amoxicillin 500mg,Pharmaceuticals,North America,680,0.85,1.19,0,Medium,101.99
2024-12-14,DRUG002,Amoxicillin 500mg,Pharmaceuticals,Europe,710,0.85,1.11,0,Low,99.13
2024-12-14,DRUG003,Insulin Glargine 10ml,Pharmaceuticals,North America,879,25.0,1.02,0,Low,98.05
2024-12-14,DRUG003,Insulin Glargine 10ml,Pharmaceuticals,Europe,942,25.0,1.09,0,High,102.91
2024-12-14,SUPP001,Surgical Masks Box,Medical Supplies,North America,1027,10.0,1.11,0,High,102.19
2024-12-14,SUPP001,Surgical Masks Box,Medical Supplies,Europe,1131,10.0,1.05,0,High,102.77
2024-12-14,SUPP002,Surgical Gloves Box,Medical Supplies,North America,948,12.5,0.99,0,High,103.93
2024-12-14,SUPP002,Surgical Gloves Box,Medical Supplies,Europe,1048,12.5,0.99,0,Low,99.1
2024-12-15,DRUG001,Atorvastatin 20mg,Pharmaceuticals,North America,1476,1.25,1.17,0,Medium,101.47
2024-12-15,DRUG001,Atorvastatin 20mg,Pharmaceuticals,Europe,976,1.25,1.0,1,High,97.96
2024-12-15,DRUG002,Amoxicillin 500mg,Pharmaceuticals,North America,528,0.85,1.05,0,Low,103.7
2024-12-15,DRUG002,Amoxicillin 500mg,Pharmaceuticals,Europe,1013,0.85,1.08,1,Low,103.31
2024-12-15,DRUG003,Insulin Glargine 10ml,Pharmaceuticals,North America,881,25.0,1.0,0,Medium,99.01
2024-12-15,DRUG003,Insulin Glargine 10ml,Pharmaceuticals,Europe,1094,25.0,1.17,0,Medium,101.52
2024-12-15,SUPP001,Surgical Masks Box,Medical Supplies,North America,558,10.0,1.07,0,Medium,101.84
2024-12-15,SUPP001,Surgical Masks Box,Medical Supplies,Europe,1203,10.0,0.98,0,Medium,104.87
2024-12-15,SUPP002,Surgical Gloves Box,Medical Supplies,North America,980,12.5,0.95,0,Low,102.37
2024-12-15,SUPP002,Surgical Gloves Box,Medical Supplies,Europe,923,12.5,1.16,0,Low,103.75
2024-12-16,DRUG001,Atorvastatin 20mg,Pharmaceuticals,North America,721,1.25,0.97,0,Low,101.66
2024-12-16,DRUG001,Atorvastatin 20mg,Pharmaceuticals,Europe,410,1.25,1.05,0,Low,100.06
2024-12-16,DRUG002,Amoxicillin 500mg,Pharmaceuticals,North America,1043,0.85,1.06,0,Low,95.83
2024-12-16,DRUG002,Amoxicillin 500mg,Pharmaceuticals,Europe,975,0.85,0.91,0,Low,104.64
2024-12-16,DRUG003,Insulin Glargine 10ml,Pharmaceuticals,North America,1141,25.0,0.99,0,High,103.03
2024-12-16,DRUG003,Insulin Glargine 10ml,Pharmaceuticals,Europe,841,25.0,1.09,0,High,100.93
2024-12-16,SUPP001,Surgical Masks Box,Medical Supplies,North America,1364,10.0,1.12,0,High,100.51
2024-12-16,SUPP001,Surgical Masks Box,Medical Supplies,Europe,1384,10.0,1.09,0,High,100.63
2024-12-16,SUPP002,Surgical Gloves Box,Medical Supplies,North America,1196,12.5,1.18,0,High,102.37
2024-12-16,SUPP002,Surgical Gloves Box,Medical Supplies,Europe,1028,12.5,0.91,0,Medium,100.83
2024-12-17,DRUG001,Atorvastatin 20mg,Pharmaceuticals,North America,709,1.25,1.15,0,Medium,104.21
2024-12-17,DRUG001,Atorvastatin 20mg,Pharmaceuticals,Europe,1202,1.25,1.14,0,Medium,104.53
2024-12-17,DRUG002,Amoxicillin 500mg,Pharmaceuticals,North America,1006,0.85,1.13,0,Medium,100.29
2024-12-17,DRUG002,Amoxicillin 500mg,Pharmaceuticals,Europe,865,0.85,1.1,0,Medium,100.96
2024-12-17,DRUG003,Insulin Glargine 10ml,Pharmaceuticals,North America,860,25.0,1.06,0,Medium,96.95
2024-12-17,DRUG003,Insulin Glargine 10ml,Pharmaceuticals,Europe,1258,25.0,1.04,0,Low,99.83
2024-12-17,SUPP001,Surgical Masks Box,Medical Supplies,North America,472,10.0,0.96,1,Low,103.92
2024-12-17,SUPP001,Surgical Masks Box,Medical Supplies,Europe,470,10.0,1.12,0,Medium,104.89
2024-12-17,SUPP002,Surgical Gloves Box,Medical Supplies,North America,734,12.5,1.04,0,High,104.16
2024-12-17,SUPP002,Surgical Gloves Box,Medical Supplies,Europe,1102,12.5,0.92,0,Low,104.96
2024-12-18,DRUG001,Atorvastatin 20mg,Pharmaceuticals,North America,1303,1.25,1.03,0,Low,104.12
2024-12-18,DRUG001,Atorvastatin 20mg,Pharmaceuticals,Europe,1047,1.25,1.04,0,Low,101.94
2024-12-18,DRUG002,Amoxicillin 500mg,Pharmaceuticals,North America,875,0.85,1.02,0,Low,96.84
2024-12-18,DRUG002,Amoxicillin 500mg,Pharmaceuticals,Europe,974,0.85,1.04,0,Medium,99.61
2024-12-18,DRUG003,Insulin Glargine 10ml,Pharmaceuticals,North America,921,25.0,1.15,0,Medium,99.19
2024-12-18,DRUG003,Insulin Glargine 10ml,Pharmaceuticals,Europe,911,25.0,1.19,0,High,99.91
2024-12-18,SUPP001,Surgical Masks Box,Medical Supplies,North America,496,10.0,1.01,1,Low,99.19
2024-12-18,SUPP001,Surgical Masks Box,Medical Supplies,Europe,749,10.0,1.13,0,Low,102.04
2024-12-18,SUPP002,Surgical Gloves Box,Medical Supplies,North America,666,12.5,0.98,0,Low,97.55
2024-12-18,SUPP002,Surgical Gloves Box,Medical Supplies,Europe,984,12.5,1.01,0,Medium,101.05
2024-12-19,DRUG001,Atorvastatin 20mg,Pharmaceuticals,North America,1244,1.25,1.16,0,Low,97.51
2024-12-19,DRUG001,Atorvastatin 20mg,Pharmaceuticals,Europe,1119,1.25,1.05,0,Low,97.88
2024-12-19,DRUG002,Amoxicillin 500mg,Pharmaceuticals,North America,993,0.85,1.03,0,Medium,99.14
2024-12-19,DRUG002,Amoxicillin 500mg,Pharmaceuticals,Europe,1018,0.85,0.93,1,Medium,102.26
2024-12-19,DRUG003,Insulin Glargine 10ml,Pharmaceuticals,North America,969,25.0,1.12,0,Medium,95.14
2024-12-19,DRUG003,Insulin Glargine 10ml,Pharmaceuticals,Europe,1153,25.0,0.94,0,Low,99.62
2024-12-19,SUPP001,Surgical Masks Box,Medical Supplies,North America,1696,10.0,0.93,0,Medium,101.58
2024-12-19,SUPP001,Surgical Masks Box,Medical Supplies,Europe,1130,10.0,0.91,0,Medium,95.69
2024-12-19,SUPP002,Surgical Gloves Box,Medical Supplies,North America,477,12.5,1.17,0,Low,103.98
2024-12-19,SUPP002,Surgical Gloves Box,Medical Supplies,Europe,738,12.5,1.0,0,Low,104.85
2024-12-20,DRUG001,Atorvastatin 20mg,Pharmaceuticals,North America,1136,1.25,0.92,0,Medium,97.85
2024-12-20,DRUG001,Atorvastatin 20mg,Pharmaceuticals,Europe,1328,1.25,1.09,0,High,97.81
2024-12-20,DRUG002,Amoxicillin 500mg,Pharmaceuticals,North America,1428,0.85,1.05,0,Low,102.34
2024-12-20,DRUG002,Amoxicillin 500mg,Pharmaceuticals,Europe,1120,0.85,1.18,0,Low,95.84
2024-12-20,DRUG003,Insulin Glargine 10ml,Pharmaceuticals,North America,1228,25.0,0.91,0,High,104.07
2024-12-20,DRUG003,Insulin Glargine 10ml,Pharmaceuticals,Europe,1615,25.0,1.06,0,High,98.99
2024-12-20,SUPP001,Surgical Masks Box,Medical Supplies,North America,1348,10.0,1.01,0,Low,99.28
2024-12-20,SUPP001,Surgical Masks Box,Medical Supplies,Europe,1469,10.0,1.04,0,Medium,97.81
2024-12-20,SUPP002,Surgical Gloves Box,Medical Supplies,North America,526,12.5,0.93,0,Low,95.13
2024-12-20,SUPP002,Surgical Gloves Box,Medical Supplies,Europe,931,12.5,0.97,0,Low,96.11
2024-12-21,DRUG001,Atorvastatin 20mg,Pharmaceuticals,North America,1042,1.25,0.92,0,Medium,100.4
2024-12-21,DRUG001,Atorvastatin 20mg,Pharmaceuticals,Europe,1154,1.25,0.92,0,High,100.72
2024-12-21,DRUG002,Amoxicillin 500mg,Pharmaceuticals,North America,523,0.85,0.94,0,High,95.49
2024-12-21,DRUG002,Amoxicillin 500mg,Pharmaceuticals,Europe,886,0.85,1.2,0,Medium,95.45
2024-12-21,DRUG003,Insulin Glargine 10ml,Pharmaceuticals,North America,848,25.0,1.1,0,Low,102.38
2024-12-21,DRUG003,Insulin Glargine 10ml,Pharmaceuticals,Europe,1780,25.0,0.91,0,Low,99.36
2024-12-21,SUPP001,Surgical Masks Box,Medical Supplies,North America,867,10.0,1.18,0,Medium,95.06
2024-12-21,SUPP001,Surgical Masks Box,Medical Supplies,Europe,1107,10.0,1.14,0,Low,104.16
2024-12-21,SUPP002,Surgical Gloves Box,Medical Supplies,North America,982,12.5,1.14,0,Medium,98.2
2024-12-21,SUPP002,Surgical Gloves Box,Medical Supplies,Europe,1258,12.5,0.95,0,Low,100.8
2024-12-22,DRUG001,Atorvastatin 20mg,Pharmaceuticals,North America,893,1.25,1.0,0,Low,103.47
2024-12-22,DRUG001,Atorvastatin 20mg,Pharmaceuticals,Europe,1139,1.25,1.01,0,Low,95.41
2024-12-22,DRUG002,Amoxicillin 500mg,Pharmaceuticals,North America,1733,0.85,0.91,0,Medium,102.99
2024-12-22,DRUG002,Amoxicillin 500mg,Pharmaceuticals,Europe,734,0.85,1.09,0,High,104.17
2024-12-22,DRUG003,Insulin Glargine 10ml,Pharmaceuticals,North America,1308,25.0,1.05,1,Medium,104.6
2024-12-22,DRUG003,Insulin Glargine 10ml,Pharmaceuticals,Europe,534,25.0,0.96,0,Medium,102.84
2024-12-22,SUPP001,Surgical Masks Box,Medical Supplies,North America,1198,10.0,1.11,0,Medium,99.67
2024-12-22,SUPP001,Surgical Masks Box,Medical Supplies,Europe,1128,10.0,1.02,0,Medium,96.47
2024-12-22,SUPP002,Surgical Gloves Box,Medical Supplies,North America,503,12.5,1.02,0,Low,103.01
2024-12-22,SUPP002,Surgical Gloves Box,Medical Supplies,Europe,885,12.5,1.13,0,Medium,101.09
2024-12-23,DRUG001,Atorvastatin 20mg,Pharmaceuticals,North America,934,1.25,0.98,0,Low,97.19
2024-12-23,DRUG001,Atorvastatin 20mg,Pharmaceuticals,Europe,1547,1.25,1.02,0,Medium,98.0
2024-12-23,DRUG002,Amoxicillin 500mg,Pharmaceuticals,North America,405,0.85,1.08,0,Medium,102.82
2024-12-23,DRUG002,Amoxicillin 500mg,Pharmaceuticals,Europe,683,0.85,1.02,0,Low,101.37
2024-12-23,DRUG003,Insulin Glargine 10ml,Pharmaceuticals,North America,919,25.0,1.02,0,Medium,99.6
2024-12-23,DRUG003,Insulin Glargine 10ml,Pharmaceuticals,Europe,483,25.0,1.09,0,Low,103.14
2024-12-23,SUPP001,Surgical Masks Box,Medical Supplies,North America,1300,10.0,0.94,0,Medium,103.57
2024-12-23,SUPP001,Surgical Masks Box,Medical Supplies,Europe,1222,10.0,1.17,0,Low,103.21
2024-12-23,SUPP002,Surgical Gloves Box,Medical Supplies,North America,1313,12.5,0.97,0,High,103.67
2024-12-23,SUPP002,Surgical Gloves Box,Medical Supplies,Europe,283,12.5,1.18,0,Medium,101.66
2024-12-24,DRUG001,Atorvastatin 20mg,Pharmaceuticals,North America,842,1.25,1.12,0,Low,95.21
2024-12-24,DRUG001,Atorvastatin 20mg,Pharmaceuticals,Europe,971,1.25,1.18,0,Medium,104.51
2024-12-24,DRUG002,Amoxicillin 500mg,Pharmaceuticals,North America,754,0.85,1.07,0,Low,103.51
2024-12-24,DRUG002,Amoxicillin 500mg,Pharmaceuticals,Europe,981,0.85,0.99,0,Medium,97.22
2024-12-24,DRUG003,Insulin Glargine 10ml,Pharmaceuticals,North America,769,25.0,1.0,0,Low,101.6
2024-12-24,DRUG003,Insulin Glargine 10ml,Pharmaceuticals,Europe,1009,25.0,0.92,0,Medium,99.3
2024-12-24,SUPP001,Surgical Masks Box,Medical Supplies,North America,1095,10.0,1.19,0,High,101.07
2024-12-24,SUPP001,Surgical Masks Box,Medical Supplies,Europe,1271,10.0,1.12,1,Medium,103.62
2024-12-24,SUPP002,Surgical Gloves Box,Medical Supplies,North America,1685,12.5,1.03,0,Medium,104.77
2024-12-24,SUPP002,Surgical Gloves Box,Medical Supplies,Europe,1288,12.5,1.14,0,Medium,98.48
2024-12-25,DRUG001,Atorvastatin 20mg,Pharmaceuticals,North America,850,1.25,0.9,0,High,97.69
2024-12-25,DRUG001,Atorvastatin 20mg,Pharmaceuticals,Europe,821,1.25,0.93,0,Low,99.51
2024-12-25,DRUG002,Amoxicillin 500mg,Pharmaceuticals,North America,747,0.85,1.17,0,Medium,101.26
2024-12-25,DRUG002,Amoxicillin 500mg,Pharmaceuticals,Europe,628,0.85,1.0,0,Medium,95.09
2024-12-25,DRUG003,Insulin Glargine 10ml,Pharmaceuticals,North America,1005,25.0,1.03,0,Low,96.57
2024-12-25,DRUG003,Insulin Glargine 10ml,Pharmaceuticals,Europe,990,25.0,1.14,0,Medium,97.95
2024-12-25,SUPP001,Surgical Masks Box,Medical Supplies,North America,1053,10.0,1.14,0,Medium,103.71
2024-12-25,SUPP001,Surgical Masks Box,Medical Supplies,Europe,1187,10.0,1.0,0,Medium,96.52
2024-12-25,SUPP002,Surgical Gloves Box,Medical Supplies,North America,889,12.5,1.12,1,High,103.0
2024-12-25,SUPP002,Surgical Gloves Box,Medical Supplies,Europe,1078,12.5,1.06,0,Medium,95.08
2024-12-26,DRUG001,Atorvastatin 20mg,Pharmaceuticals,North America,1063,1.25,0.9,1,Medium,97.58
2024-12-26,DRUG001,Atorvastatin 20mg,Pharmaceuticals,Europe,739,1.25,1.02,0,High,96.16
2024-12-26,DRUG002,Amoxicillin 500mg,Pharmaceuticals,North America,1120,0.85,1.08,0,Low,100.31
2024-12-26,DRUG002,Amoxicillin 500mg,Pharmaceuticals,Europe,1427,0.85,1.0,0,Low,96.36
2024-12-26,DRUG003,Insulin Glargine 10ml,Pharmaceuticals,North America,744,25.0,1.07,0,High,101.26
2024-12-26,DRUG003,Insulin Glargine 10ml,Pharmaceuticals,Europe,1074,25.0,1.2,0,Medium,95.26
2024-12-26,SUPP001,Surgical Masks Box,Medical Supplies,North America,781,10.0,1.08,0,Low,102.24
2024-12-26,SUPP001,Surgical Masks Box,Medical Supplies,Europe,1439,10.0,1.17,0,High,96.4
2024-12-26,SUPP002,Surgical Gloves Box,Medical Supplies,North America,937,12.5,1.0,0,Medium,101.61
2024-12-26,SUPP002,Surgical Gloves Box,Medical Supplies,Europe,659,12.5,1.19,0,Medium,99.49
2024-12-27,DRUG001,Atorvastatin 20mg,Pharmaceuticals,North America,996,1.25,1.09,0,High,100.62
2024-12-27,DRUG001,Atorvastatin 20mg,Pharmaceuticals,Europe,1086,1.25,1.1,0,Low,95.76
2024-12-27,DRUG002,Amoxicillin 500mg,Pharmaceuticals,North America,816,0.85,1.15,0,Low,100.94
2024-12-27,DRUG002,Amoxicillin 500mg,Pharmaceuticals,Europe,1268,0.85,1.09,0,High,96.6
2024-12-27,DRUG003,Insulin Glargine 10ml,Pharmaceuticals,North America,962,25.0,1.16,0,Low,100.73
2024-12-27,DRUG003,Insulin Glargine 10ml,Pharmaceuticals,Europe,1184,25.0,1.0,1,Low,95.47
2024-12-27,SUPP001,Surgical Masks Box,Medical Supplies,North America,1057,10.0,1.01,0,Low,96.84
2024-12-27,SUPP001,Surgical Masks Box,Medical Supplies,Europe,1811,10.0,1.12,0,Medium,104.69
2024-12-27,SUPP002,Surgical Gloves Box,Medical Supplies,North America,998,12.5,1.02,1,Medium,97.94
2024-12-27,SUPP002,Surgical Gloves Box,Medical Supplies,Europe,1307,12.5,1.07,1,High,97.81
2024-12-28,DRUG001,Atorvastatin 20mg,Pharmaceuticals,North America,1104,1.25,1.16,0,Medium,98.05
2024-12-28,DRUG001,Atorvastatin 20mg,Pharmaceuticals,Europe,928,1.25,1.1,1,Medium,99.14
2024-12-28,DRUG002,Amoxicillin 500mg,Pharmaceuticals,North America,927,0.85,1.13,0,Medium,95.39
2024-12-28,DRUG002,Amoxicillin 500mg,Pharmaceuticals,Europe,814,0.85,0.94,1,Low,95.79
2024-12-28,DRUG003,Insulin Glargine 10ml,Pharmaceuticals,North America,1131,25.0,1.01,0,High,104.89
2024-12-28,DRUG003,Insulin Glargine 10ml,Pharmaceuticals,Europe,1311,25.0,0.91,0,Low,103.32
2024-12-28,SUPP001,Surgical Masks Box,Medical Supplies,North America,1389,10.0,1.06,0,High,99.7
2024-12-28,SUPP001,Surgical Masks Box,Medical Supplies,Europe,720,10.0,1.15,0,Low,99.55
2024-12-28,SUPP002,Surgical Gloves Box,Medical Supplies,North America,0,12.5,1.14,0,High,100.14
2024-12-28,SUPP002,Surgical Gloves Box,Medical Supplies,Europe,919,12.5,0.97,0,High,95.56
2024-12-29,DRUG001,Atorvastatin 20mg,Pharmaceuticals,North America,1316,1.25,0.91,0,Low,102.74
2024-12-29,DRUG001,Atorvastatin 20mg,Pharmaceuticals,Europe,260,1.25,1.15,0,Medium,97.16
2024-12-29,DRUG002,Amoxicillin 500mg,Pharmaceuticals,North America,870,0.85,1.01,1,High,103.98
2024-12-29,DRUG002,Amoxicillin 500mg,Pharmaceuticals,Europe,1283,0.85,1.2,0,Medium,97.94
2024-12-29,DRUG003,Insulin Glargine 10ml,Pharmaceuticals,North America,979,25.0,0.92,1,Medium,97.45
2024-12-29,DRUG003,Insulin Glargine 10ml,Pharmaceuticals,Europe,514,25.0,0.99,1,Medium,99.21
2024-12-29,SUPP001,Surgical Masks Box,Medical Supplies,North America,718,10.0,0.92,0,Medium,98.59
2024-12-29,SUPP001,Surgical Masks Box,Medical Supplies,Europe,999,10.0,1.07,0,High,97.94
2024-12-29,SUPP002,Surgical Gloves Box,Medical Supplies,North America,1468,12.5,0.98,0,High,97.96
2024-12-29,SUPP002,Surgical Gloves Box,Medical Supplies,Europe,836,12.5,1.14,0,Low,99.56
2024-12-30,DRUG001,Atorvastatin 20mg,Pharmaceuticals,North America,1093,1.25,0.92,0,Medium,95.66
2024-12-30,DRUG001,Atorvastatin 20mg,Pharmaceuticals,Europe,938,1.25,1.12,0,Medium,103.27
2024-12-30,DRUG002,Amoxicillin 500mg,Pharmaceuticals,North America,946,0.85,0.98,0,Low,104.64
2024-12-30,DRUG002,Amoxicillin 500mg,Pharmaceuticals,Europe,392,0.85,1.03,0,Low,97.88
2024-12-30,DRUG003,Insulin Glargine 10ml,Pharmaceuticals,North America,1196,25.0,1.02,0,Low,102.78
2024-12-30,DRUG003,Insulin Glargine 10ml,Pharmaceuticals,Europe,1081,25.0,0.92,0,High,102.86
2024-12-30,SUPP001,Surgical Masks Box,Medical Supplies,North America,1073,10.0,0.98,0,Medium,95.05
2024-12-30,SUPP001,Surgical Masks Box,Medical Supplies,Europe,1384,10.0,1.04,0,Low,101.21
2024-12-30,SUPP002,Surgical Gloves Box,Medical Supplies,North America,705,12.5,1.03,1,High,99.11
2024-12-30,SUPP002,Surgical Gloves Box,Medical Supplies,Europe,1131,12.5,1.0,0,Low,97.97
2024-12-31,DRUG001,Atorvastatin 20mg,Pharmaceuticals,North America,843,1.25,0.94,0,Medium,99.25
2024-12-31,DRUG001,Atorvastatin 20mg,Pharmaceuticals,Europe,1328,1.25,1.11,0,Medium,100.02
2024-12-31,DRUG002,Amoxicillin 500mg,Pharmaceuticals,North America,668,0.85,0.98,0,Low,104.92
2024-12-31,DRUG002,Amoxicillin 500mg,Pharmaceuticals,Europe,1225,0.85,1.02,1,Low,97.04
2024-12-31,DRUG003,Insulin Glargine 10ml,Pharmaceuticals,North America,404,25.0,1.09,0,High,99.32
2024-12-31,DRUG003,Insulin Glargine 10ml,Pharmaceuticals,Europe,1228,25.0,1.07,0,Medium,101.55
2024-12-31,SUPP001,Surgical Masks Box,Medical Supplies,North America,541,10.0,1.08,1,Low,102.99
2024-12-31,SUPP001,Surgical Masks Box,Medical Supplies,Europe,789,10.0,1.06,0,High,101.06
2024-12-31,SUPP002,Surgical Gloves Box,Medical Supplies,North America,1016,12.5,0.97,0,High,103.41
2024-12-31,SUPP002,Surgical Gloves Box,Medical Supplies,Europe,1385,12.5,0.96,0,Medium,100.72
